"ID","Type","SKU","Name","Published","Is featured?","Visibility in catalog","Short description","Description","Date sale price starts","Date sale price ends","Tax status","Tax class","In stock?","Stock","Low stock amount","Backorders allowed?","Sold individually?","Weight (kg)","Length (cm)","Width (cm)","Height (cm)","Allow customer reviews?","Purchase note","Sale price","Regular price","Categories","Tags","Shipping class","Images","Download limit","Download expiry days","Parent","Grouped products","Upsells","Cross-sells","External URL","Button text","Position","Brands","meta:_source_product_id","meta:_source_url"
"","simple","18033","Ecco 6,2kva Hybrid Inverter","1","0","visible","<p>The 6.2kVA Ecco Hybrid Inverter is designed to meet the growing demand for reliable renewable energy. Since it supports a strong 6.2kVA capacity, it provides ample power for residential and small commercial setups. Consequently, users enjoy stable electricity while reducing dependency on the grid.</p>","<h2>Description</h2>
<h2>Advanced Power for Modern Energy Needs:6.2kVA Ecco Hybrid Inverter</h2>
<p>The 6.2kVA Ecco Hybrid Inverter is designed to meet the growing demand for reliable renewable energy. Since it supports a strong 6.2kVA capacity, it provides ample power for residential and small commercial setups. Consequently, users enjoy stable electricity while reducing dependency on the grid.</p>
<h2>⚡ Smart Hybrid Functionality</h2>
<p>Unlike conventional inverters, the 6.2kVA Ecco Hybrid Inverter seamlessly integrates solar power, battery storage, and grid supply. Because of this hybrid functionality, it automatically balances energy sources for maximum efficiency. Therefore, households and businesses benefit from uninterrupted power and reduced utility costs.</p>
<h2>🌞 High Efficiency for Maximum Savings:6.2kVA Ecco Hybrid Inverter</h2>
<p>The 6.2kVA Ecco Hybrid Inverter is engineered for superior energy conversion efficiency. As a result, it ensures more solar power gets transformed into usable electricity. Moreover, its intelligent monitoring system allows users to track performance in real time, ensuring maximum savings and smarter energy management.</p>
<h2>🛡️ Built for Durability and Reliability</h2>
<p>Constructed with robust components, the 6.2kVA Ecco  Inverter withstands voltage fluctuations and environmental challenges. Since it offers strong overload protection and advanced cooling features, it guarantees long service life. Consequently, it provides both peace of mind and dependable energy security.</p>
<h2>🏡 Perfect for Homes and Small Businesses</h2>
<p>The 6.2kVA Ecco Inverter suits diverse applications, from powering family homes to supporting small business operations. Because it adapts easily to different system designs, it offers unmatched versatility. Therefore, users gain a long-lasting energy solution that grows with their needs.</p>
<h2>🌟 Key Benefits of 6.2kVA Ecco Hybrid Inverter</h2>
<p>⚡ 6.2kVA capacity delivers strong and reliable power supply</p>
<p>🔋 Hybrid functionality integrates solar, battery, and grid effortlessly</p>
<p>🌞 High efficiency maximizes solar energy usage and savings</p>
<p>🛡️ Durable design ensures stability and long service life</p>
<p>📊 Smart monitoring enables real-time performance tracking</p>
<p>🏡 Versatile applications suit both homes and businesses</p>","","","taxable","","1","","","0","0","","","","","1","","","5300.00","Inverters","Ecco, Inverters","","https://sasolarexperts.co.za/wp-content/uploads/2023/12/Inverters-Ecco-62kva-Hybrid-Inverter.png","","","","","","","","","0","ecco","535","https://sasolarexperts.co.za/product/ecco-62kva-hybrid-inverter/"
"","simple","17253","Luxpower 12kw single phase eco hybrid inverter (sna12000)","1","0","visible","<p data-start=""620"" data-end=""777"">The <strong data-start=""624"" data-end=""674"">LuxPower 12kW Single Phase Eco Hybrid Inverter</strong> is designed for homes and businesses seeking stable, uninterrupted, and intelligent energy management.</p>
<p data-start=""779"" data-end=""916"">Because it provides up to 12kW output, it supports heavy residential loads or commercial setups with consistent and powerful performance.</p>
<p data-start=""918"" data-end=""1040"">Additionally, it accepts up to 24kW PV input via dual MPPTs, making it ideal for larger rooftop solar panel installations.</p>
<p data-start=""1042"" data-end=""1182"">With advanced Eco Hybrid Technology, the inverter integrates solar, grid, and battery power into one reliable, seamless power supply system.</p>","<p data-start=""620"" data-end=""777"">The <strong data-start=""624"" data-end=""674"">LuxPower 12kW Single Phase Eco Hybrid Inverter</strong> is designed for homes and businesses seeking stable, uninterrupted, and intelligent energy management.</p>
<p data-start=""779"" data-end=""916"">Because it provides up to 12kW output, it supports heavy residential loads or commercial setups with consistent and powerful performance.</p>
<p data-start=""918"" data-end=""1040"">Additionally, it accepts up to 24kW PV input via dual MPPTs, making it ideal for larger rooftop solar panel installations.</p>
<p data-start=""1042"" data-end=""1182"">With advanced Eco Hybrid Technology, the inverter integrates solar, grid, and battery power into one reliable, seamless power supply system.</p>
<p data-start=""1184"" data-end=""1333"">Moreover, it manages battery storage automatically using its Energy Management System (EMS) for efficiency and intelligent load shifting when needed.</p>
<p data-start=""1335"" data-end=""1485"">The <strong data-start=""1339"" data-end=""1389"">LuxPower 12kW Single Phase Eco Hybrid Inverter</strong> works with LiFePO4, lithium-ion, and lead-acid batteries for flexible energy storage solutions.</p>
<p data-start=""1487"" data-end=""1616"">It allows multiple battery strings, offering scalable capacity as your household or commercial energy demand increases over time.</p>
<p data-start=""1618"" data-end=""1758"">In off-grid mode, it automatically starts and stops generators when necessary, ensuring uninterrupted power supply even during long outages.</p>
<p data-start=""1760"" data-end=""1909"">Furthermore, it features an IP65-rated enclosure, suitable for indoor and outdoor installations in tough environments and extreme weather conditions.</p>
<p data-start=""1911"" data-end=""2045"">Thanks to the built-in LCD screen, users can monitor system performance, power flow, and errors without accessing the cloud interface.</p>
<p data-start=""2047"" data-end=""2163"">However, remote monitoring is also supported via Wi-Fi and mobile apps, giving users full control wherever they are.</p>
<p data-start=""2165"" data-end=""2325"">The <strong data-start=""2169"" data-end=""2219"">LuxPower 12kW Single Phase Eco Hybrid Inverter</strong> includes full protection against over-voltage, short-circuiting, and temperature surges for added safety.</p>
<p data-start=""2327"" data-end=""2459"">Unlike conventional inverters, it offers dual AC outputs and a dedicated generator port for multiple load and backup configurations.</p>
<p data-start=""2461"" data-end=""2581"">Because it runs at a peak efficiency of 98.6%, users benefit from low conversion losses and higher solar energy returns.</p>
<p data-start=""2583"" data-end=""2711"">With intelligent MPPT tracking, this inverter maximizes yield during changing sunlight or shading conditions throughout the day.</p>
<p data-start=""2713"" data-end=""2852"">It is fully compliant with international safety standards, making it suitable for residential, rural, and commercial applications globally.</p>
<hr data-start=""2854"" data-end=""2857"" />
<h3 data-start=""2859"" data-end=""2882"">🌟 <strong data-start=""2866"" data-end=""2882"">Key Benefits</strong></h3>
<ul data-start=""2884"" data-end=""3403"">
<li data-start=""2884"" data-end=""2921"">
<p data-start=""2886"" data-end=""2921"">Handles up to 24kW solar PV input</p>
</li>
<li data-start=""2922"" data-end=""2980"">
<p data-start=""2924"" data-end=""2980"">12kW high output for larger homes and small businesses</p>
</li>
<li data-start=""2981"" data-end=""3028"">
<p data-start=""2983"" data-end=""3028"">Dual MPPT design with four PV input strings</p>
</li>
<li data-start=""3029"" data-end=""3090"">
<p data-start=""3031"" data-end=""3090"">Full generator support with auto-start and stop functions</p>
</li>
<li data-start=""3091"" data-end=""3153"">
<p data-start=""3093"" data-end=""3153"">Works off-grid and on-grid for complete energy flexibility</p>
</li>
<li data-start=""3154"" data-end=""3206"">
<p data-start=""3156"" data-end=""3206"">EMS optimizes storage, solar, and grid power use</p>
</li>
<li data-start=""3207"" data-end=""3251"">
<p data-start=""3209"" data-end=""3251"">LCD screen for on-site status monitoring</p>
</li>
<li data-start=""3252"" data-end=""3301"">
<p data-start=""3254"" data-end=""3301"">Wi-Fi for mobile app or web portal monitoring</p>
</li>
<li data-start=""3302"" data-end=""3352"">
<p data-start=""3304"" data-end=""3352"">Compatible with all major battery technologies</p>
</li>
<li data-start=""3353"" data-end=""3403"">
<p data-start=""3355"" data-end=""3403"">IP65-rated enclosure for outdoor installations</p>
</li>
</ul>","","","taxable","","1","","","0","0","","","","","1","","16374.00","22000.00","Inverters","Inverters, LuxPower","","https://sasolarexperts.co.za/wp-content/uploads/2023/12/luxpower-14kw-eco.webp, https://sasolarexperts.co.za/wp-content/uploads/2023/12/TOPLINK-LOGO-768x768-1.png","","","","","","","","","0","Luxpower","539","https://sasolarexperts.co.za/product/luxpower-12kw-single-phase-eco-hybrid-inverter-sna12000/"
"","simple","17770","16kw Sunsynk 48v Single Phase Inverter","1","0","visible","<p data-start=""623"" data-end=""872"">The <strong data-start=""627"" data-end=""669"">16kW Sunsynk 48V Single Phase Inverter</strong> is built to deliver superior energy performance for large homes and commercial setups. Because of its powerful 16kW capacity, it easily handles large appliances, air conditioners, and high-demand loads.</p>
<p data-start=""874"" data-end=""1112"">","<h2>Description</h2>
<h3 data-start=""518"" data-end=""621""><strong data-start=""524"" data-end=""621"">16kW Sunsynk 48V Single Phase Inverter – High Power, Flexible Energy for Homes and Businesses</strong></h3>
<p data-start=""623"" data-end=""872"">The <strong data-start=""627"" data-end=""669"">16kW Sunsynk 48V Single Phase Inverter</strong> is built to deliver superior energy performance for large homes and commercial setups. Because of its powerful 16kW capacity, it easily handles large appliances, air conditioners, and high-demand loads.</p>
<p data-start=""874"" data-end=""1112"">Moreover, this inverter supports hybrid, off-grid, and grid-tied installations. Therefore, it adapts to almost any solar energy system. Thanks to its advanced dual MPPTs, it optimizes solar power harvest under varying sunlight conditions.</p>
<p data-start=""1114"" data-end=""1298"">Also, it uses a 48V battery system, which is safer and more efficient for home use. This voltage level improves energy conversion and reduces heat loss during charging and discharging.</p>
<p data-start=""1300"" data-end=""1531"">Additionally, the inverter includes a smart Battery Management System (BMS) that protects your batteries from overcharging, deep discharge, and overheating. As a result, battery life is extended, and performance remains consistent.</p>
<p data-start=""1533"" data-end=""1721"">Thanks to the integrated Wi-Fi and mobile app, you can monitor and manage your system in real-time. You can check your load, battery status, solar input, and power usage anytime, anywhere.</p>
<p data-start=""1723"" data-end=""1901"">Furthermore, the unit supports generator input and automatic transfer switching. Therefore, it guarantees a smooth and uninterrupted power supply during outages or load shedding.</p>
<p data-start=""1903"" data-end=""2072"">Because of its flexible system design, you can connect multiple units in parallel for even higher energy demands. This means your system can grow as your needs increase.</p>
<p data-start=""2074"" data-end=""2254"">Even under tough weather or temperature fluctuations, this inverter performs reliably. Its rugged construction ensures long-term durability in both indoor and outdoor environments.</p>
<p data-start=""2256"" data-end=""2384"">If you’re looking for a powerful, smart, and flexible inverter for your solar setup, the 16kW Sunsynk 48V is the ideal solution.</p>
<hr data-start=""2386"" data-end=""2389"" />
<h3 data-start=""2391"" data-end=""2414"">✅ <strong data-start=""2397"" data-end=""2414"">Key Benefits:</strong></h3>
<ul data-start=""2416"" data-end=""3004"">
<li data-start=""2416"" data-end=""2474"">
<p data-start=""2418"" data-end=""2474"">16kW single-phase power – handles high loads with ease</p>
</li>
<li data-start=""2475"" data-end=""2530"">
<p data-start=""2477"" data-end=""2530"">48V system – safe, efficient, and widely compatible</p>
</li>
<li data-start=""2531"" data-end=""2593"">
<p data-start=""2533"" data-end=""2593"">Hybrid-ready – supports grid-tied, off-grid, or backup use</p>
</li>
<li data-start=""2594"" data-end=""2656"">
<p data-start=""2596"" data-end=""2656"">Dual MPPTs – maximum solar efficiency from multiple arrays</p>
</li>
<li data-start=""2657"" data-end=""2710"">
<p data-start=""2659"" data-end=""2710"">Smart BMS – protects and extends battery lifespan</p>
</li>
<li data-start=""2711"" data-end=""2771"">
<p data-start=""2713"" data-end=""2771"">Real-time monitoring – manage your energy via app or web</p>
</li>
<li data-start=""2772"" data-end=""2823"">
<p data-start=""2774"" data-end=""2823"">Parallel support – expand your system as needed</p>
</li>
<li data-start=""2824"" data-end=""2879"">
<p data-start=""2826"" data-end=""2879"">Generator input – seamless backup power integration</p>
</li>
<li data-start=""2880"" data-end=""2946"">
<p data-start=""2882"" data-end=""2946"">Automatic switching – uninterrupted power during load shedding</p>
</li>
<li data-start=""2947"" data-end=""3004"">
<p data-start=""2949"" data-end=""3004"">Durable design – ideal for South African environments</p>
</li>
</ul>","","","taxable","","1","","","0","0","","","","","1","","","36900.00","Inverters","Inverters, Sunsynk","","https://sasolarexperts.co.za/wp-content/uploads/2026/03/16kw-Sunsynk-48v-Single-Phase-Inverter.webp, https://sasolarexperts.co.za/wp-content/uploads/2023/12/Inverters-16kw-Sunsynk-48v-Single-Phase-Inverter-image-2.webp, https://sasolarexperts.co.za/wp-content/uploads/2023/12/Inverters-16kw-Sunsynk-48v-Single-Phase-Inverter-image-3.webp, https://sasolarexperts.co.za/wp-content/uploads/2023/12/Inverters-16kw-Sunsynk-48v-Single-Phase-Inverter.webp","","","","","","","","","0","Sunsynk","540","https://sasolarexperts.co.za/product/16kw-sunsynk-48v-single-phase-inverter/"
"","simple","17736","3.6kva 3600w Must Hybrid inverter 60A","1","0","visible","<p><strong>MUST 3KW 60A MPPT Solar Hybrid Inverter: Your Gateway to Efficient and Sustainable Power</strong></p>
<ul>
<li>
<p data-start=""618"" data-end=""853"">The <strong data-start=""622"" data-end=""665"">Must 3KW 60A MPPT Solar Hybrid Inverter</strong> is an all-in-one power solution for off-grid solar applications.<br data-start=""730"" data-end=""733"" />Because of its compact size and integrated features, it’s perfect for homes, lodges, farms, and light commercial setups.</p>
<p data-start=""855"" data-end=""1109"">This inverter delivers <strong data-start=""878"" data-end=""913"">3,000W of pure sine wave output</strong>, which ensures safe operation for sensitive electronics and appliances.<br data-start=""985"" data-end=""988"" />Moreover, its built-in <strong data-start=""1011"" data-end=""1047"">60A MPPT solar charge controller</strong> provides efficient solar charging with high conversion rates</p>
</li>
</ul>","<p><strong>MUST 3KW 60A MPPT Solar Hybrid Inverter: Your Gateway to Efficient and Sustainable Power</strong></p>
<ul>
<li>
<p data-start=""618"" data-end=""853"">The <strong data-start=""622"" data-end=""665"">Must 3KW 60A MPPT Solar Hybrid Inverter</strong> is an all-in-one power solution for off-grid solar applications.<br data-start=""730"" data-end=""733"" />Because of its compact size and integrated features, it’s perfect for homes, lodges, farms, and light commercial setups.</p>
<p data-start=""855"" data-end=""1109"">This inverter delivers <strong data-start=""878"" data-end=""913"">3,000W of pure sine wave output</strong>, which ensures safe operation for sensitive electronics and appliances.<br data-start=""985"" data-end=""988"" />Moreover, its built-in <strong data-start=""1011"" data-end=""1047"">60A MPPT solar charge controller</strong> provides efficient solar charging with high conversion rates.</p>
<p data-start=""1111"" data-end=""1306"">Thanks to advanced MPPT technology, it tracks maximum solar output in real-time, even under variable sunlight conditions.<br data-start=""1232"" data-end=""1235"" />As a result, your solar system runs efficiently from sunrise to sunset.</p>
<p data-start=""1308"" data-end=""1500"">The unit supports <strong data-start=""1326"" data-end=""1353"">multiple energy sources</strong>, including solar panels, batteries, and AC mains input.<br data-start=""1409"" data-end=""1412"" />Therefore, it offers seamless switching between sources to maintain uninterrupted power.</p>
<p data-start=""1502"" data-end=""1748"">In addition, the inverter features an LCD display that shows system status, battery levels, and charging performance clearly.<br data-start=""1627"" data-end=""1630"" />Furthermore, its user-friendly interface allows easy configuration and monitoring without the need for external tools.</p>
<p data-start=""1750"" data-end=""1953"">Because of its built-in battery charger, it also supports charging from utility power when solar energy is low.<br data-start=""1861"" data-end=""1864"" />This ensures your battery bank stays full even on cloudy days or during high load demand.</p>
<p data-start=""1955"" data-end=""2173"">It works well with <strong data-start=""1974"" data-end=""1995"">24V battery banks</strong>, and its smart protection features guard against overload, short circuit, and overtemperature.<br data-start=""2090"" data-end=""2093"" />Thus, you get peace of mind with stable performance and extended component life.</p>
<p data-start=""2175"" data-end=""2371"">With rising electricity costs and frequent power interruptions, the Must 3KW inverter is a smart investment.<br data-start=""2283"" data-end=""2286"" />Ultimately, it brings energy independence and reliable backup at an affordable price.</p>
<hr data-start=""2373"" data-end=""2376"" />
<h3 data-section-id=""1xgcve"" data-start=""2378"" data-end=""2403"">✅ <strong data-start=""2384"" data-end=""2401"">Key Benefits:</strong></h3>
<ul data-start=""2404"" data-end=""2966"">
<li data-start=""2404"" data-end=""2476"">
<p data-start=""2406"" data-end=""2476""><strong data-start=""2406"" data-end=""2420"">3KW Output</strong> – Powers home essentials and small business equipment</p>
</li>
<li data-start=""2477"" data-end=""2554"">
<p data-start=""2479"" data-end=""2554""><strong data-start=""2479"" data-end=""2502"">60A MPPT Controller</strong> – Efficient solar harvesting and battery charging</p>
</li>
<li data-start=""2555"" data-end=""2616"">
<p data-start=""2557"" data-end=""2616""><strong data-start=""2557"" data-end=""2572"">Hybrid Mode</strong> – Supports solar, battery, and grid input</p>
</li>
<li data-start=""2617"" data-end=""2677"">
<p data-start=""2619"" data-end=""2677""><strong data-start=""2619"" data-end=""2637"">Pure Sine Wave</strong> – Safe for electronics and appliances</p>
</li>
<li data-start=""2678"" data-end=""2729"">
<p data-start=""2680"" data-end=""2729""><strong data-start=""2680"" data-end=""2695"">LCD Display</strong> – Easy to monitor and configure</p>
</li>
<li data-start=""2730"" data-end=""2810"">
<p data-start=""2732"" data-end=""2810""><strong data-start=""2732"" data-end=""2751"">Battery Charger</strong> – Keeps batteries charged from utility power when needed</p>
</li>
<li data-start=""2811"" data-end=""2881"">
<p data-start=""2813"" data-end=""2881""><strong data-start=""2813"" data-end=""2836"">24V Battery Support</strong> – Ideal for small- to medium-scale systems</p>
</li>
<li data-start=""2882"" data-end=""2966"">
<p data-start=""2884"" data-end=""2966""><strong data-start=""2884"" data-end=""2905"">Smart Protections</strong> – Includes overload, short circuit, and thermal protection</p>
</li>
</ul>
</li>
</ul>","","","taxable","","1","","","0","0","","","","","1","","","3670.00","Inverters","Inverters, Must","","https://sasolarexperts.co.za/wp-content/uploads/2023/12/WhatsApp-Image-2025-12-20-at-10.43.18-768x768-1.jpeg, https://sasolarexperts.co.za/wp-content/uploads/2023/12/3kwMust-1-768x768-1.webp","","","","","","","","","0","Must","543","https://sasolarexperts.co.za/product/3-6kva-3600w-must-hybrid-inverter-60a/"
"","simple","17929","20kw Deye Hybrid Inverter 3 Phase (Low Voltage)","1","0","visible","<h2>20kw Deye Hybrid Inverter 3 Phase (Low Voltage)</h2>
<p>The 20kW Deye Hybrid Inverter (3 Phase, Low Voltage) is a powerful solution for demanding solar energy applications.<br />
Whether you need power for a large home or commercial site, this inverter performs with reliability and high efficiency.<br />
Because it supports low-voltage 48V lithium batteries, it is compatible with many popular battery brands like Sunsynk and SVolt.</p>
<p>Moreover, this inverter provides true hybrid functionality — meaning it manages solar, grid, and battery energy effortlessly.</p>","<h2>20kw Deye Hybrid Inverter 3 Phase (Low Voltage)</h2>
<p>The 20kW Deye Hybrid Inverter (3 Phase, Low Voltage) is a powerful solution for demanding solar energy applications.<br />
Whether you need power for a large home or commercial site, this inverter performs with reliability and high efficiency.<br />
Because it supports low-voltage 48V lithium batteries, it is compatible with many popular battery brands like Sunsynk and SVolt.</p>
<p>Moreover, this inverter provides true hybrid functionality — meaning it manages solar, grid, and battery energy effortlessly.<br />
As a result, you can store excess solar energy and use it during grid outages or peak-demand hours.<br />
With a max PV input of 26,000W and dual MPPTs, you can install multiple solar panel strings with high performance.</p>
<p>Thanks to its 3-phase output, this unit balances heavy loads across phases, improving stability in larger energy systems.<br />
Additionally, it supports parallel operation with up to 16 units, making it scalable for future expansion.<br />
Not only is it suitable for hybrid systems, but it also works efficiently in off-grid or grid-tied configurations.</p>
<p>Furthermore, its built-in smart features include remote monitoring, time-of-use settings, and programmable charge/discharge schedules.<br />
These functions allow you to reduce your electricity bills and optimise self-consumption.<br />
Because of its robust design, it handles harsh South African conditions, including high temperatures and unstable grid supply.</p>
<p>In addition, this inverter has a comprehensive protection system for overvoltage, short circuits, and overheating.<br />
Therefore, it ensures safe and consistent performance, even under high demand.<br />
Whether you’re powering offices, farms, workshops, or homes, this inverter delivers consistent power with minimal downtime.</p>
<p>🌟 Key Benefits:<br />
20kW power output – supports large homes and commercial installations</p>
<p>48V low-voltage battery support – works with Sunsynk, SVolt, Shoto, etc.</p>
<p>3-phase output – balances power efficiently across phases</p>
<p>Dual MPPT – flexible solar array configurations</p>
<p>26kW max PV input – ideal for large solar systems</p>
<p>Parallel capability – up to 16 units in sync</p>
<p>Remote monitoring – control via Wi-Fi or app</p>
<p>Smart energy management – set load priorities and usage times</p>
<p>Full protection – overvoltage, short circuit, and thermal safeguards</p>
<h1>Suitable for hybrid, off-grid, or grid-tied systems</h1>","","","taxable","","1","","","0","0","","","","","1","","","48900.00","Inverters","Deye, Inverters","","https://sasolarexperts.co.za/wp-content/uploads/2023/12/WhatsApp-Image-2025-12-20-at-10.26.04-768x853-removebg-preview.png, https://sasolarexperts.co.za/wp-content/uploads/2023/12/deye_5black-2-768x768-1.jpg","","","","","","","","","0","Deye, Inverters","545","https://sasolarexperts.co.za/product/20kw-deye-hybrid-inverter-3-phase-low-voltage/"
"","simple","17587","Lithium Battery 2.71kwh SVolt 25.6v 106ah","1","0","visible","<p data-start=""823"" data-end=""1081"">The <strong data-start=""827"" data-end=""872"">2.71kWh SVOLT Lithium Battery 25.6V 106Ah</strong> is the ideal storage choice for compact solar systems, backup setups, and off-grid applications. Because of its smaller footprint and lighter weight, it fits easily into home or small business energy systems.</p>
<p data-start=""1083"" data-end=""1422"">This battery uses <strong data-start=""1101"" data-end=""1122"">LiFePO4 chemistry</strong>, which is known for its stability and safety. Therefore, it provides more than 6,000 cycles of reliable energy without performance degradation. Moreover, the battery’s internal <strong data-start=""1300"" data-end=""1335"">Battery Management System (BMS)</strong> ensures protection from overcharging, deep discharge, short circuits, and overheating.</p>","<h2>Description</h2>
<p data-start=""823"" data-end=""1081"">The <strong data-start=""827"" data-end=""872"">2.71kWh SVOLT Lithium Battery 25.6V 106Ah</strong> is the ideal storage choice for compact solar systems, backup setups, and off-grid applications. Because of its smaller footprint and lighter weight, it fits easily into home or small business energy systems.</p>
<p data-start=""1083"" data-end=""1422"">This battery uses <strong data-start=""1101"" data-end=""1122"">LiFePO4 chemistry</strong>, which is known for its stability and safety. Therefore, it provides more than 6,000 cycles of reliable energy without performance degradation. Moreover, the battery’s internal <strong data-start=""1300"" data-end=""1335"">Battery Management System (BMS)</strong> ensures protection from overcharging, deep discharge, short circuits, and overheating.</p>
<p data-start=""1424"" data-end=""1706"">Thanks to its <strong data-start=""1438"" data-end=""1463"">25.6V nominal voltage</strong>, the 2.71kWh SVOLT Lithium Battery 25.6V 106Ah works well with 24V inverters and charge controllers. In fact, it’s compatible with many brands including Sunsynk, Victron, Growatt, and Deye. Thus, integration into existing systems is seamless.</p>
<p data-start=""1708"" data-end=""1998"">Furthermore, this model features <strong data-start=""1741"" data-end=""1776"">a strong, wall-mountable design</strong> that saves floor space. Whether you’re upgrading or building from scratch, installation is straightforward. Also, because of its <strong data-start=""1906"" data-end=""1931"">modular expandability</strong>, you can easily add more units to increase capacity in the future.</p>
<p data-start=""2000"" data-end=""2226"">This battery is not only efficient but also energy dense. Even with its smaller size, it delivers high performance. For backup solutions, this battery ensures critical appliances remain powered during load shedding or outages.</p>
<p data-start=""2228"" data-end=""2429"">Additionally, the <strong data-start=""2246"" data-end=""2291"">2.71kWh SVOLT Lithium Battery 25.6V 106Ah</strong> is a cost-effective investment. You gain energy independence, reduce your reliance on the grid, and lower your monthly electricity costs.</p>
<hr data-start=""2431"" data-end=""2434"" />
<h3 data-section-id=""14wc9m2"" data-start=""2436"" data-end=""2459"">✅ <strong data-start=""2442"" data-end=""2459"">Key Benefits:</strong></h3>
<ul data-start=""2461"" data-end=""3030"">
<li data-start=""2461"" data-end=""2538"">
<p data-start=""2463"" data-end=""2538""><strong data-start=""2463"" data-end=""2491"">Compact 2.71kWh capacity</strong> – perfect for small systems and backup needs</p>
</li>
<li data-start=""2539"" data-end=""2599"">
<p data-start=""2541"" data-end=""2599""><strong data-start=""2541"" data-end=""2563"">LiFePO4 technology</strong> – safe, durable, and long-lasting</p>
</li>
<li data-start=""2600"" data-end=""2665"">
<p data-start=""2602"" data-end=""2665""><strong data-start=""2602"" data-end=""2623"">Over 6,000 cycles</strong> – dependable performance for many years</p>
</li>
<li data-start=""2666"" data-end=""2756"">
<p data-start=""2668"" data-end=""2756""><strong data-start=""2668"" data-end=""2692"">Smart BMS protection</strong> – safeguards against voltage, temperature, and current issues</p>
</li>
<li data-start=""2757"" data-end=""2828"">
<p data-start=""2759"" data-end=""2828""><strong data-start=""2759"" data-end=""2775"">25.6V system</strong> – suitable for 24V inverters and solar controllers</p>
</li>
<li data-start=""2829"" data-end=""2882"">
<p data-start=""2831"" data-end=""2882""><strong data-start=""2831"" data-end=""2845"">Expandable</strong> – add units as energy demands grow</p>
</li>
<li data-start=""2883"" data-end=""2947"">
<p data-start=""2885"" data-end=""2947""><strong data-start=""2885"" data-end=""2903"">Wall-mountable</strong> – saves space and simplifies installation</p>
</li>
<li data-start=""2948"" data-end=""3030"">
<p data-start=""2950"" data-end=""3030""><strong data-start=""2950"" data-end=""2973"">Brand compatibility</strong> – works with Sunsynk, Victron, Deye, Growatt, and more</p>
</li>
</ul>","","","taxable","","1","","","0","0","","","","","1","","","7000.00","Lithium Batteries","Lithium Battery, svolt","","https://sasolarexperts.co.za/wp-content/uploads/2023/12/Lithium-Battery-2.71kwh-SVolt-25.6v-106ah.jpeg, https://sasolarexperts.co.za/wp-content/uploads/2023/12/Lithium-Battery-2.71kwh-SVolt-25.6v-106ah.png","","","","","","","","","0","SVolt","552","https://sasolarexperts.co.za/product/lithium-battery-2-71kwh-svolt-25-6v-106ah/"
"","simple","3250","12v 100ah 1280wh Sinotec Lithium Battery LiFePO4","1","0","visible","<h2>Dependable Power Storage for Solar and Backup Systems</h2>
<p>The 12V 100Ah 2.56kWh Sinotec Lithium Battery LiFePO4 provides outstanding energy storage for both residential and commercial applications. Since it uses advanced LiFePO4 technology, it ensures superior stability and efficiency compared to traditional lead-acid batteries. Therefore, it is the perfect choice for reliable power backup and solar energy storage.</p>
<p>🔋 Long Cycle Life and High EfficiencyThe 12V 100Ah 2.56kWh Sinotec Lithium Battery LiFePO4 is engineered to deliver thousands of charge and discharge cycles. Because of its long-lasting durability, it significantly reduces replacement costs. Furthermore, its high energy efficiency ensures users get maximum power output with minimum losses. Consequently, this makes it a cost-effective and dependable energy storage solution.</p>","<h2>Dependable Power Storage for Solar and Backup Systems</h2>
<p>The 12V 100Ah 2.56kWh Sinotec Lithium Battery LiFePO4 provides outstanding energy storage for both residential and commercial applications. Since it uses advanced LiFePO4 technology, it ensures superior stability and efficiency compared to traditional lead-acid batteries. Therefore, it is the perfect choice for reliable power backup and solar energy storage.</p>
<p>🔋 Long Cycle Life and High EfficiencyThe 12V 100Ah 2.56kWh Sinotec Lithium Battery LiFePO4 is engineered to deliver thousands of charge and discharge cycles. Because of its long-lasting durability, it significantly reduces replacement costs. Furthermore, its high energy efficiency ensures users get maximum power output with minimum losses. Consequently, this makes it a cost-effective and dependable energy storage solution.</p>
<h2>🛡️ Built-In Safety and Protection;12V 100Ah 2.56kWh Sinotec Lithium Battery LiFePO4</h2>
<p>With integrated BMS (Battery Management System), the 12V  2.56kWh Sinotec Lithium Battery LiFePO4 protects against overcharging, over-discharging, and short circuits. Since safety is prioritized, users can rely on stable and secure operation. Therefore, this battery guarantees peace of mind for homes and businesses alike.</p>
<h2>🏡 Compact, Lightweight, and Versatile</h2>
<p>The 12V 2.56kWh Sinotec Lithium Battery LiFePO4 is compact and lightweight compared to lead-acid alternatives. Because of its design, it is easy to install, transport, and maintain. Moreover, its versatility allows it to be used in solar systems, RVs, backup power units, and off-grid setups. As a result, it adapts easily to different energy requirements.</p>
<h2>🌱 A Smarter and Greener Choice:</h2>
<p>Investing in the 12V  2.56kWh Sinotec Lithium Battery LiFePO4 supports a cleaner, greener future. Since it provides safe, efficient, and long-lasting performance, it reduces environmental impact. Therefore, this battery is both an eco-friendly and financially wise investment.</p>
<h2>🌟 Key Benefits of 12V 100Ah 2.56kWh Sinotec Lithium Battery LiFePO4</h2>
<p>⚡ 12V 100Ah capacity with 2.56kWh storage for reliable power</p>
<p>🔋 Long cycle life reduces replacement costs</p>
<p>🛡️ Built-in BMS ensures advanced protection and safety</p>
<p>🌞 High efficiency delivers maximum usable energy</p>
<p>🏡 Compact and lightweight design for easy installation</p>
<p>🌱 Eco-friendly LiFePO4 technology supports sustainable energy</p>","","","taxable","","0","","","0","0","","","","","1","","3250.00","4000.00","Lithium Batteries","Lithium Battery, Sinotec","","https://sasolarexperts.co.za/wp-content/uploads/2023/12/12v100ah-lithium-1-768x768-1.png","","","","","","","","","0","Sinotec","556","https://sasolarexperts.co.za/product/12v-100ah-1280wh-sinotec-lithium-battery-lifepo4/"
"","simple","18059","5,12kw 51.2v BSL Powerline 5 lithium battery","1","0","visible","<h2>Advanced Lithium Technology for Reliable Energy:</h2>
<h2>5.12kW 51.2V BSL Powerline 5 Lithium Battery</h2>
<p>The 5.12kW  BSL Powerline 5 Lithium Battery is designed to deliver dependable energy storage for both homes and businesses. Since it uses advanced lithium iron phosphate (LiFePO4) technology, it ensures superior stability, longer lifespan, and greater efficiency compared to traditional lead-acid batteries. Therefore, it is an excellent choice for solar storage and backup power.</p>","<h2>Advanced Lithium Technology for Reliable Energy:</h2>
<h2>5.12kW 51.2V BSL Powerline 5 Lithium Battery</h2>
<p>The 5.12kW  BSL Powerline 5 Lithium Battery is designed to deliver dependable energy storage for both homes and businesses. Since it uses advanced lithium iron phosphate (LiFePO4) technology, it ensures superior stability, longer lifespan, and greater efficiency compared to traditional lead-acid batteries. Therefore, it is an excellent choice for solar storage and backup power.</p>
<h2>🔋 Long Cycle Life and Maximum Efficiency</h2>
<p>With thousands of charge and discharge cycles, the 5.12kW  BSL Powerline 5 Lithium Battery reduces replacement costs significantly. Because of its high round-trip efficiency, it ensures maximum usable energy for your system. Consequently, it helps users save money while maintaining reliable performance over many years.</p>
<h2>🛡️ Built-In Safety and Smart Protection</h2>
<p>The 5.12kW  BSL Powerline 5 Lithium Battery includes an intelligent Battery Management System (BMS). Since the BMS protects against overcharging, deep discharging, and short circuits, it ensures safe and stable operation. Therefore, users enjoy peace of mind with reliable performance every day.</p>
<h2>🏡 Compact, Scalable, and Versatile</h2>
<p>Thanks to its compact design, the 5.12kW BSL Powerline 5 Lithium Battery is easy to install and maintain. Since it supports modular expansion, multiple units can be connected to increase storage capacity. Consequently, it adapts perfectly to residential, commercial, and off-grid energy systems.</p>
<h2>🌱 A Smarter, Greener Energy Choice:</h2>
<h2>5.12kW 51.2V BSL Powerline 5 Lithium Battery</h2>
<p>Advanced Lithium Technology for Reliable Energy<br />
The 5.12kW  BSL Powerline 5 Lithium Battery is designed to deliver dependable energy storage for both homes and businesses. Since it uses advanced lithium iron phosphate (LiFePO4) technology, it ensures superior stability, longer lifespan, and greater efficiency compared to traditional lead-acid batteries. Therefore, it is an excellent choice for solar storage and backup power.</p>
<p>&nbsp;</p>
<h2>🌟 Key Benefits of 5.12kW 51.2V BSL Powerline 5 Lithium Battery</h2>
<p>⚡ 5.12kW / 51.2V capacity for reliable solar energy storage</p>
<p>🔋 LiFePO4 technology ensures longer lifespan and efficiency</p>
<p>🛡️ Built-in BMS guarantees advanced safety and protection</p>
<p>📊 High round-trip efficiency delivers more usable energy</p>
<p>🏡 Scalable design allows expansion for larger systems</p>
<p>🌱 Eco-friendly solution supports sustainable power usage</p>","","","taxable","","1","","","0","0","","","","","1","","","18207.00","Lithium Batteries","Lithium Battery","","https://sasolarexperts.co.za/wp-content/uploads/2023/12/Grey-Blue-Modern-Elegant-Electronic-Product-Promotion-Instagram-Post-16-768x768-1.png","","","","","","","","","0","BSL","557","https://sasolarexperts.co.za/product/512kw-51-2v-bsl-powerline-5-lithium-battery/"
"","simple","17315","AC Breaker 2P – 63A","1","0","visible","<p>AC Circuit Breaker 2P – 63A (Double Pole)</p>
<p data-path-to-node=""3""><b data-path-to-node=""3"" data-index-in-node=""0"">High-Capacity Safety Switch for Distribution Boards &amp; Solar Inverters</b></p>
<p id=""p-rc_6e9c64b514683b6e-33"" data-path-to-node=""4"">Ensure your electrical system is protected with our <b data-path-to-node=""4"" data-index-in-node=""52"">2-Pole 63A AC Circuit Breaker</b>. <span class=""citation-38 citation-end-38"">This high-capacity breaker provides essential overcurrent and short-circuit protection for AC circuits.</span> Designed for standard DIN rail mounting, it is the ideal choice for main switches in distribution boards or as a dedicated AC disconnect for solar inverters and heavy-duty appliances.</p>","<h2 data-path-to-node=""2"">AC Circuit Breaker 2P – 63A (Double Pole)</h2>
<p data-path-to-node=""3""><b data-path-to-node=""3"" data-index-in-node=""0"">High-Capacity Safety Switch for Distribution Boards &amp; Solar Inverters</b></p>
<p id=""p-rc_6e9c64b514683b6e-33"" data-path-to-node=""4"">Ensure your electrical system is protected with our <b data-path-to-node=""4"" data-index-in-node=""52"">2-Pole 63A AC Circuit Breaker</b>. <span class=""citation-38 citation-end-38"">This high-capacity breaker provides essential overcurrent and short-circuit protection for AC circuits.</span> Designed for standard DIN rail mounting, it is the ideal choice for main switches in distribution boards or as a dedicated AC disconnect for solar inverters and heavy-duty appliances.</p>
<h3 data-path-to-node=""5"">Key Features:</h3>
<ul data-path-to-node=""6"">
<li>
<p data-path-to-node=""6,0,0""><b data-path-to-node=""6,0,0"" data-index-in-node=""0"">Dual Pole (2P) Protection:</b> Simultaneously interrupts both Live and Neutral lines for maximum safety during a fault or maintenance.</p>
</li>
<li>
<p id=""p-rc_6e9c64b514683b6e-34"" data-path-to-node=""6,1,0""><b data-path-to-node=""6,1,0"" data-index-in-node=""0""><span class=""citation-37"">High Current Capacity:</span></b><span class=""citation-37 citation-end-37""> Rated at 63A, making it suitable for high-load circuits such as main supply lines, geysers, or large solar AC outputs.</span></p>
<p><b data-path-to-node=""6,2,0"" data-index-in-node=""0"">Rapid Response:</b> Advanced thermal-magnetic tripping mechanism ensures fast disconnection during short circuits or sustained overloads.</li>
<li>
<p id=""p-rc_6e9c64b514683b6e-35"" data-path-to-node=""6,3,0""><b data-path-to-node=""6,3,0"" data-index-in-node=""0"">Durable Build:</b><span class=""citation-36 citation-end-36""> Constructed from high-strength, flame-retardant materials designed to withstand industrial-grade heat and stress.</span></p>
<p id=""p-rc_6e9c64b514683b6e-36"" data-path-to-node=""6,4,0""><b data-path-to-node=""6,4,0"" data-index-in-node=""0"">Standard Mounting:</b><span class=""citation-35 citation-end-35""> Fits all standard 35mm DIN rail distribution boards and consumer units.</span></p>
</li>
</ul>
<hr data-path-to-node=""9"" />
<h3 data-path-to-node=""10"">Merchant Recommendations for Sasolarexperts:</h3>
<ul data-path-to-node=""11"">
<li>
<p data-path-to-node=""11,0,0""><b data-path-to-node=""11,0,0"" data-index-in-node=""0"">Safety Note:</b> Always advise customers that AC breakers should be installed by a qualified electrician.</p>
</li>
<li>
<p data-path-to-node=""11,1,0""><b data-path-to-node=""11,1,0"" data-index-in-node=""0"">Bundling:</b> Consider offering this in a &#8220;Distribution Board Kit&#8221; alongside 40A or 32A breakers for smaller sub-circuits.</p>
</li>
<li>
<p data-path-to-node=""11,2,0""><b data-path-to-node=""11,2,0"" data-index-in-node=""0"">Clarification:</b> Make sure to specify if this is a <b data-path-to-node=""11,2,0"" data-index-in-node=""49"">Type C</b> (most common for home/solar) or <b data-path-to-node=""11,2,0"" data-index-in-node=""88"">Type B</b> (more sensitive) breaker in your specific inventory.</p>
</li>
</ul>","","","taxable","","1","","","0","0","","","","","1","","","150.00","Accessories","AC Breaker 2P – 63A, accessories","","https://sasolarexperts.co.za/wp-content/uploads/2023/12/4a409bc8e16315c042b271538ece7a7f.jpg","","","","","","","","","0","","562","https://sasolarexperts.co.za/product/ac-breaker-2p-63a/"
"","simple","17312","35mm Battery Cable","1","0","visible","<h2 data-path-to-node=""2"">35mm² Flexible Battery Cable (Red/Black)</h2>","<h2 data-path-to-node=""2"">35mm² Flexible Battery Cable (Red/Black)</h2>
<p data-path-to-node=""3""><b data-path-to-node=""3"" data-index-in-node=""0"">High-Performance Power Transmission for Solar &amp; Automotive Systems</b></p>
<p id=""p-rc_60f29695a00526f0-25"" data-path-to-node=""4""><span class=""citation-21"">Our </span><b data-path-to-node=""4"" data-index-in-node=""4""><span class=""citation-21"">35mm² Battery Cable</span></b><span class=""citation-21 citation-end-21""> is engineered for high-current applications where reliability and minimal power loss are critical.</span> <span class=""citation-20 citation-end-20"">Designed with high-flexibility &#8220;Class 5&#8221; copper stranding, this cable is easy to route in tight battery compartments or solar inverter setups without compromising conductivity.</span></p>
<h3 data-path-to-node=""5"">Key Features:</h3>
<ul data-path-to-node=""6"">
<li>
<p data-path-to-node=""6,0,0""><b data-path-to-node=""6,0,0"" data-index-in-node=""0"">Heavy-Duty Conductivity:</b> 35mm² cross-sectional area, ideal for 150A – 240A applications.</p>
</li>
<li>
<p data-path-to-node=""6,1,0""><b data-path-to-node=""6,1,0"" data-index-in-node=""0"">Highly Flexible:</b> Fine-stranded copper core allows for easy bending and installation.</p>
</li>
<li>
<p id=""p-rc_60f29695a00526f0-26"" data-path-to-node=""6,2,0""><b data-path-to-node=""6,2,0"" data-index-in-node=""0""><span class=""citation-19"">Durable Insulation:</span></b><span class=""citation-19 citation-end-19""> High-grade PVC coating resistant to heat, abrasion, and common chemicals.</span></p>
<p id=""p-rc_60f29695a00526f0-27"" data-path-to-node=""6,3,0""><b data-path-to-node=""6,3,0"" data-index-in-node=""0""><span class=""citation-18"">Versatile Use:</span></b><span class=""citation-18 citation-end-18""> Perfect for connecting solar battery banks to inverters, dual-battery systems, or heavy-duty winches.</span></p>
<p><b data-path-to-node=""6,4,0"" data-index-in-node=""0"">Safety Rated:</b> Designed to handle the high-surge demands of 12V, 24V, and 48V power systems.</li>
</ul>
<h3 data-path-to-node=""7"">Specifications:</h3>
<ul data-path-to-node=""8"">
<li>
<p data-path-to-node=""8,0,0""><b data-path-to-node=""8,0,0"" data-index-in-node=""0"">Conductor Material:</b> 100% Oxygen-Free Copper (OFC)</p>
</li>
<li>
<p data-path-to-node=""8,1,0""><b data-path-to-node=""8,1,0"" data-index-in-node=""0"">Outer Diameter:</b> Approx. 11.5mm</p>
</li>
<li>
<p data-path-to-node=""8,2,0""><b data-path-to-node=""8,2,0"" data-index-in-node=""0"">Temperature Rating:</b> -20°C to +70°C (Standard) / +105°C (Heat Resistant)</p>
</li>
<li>
<p data-path-to-node=""8,3,0""><b data-path-to-node=""8,3,0"" data-index-in-node=""0"">Available Colors:</b> Red (Positive) / Black (Negative)</p>
</li>
</ul>","","","taxable","","1","","","0","0","","","","","1","","150.00","200.00","Accessories","35mm Battery Cable, accessories","","https://sasolarexperts.co.za/wp-content/uploads/2023/12/0403edfed6a30346dbce437a09c15ff7.jpg","","","","","","","","","0","","564","https://sasolarexperts.co.za/product/35mm-battery-cable/"
"","simple","17316","2 Way Connector","1","0","visible","<p><span class=""citation-7 citation-end-7"">A 2-way connector (also known as a 2-pin or 2-pole connector) is a fundamental electrical component designed to join two wires or circuits together.</span> <span class=""citation-6"">It consists of a matched </span><b data-path-to-node=""0"" data-index-in-node=""174""><span class=""citation-6"">male (plug)</span></b><span class=""citation-6""> and </span><b data-path-to-node=""0"" data-index-in-node=""190""><span class=""citation-6"">female (receptacle)</span></b><span class=""citation-6 citation-end-6""> pair that allows for a secure, yet disconnectable, electrical path.</span>.</p>","<p id=""p-rc_1451074d98efb8bf-19"" data-path-to-node=""0""><span class=""citation-7 citation-end-7"">A 2-way connector (also known as a 2-pin or 2-pole connector) is a fundamental electrical component designed to join two wires or circuits together.</span> <span class=""citation-6"">It consists of a matched </span><b data-path-to-node=""0"" data-index-in-node=""174""><span class=""citation-6"">male (plug)</span></b><span class=""citation-6""> and </span><b data-path-to-node=""0"" data-index-in-node=""190""><span class=""citation-6"">female (receptacle)</span></b><span class=""citation-6 citation-end-6""> pair that allows for a secure, yet disconnectable, electrical path.</span></p>
<h2 data-path-to-node=""1"">Core Components</h2>
<ul data-path-to-node=""2"">
<li>
<p data-path-to-node=""2,0,0""><b data-path-to-node=""2,0,0"" data-index-in-node=""0"">Housing:</b> Usually made of plastic or nylon, this provides insulation and structural support.</p>
</li>
<li>
<p id=""p-rc_1451074d98efb8bf-20"" data-path-to-node=""2,1,0""><b data-path-to-node=""2,1,0"" data-index-in-node=""0""><span class=""citation-5"">Terminals/Pins:</span></b><span class=""citation-5 citation-end-5""> The conductive metal parts (often tin, gold, or silver-plated) that physically touch to transfer electricity.</span></p>
<p><b data-path-to-node=""2,2,0"" data-index-in-node=""0"">Locking Mechanism:</b> Many 2-way connectors feature a &#8220;click-lock&#8221; or friction fit to prevent the wires from pulling apart due to vibration.</li>
</ul>","","","taxable","","1","","","0","0","","","","","1","","","110.00","Accessories","accessories","","https://sasolarexperts.co.za/wp-content/uploads/2023/12/9b708d4f507966b539aec12ab6332585.jpg","","","","","","","","","0","","566","https://sasolarexperts.co.za/product/2-way-connector/"
"","simple","19229","11kw ecco Hybrid Inverter","1","0","visible","<p>The main difference between PWM and MPPT charge control devices is that the MPPT devices are more efficient. MPPT charge control devices have 30 % more efficient in charge efficiency according to PWM type. Panel voltage and battery voltage should be matched in PWM systems. Product Features Built-in 2 MPPT Lithium battery activation function by PV or Utility • Compatible work with LiFePO4 battery via RS485 Pure Sine Wave Power factor 1.0 PV Input 500Vdc Max Built-in MPPT 160A Capable to work without battery Detachable dust cover for harsh environment Wifi remote monitoring optional Support multiple output priority: SUB,SBU, SUF EQ function to optimize battery performance and extend lifecycle Specifications: MODEL : HIN11000S Capacity : 11KVA/11KW Maximum PV Input Power : 11KW Parallel Capability : NO Lithium Battery Activation : YES (BY PV  OR UTILITY) Lithium Battery Communication : YES(RS485) INPUT</p>","<p>Description Hybrid Inverter 48v 11 Kva 11000w MPPT 160A Inverter Pure Sine Wave – Ecco</p>
<p>The main difference between PWM and MPPT charge control devices is that the MPPT devices are more efficient. MPPT charge control devices have 30 % more efficient in charge efficiency according to PWM type. Panel voltage and battery voltage should be matched in PWM systems. Product Features Built-in 2 MPPT Lithium battery activation function by PV or Utility • Compatible work with LiFePO4 battery via RS485 Pure Sine Wave Power factor 1.0 PV Input 500Vdc Max Built-in MPPT 160A Capable to work without battery Detachable dust cover for harsh environment Wifi remote monitoring optional Support multiple output priority: SUB,SBU, SUF EQ function to optimize battery performance and extend lifecycle Specifications: MODEL : HIN11000S Capacity : 11KVA/11KW Maximum PV Input Power : 11KW Parallel Capability : NO Lithium Battery Activation : YES (BY PV  OR UTILITY) Lithium Battery Communication : YES(RS485) INPUT</p>
<p>Nominal Voltage : 230VAC Acceptable Voltage Range : 170-280VAC(For Personal Computer) : 90-280VAC (For Home Appliances) Frequency : 50/60 Hz (Auto Sensing) OUTPUT</p>
<p>Nominal Voltage : 220/230/240VAC Surge Power : 22000VA Frequency : 50/60 Hz Waveform : Pure Sine Wave Transfer Time : 10ms(For Computers) 20ms(For Home Appliances) Peak Efficiency : 94% Overload Protection : 5s @ 140% Load BATTERY</p>
<p>Battery Voltage : 48V Maximum Discharge Current : 220A Floating Charge Voltage : 54VDC OverCharge Protection : 63VDC Charging Method : CC/CV SOLAR CHARGER &amp; AC CHARGER</p>
<p>Solar Charger TYPE : MPPT Max.PV Array Power : 5500W<em>2 Max. PV Array Open Circuit Voltage : 500VDC PV Array MPPT Voltage Range : 60VDC-500VDC Max. Solar Input Current : 18A</em>2 Max. Solar Charge Current : 160A Max. AC Charge Current : 120A Max. Charge Current : 160A PHYSICAL</p>
<p>Dimensions, D x W x H(mm) 540 X 415X 122 Net Weight (Kgs) 15KG Communication Interface RS232/RS485/DRY CONTACT LCD ENVIRONMENT</p>
<p>&nbsp;</p>","","","taxable","","1","","","0","0","","","","","1","","8300.00","8500.00","Inverters","Ecco, Inverters","","https://sasolarexperts.co.za/wp-content/uploads/2026/02/HybridInverter48v11Kva11000wMPPT160AInverterPureSineWave-Ecco_741x700-1.webp, https://sasolarexperts.co.za/wp-content/uploads/2023/12/HybridInverter48v11Kva11000wMPPT160AInverterPureSineWave-Ecco_741x700-1.webp","","","","","","","","","0","ecco","568","https://sasolarexperts.co.za/product/11kw-ecco-hybrid-inverter/"
"","simple","17218","10kva sunsynk single phase hybrid inverter","1","0","visible","<p>The <strong data-start=""638"" data-end=""677"">10kVA Sunsynk Single Phase Inverter</strong> offers robust, intelligent energy management for residential and commercial solar systems. Because it supports hybrid operation, it balances power from solar panels, batteries, and the utility grid effortlessly. Therefore, you enjoy continuous power even during load sheddin</p>","<p data-start=""634"" data-end=""954"">The <strong data-start=""638"" data-end=""677"">10kVA Sunsynk Single Phase Inverter</strong> offers robust, intelligent energy management for residential and commercial solar systems. Because it supports hybrid operation, it balances power from solar panels, batteries, and the utility grid effortlessly. Therefore, you enjoy continuous power even during load shedding.</p>
<p data-start=""956"" data-end=""1185"">Thanks to its <strong data-start=""970"" data-end=""1003"">high power output of 10,000VA</strong>, it easily powers larger appliances, heavy loads, and multiple devices simultaneously. Moreover, it delivers pure sine wave output, ensuring safe operation of sensitive electronics.</p>
<p data-start=""1187"" data-end=""1388"">Its <strong data-start=""1191"" data-end=""1228"">dual MPPT solar charge controller</strong> optimizes energy harvest by tracking two solar strings independently. Consequently, this maximizes solar efficiency throughout the day, even in varied weather.</p>
<p data-start=""1390"" data-end=""1709"">Furthermore, the inverter is compatible with a wide range of batteries, including lithium and lead-acid types. Because of this flexibility, you can choose the best battery storage for your needs. Additionally, the built-in Battery Management System safeguards battery health by preventing overcharge and deep discharge.</p>
<p data-start=""1711"" data-end=""1910"">The inverter supports <strong data-start=""1733"" data-end=""1764"">remote monitoring via Wi-Fi</strong>, allowing you to track system performance anytime, anywhere. Moreover, its compact wall-mounted design saves space and makes installation simple.</p>
<p data-start=""1912"" data-end=""2068"">Thanks to its scalable architecture, multiple units can be connected in parallel. This is perfect for expanding your solar system as your energy needs grow.</p>
<p data-start=""2070"" data-end=""2251"">Whether your system is grid-tied, off-grid, or hybrid, this inverter delivers efficient, reliable energy management. It is also designed to withstand harsh environmental conditions.</p>
<hr data-start=""2253"" data-end=""2256"" />
<h3 data-start=""2258"" data-end=""2283"">✅ <strong data-start=""2264"" data-end=""2281"">Key Benefits:</strong></h3>
<ul data-start=""2284"" data-end=""2743"">
<li data-start=""2284"" data-end=""2349"">
<p data-start=""2286"" data-end=""2349"">10kVA single-phase power output for large home/commercial use</p>
</li>
<li data-start=""2350"" data-end=""2412"">
<p data-start=""2352"" data-end=""2412"">Hybrid support: solar, battery, and grid power integration</p>
</li>
<li data-start=""2413"" data-end=""2459"">
<p data-start=""2415"" data-end=""2459"">Dual MPPT for maximum solar energy harvest</p>
</li>
<li data-start=""2460"" data-end=""2511"">
<p data-start=""2462"" data-end=""2511"">Compatible with lithium and lead-acid batteries</p>
</li>
<li data-start=""2512"" data-end=""2551"">
<p data-start=""2514"" data-end=""2551"">Advanced BMS for battery protection</p>
</li>
<li data-start=""2552"" data-end=""2603"">
<p data-start=""2554"" data-end=""2603"">Wi-Fi enabled for remote monitoring and control</p>
</li>
<li data-start=""2604"" data-end=""2651"">
<p data-start=""2606"" data-end=""2651"">Pure sine wave output for sensitive devices</p>
</li>
<li data-start=""2652"" data-end=""2706"">
<p data-start=""2654"" data-end=""2706"">Scalable via parallel connection for future growth</p>
</li>
<li data-start=""2707"" data-end=""2743"">
<p data-start=""2709"" data-end=""2743"">Space-saving wall-mounted design</p>
</li>
</ul>","","","taxable","","0","","","0","0","","","","","1","","29700.00","30000.00","Inverters","Inverters, Sunsynk","","https://sasolarexperts.co.za/wp-content/uploads/2023/12/12Kw-Sunsynk-Inverter-768x768-1.webp, https://sasolarexperts.co.za/wp-content/uploads/2023/12/SUNSYNK-12kW-Hybrid-Parity-Inverter-300x300-1.png","","","","","","","","","0","Sunsynk","570","https://sasolarexperts.co.za/product/10kva-sunsynk-single-phase-hybrid-inverter/"
"","simple","18175","11kva Hz Pro Hybrid Inverter Parallel","1","0","visible","<p>The <strong data-start=""759"" data-end=""800"">11kVA HZ Pro Hybrid Inverter Parallel</strong> delivers exceptional performance for both residential and commercial solar power systems. Moreover, it efficiently converts solar energy into reliable AC power for continuous operation. Every feature of this inverter ensures stable performance, even under heavy energy demands or variable weather conditions. Therefore, it is an ideal choice for anyone needing consistent solar backup power.</p>","<p data-start=""755"" data-end=""1194"">The <strong data-start=""759"" data-end=""800"">11kVA HZ Pro Hybrid Inverter Parallel</strong> delivers exceptional performance for both residential and commercial solar power systems. Moreover, it efficiently converts solar energy into reliable AC power for continuous operation. Every feature of this inverter ensures stable performance, even under heavy energy demands or variable weather conditions. Therefore, it is an ideal choice for anyone needing consistent solar backup power.</p>
<p data-start=""1196"" data-end=""1658"">Additionally, the <strong data-start=""1214"" data-end=""1255"">11kVA HZ Pro Hybrid Inverter Parallel</strong> supports parallel operation, allowing you to expand your system effortlessly. Consequently, users can connect multiple units to increase overall output and flexibility. With this setup, scalability becomes simple, making future upgrades cost-effective and convenient. Furthermore, its hybrid design ensures seamless integration with solar panels, batteries, and the grid for uninterrupted power flow.</p>
<p data-start=""1660"" data-end=""2126"">Every homeowner or business can benefit from the <strong data-start=""1709"" data-end=""1750"">11kVA HZ Pro Hybrid Inverter Parallel</strong> due to its advanced technology. Because it intelligently manages solar input, battery charging, and grid supply, users always receive maximum efficiency. Also, this inverter maintains steady output voltage and frequency, ensuring the protection of sensitive appliances. Its smart cooling system further enhances longevity, preventing overheating even during extended usage.</p>
<p data-start=""2128"" data-end=""2568"">Since it includes an intuitive LCD display, monitoring real-time performance becomes effortless. This interface provides accurate information about energy flow, battery status, and operational mode. The <strong data-start=""2331"" data-end=""2372"">11kVA HZ Pro Hybrid Inverter Parallel</strong> also supports multiple communication options, enabling remote system monitoring through Wi-Fi or RS485 connectivity. Therefore, users enjoy total control over their power systems from anywhere.</p>
<p data-start=""2570"" data-end=""2894"">Finally, with robust surge protection and durable design, this inverter guarantees safety and stability in all environments. Consequently, it offers both reliability and peace of mind for modern solar users. Therefore, choosing the <strong data-start=""2802"" data-end=""2843"">11kVA HZ Pro Hybrid Inverter Parallel</strong> ensures long-term value and energy independence.</p>
<hr data-start=""2896"" data-end=""2899"" />
<h3 data-start=""2901"" data-end=""2921""><strong data-start=""2905"" data-end=""2921"">Key Benefits</strong></h3>
<ul data-start=""2922"" data-end=""3609"">
<li data-start=""2922"" data-end=""2991"">
<p data-start=""2924"" data-end=""2991"">Parallel capability allows easy scalability and system expansion.</p>
</li>
<li data-start=""2992"" data-end=""3062"">
<p data-start=""2994"" data-end=""3062"">Hybrid design supports solar, battery, and grid inputs seamlessly.</p>
</li>
<li data-start=""3063"" data-end=""3140"">
<p data-start=""3065"" data-end=""3140"">Intelligent power management maximizes energy efficiency and reliability.</p>
</li>
<li data-start=""3141"" data-end=""3217"">
<p data-start=""3143"" data-end=""3217"">Built-in surge and short-circuit protection ensures total system safety.</p>
</li>
<li data-start=""3218"" data-end=""3276"">
<p data-start=""3220"" data-end=""3276"">Smart LCD display simplifies monitoring and operation.</p>
</li>
<li data-start=""3277"" data-end=""3338"">
<p data-start=""3279"" data-end=""3338"">Remote communication options provide full system control.</p>
</li>
<li data-start=""3339"" data-end=""3405"">
<p data-start=""3341"" data-end=""3405"">Silent and efficient cooling ensures longer inverter lifespan.</p>
</li>
<li data-start=""3406"" data-end=""3471"">
<p data-start=""3408"" data-end=""3471"">Ideal for both residential and commercial solar applications.</p>
</li>
<li data-start=""3472"" data-end=""3542"">
<p data-start=""3474"" data-end=""3542"">Compatible with multiple battery chemistries for versatile setups.</p>
</li>
<li data-start=""3543"" data-end=""3609"">
<p data-start=""3545"" data-end=""3609"">Backed by strong after-sales support and reliable performance.</p>
</li>
</ul>","","","taxable","","1","","","0","0","","","","","1","","","15500.00","Inverters","HZ Hybrid Inverter, Inverters","","https://sasolarexperts.co.za/wp-content/uploads/2026/03/11kva_Hz_Pro_Hybrid_Inverter_Parallel-500x500px.png, https://sasolarexperts.co.za/wp-content/uploads/2023/12/facebook-22-768x644-1.png","","","","","","","","","0","HZ Hybrid Inverter","572","https://sasolarexperts.co.za/product/11kva-hz-pro-hybrid-inverter-parallel/"
"","simple","17242","Deye 12kW 1-Phase 48V Hybrid Inverter","1","0","visible","<p>12kW Deye 1-Phase 48V Hybrid Inverter – Reliable Solar Power for Homes and Small Businesses<br />
The 12kW Deye 1-Phase 48V Hybrid Inverter is designed for homes and small commercial installations that need powerful and flexible solar energy solutions. Because it supports 48V lithium battery banks, this inverter ensures efficient energy storage and management.</p>","<h2>Description</h2>
<p>12kW Deye 1-Phase 48V Hybrid Inverter – Reliable Solar Power for Homes and Small Businesses<br />
The 12kW Deye 1-Phase 48V Hybrid Inverter is designed for homes and small commercial installations that need powerful and flexible solar energy solutions. Because it supports 48V lithium battery banks, this inverter ensures efficient energy storage and management.</p>
<p>Moreover, the inverter features a wide PV input voltage range, allowing more solar panels per string. This flexibility helps reduce installation costs while maximizing solar energy production. Thanks to its dual MPPT inputs, it optimizes power from different solar panel arrays.</p>
<p>This inverter operates in grid-tied, off-grid, and hybrid modes. Therefore, it suits diverse energy needs and ensures backup power during outages. Additionally, it supports generator input, adding further reliability for locations with unstable grids.</p>
<p>Because it includes an intelligent Battery Management System (BMS), the inverter safeguards battery health. It continuously monitors voltage, temperature, and current, preventing overcharge or deep discharge. This protection extends battery life significantly.</p>
<p>The 12kW Deye inverter also offers seamless switching between energy sources. As a result, your home or business experiences uninterrupted power supply even during grid failures.</p>
<p>Thanks to its built-in Wi-Fi and remote monitoring capabilities, you can track energy production and consumption from anywhere. This feature simplifies system management and troubleshooting.</p>
<p>Due to rising electricity costs and frequent load shedding, this inverter provides an excellent solution for energy independence. Its compact and durable design fits well into residential or commercial setups.</p>
<p>✅ Key Benefits:<br />
12kW single-phase hybrid inverter – powerful enough for homes and small businesses</p>
<p>Compatible with 48V lithium battery systems</p>
<p>Wide PV input voltage range – flexible solar array design</p>
<p>Dual MPPTs – maximize solar energy harvest</p>
<p>Intelligent BMS – protects battery life and performance</p>
<p>Supports grid-tied, off-grid, and hybrid systems</p>
<p>Generator input – reliable backup power</p>
<p>Seamless source switching – uninterrupted electricity supply</p>
<p>Remote monitoring – manage your system via mobile app or web</p>","","","taxable","","1","","","0","0","","","","","1","","21100.00","33800.00","Inverters","Deye, Inverters","","https://sasolarexperts.co.za/wp-content/uploads/2023/12/Inverters-Deye-12kW-1-Phase-48V-Hybrid-Inverter.png","","","","","","","","","0","Deye","574","https://sasolarexperts.co.za/product/inverters-deye-12kw-1-phase-48v-hybrid-inverter/"
"","simple","17250","6KVA LUXPOWER INVERTER","1","0","visible","<p>6KVA LUXPOWER INVERTER<br />
The 6kVA Luxpower Inverter delivers reliable energy performance by combining solar, grid, and battery sources for continuous and efficient power supply.</p>
<p>Moreover, it offers advanced MPPT technology, which maximizes solar harvesting even during cloudy weather or partial shading on your solar panels.</p>","<p>6KVA LUXPOWER INVERTER<br />
The 6kVA Luxpower Inverter delivers reliable energy performance by combining solar, grid, and battery sources for continuous and efficient power supply.</p>
<p>Moreover, it offers advanced MPPT technology, which maximizes solar harvesting even during cloudy weather or partial shading on your solar panels.</p>
<p>Because it produces a pure sine wave output, this inverter safely powers sensitive devices like computers, TVs, and medical equipment with ease.</p>
<p>Furthermore, it provides seamless switching between power sources, ensuring uninterrupted electricity when grid power fails or during scheduled load shedding.</p>
<p>Besides this, the inverter includes intelligent battery management, supporting both lithium-ion and lead-acid options for greater system flexibility and efficiency.</p>
<p>As a result, users benefit from extended battery life, smarter charging cycles, and optimized energy distribution throughout the connected system.</p>
<p>In addition, it supports remote monitoring through Wi-Fi or mobile apps, giving users real-time access to power usage and inverter status.</p>
<p>Consequently, users can monitor performance, diagnose issues, and make energy decisions conveniently from any location using their smart devices.</p>
<p>Also, the inverter features a large LCD interface that shows live data, power status, and solar production in a user-friendly format.</p>
<p>Because of its modern, compact design and quiet operation, the inverter is perfect for indoor use in homes or office spaces.</p>
<p>✅ Key Benefits of 6kVA Luxpower Inverter<br />
✅ Hybrid System Integration – Combines grid, solar, and battery power to ensure reliable backup and reduced utility costs.</p>
<p>✅ Pure Sine Wave Output – Delivers stable current to protect your electronics and sensitive appliances during power transfers.</p>
<p>✅ Smart MPPT Charging – Increases solar power efficiency and maximizes your return on solar energy investment.</p>
<p>✅ Remote Monitoring Capability – Access real-time data using Wi-Fi and mobile apps from any location, at any time.</p>
<p>✅ Flexible Battery Support – Compatible with lithium-ion and lead-acid batteries for broader compatibility and system flexibility.</p>
<p>✅ Fast Transfer Time – Instantly switches between power sources to maintain power stability during load shedding or outages.</p>
<p>✅ Built-In Safety Features – Includes protection against overload, overcharging, overheating, and short circuits for enhanced safety.</p>
<p>✅ Silent Performance – Operates with minimal noise, making it ideal for bedrooms, living rooms, and professional environments.</p>
<p>✅ Space-Saving Design – Easily wall-mounted, compact, and aesthetically designed to fit tight indoor installations.</p>
<p>✅ Durable Construction – Engineered for long-term performance and backed by a solid 5-year manufacturer’s warranty.</p>
<p>📦 Technical Specifications<br />
Model: Luxpower 6kVA Hybrid Inverter</p>
<p>Rated Output Power: 6000VA / 6000W</p>
<p>Battery Voltage: 48V DC</p>
<p>Waveform Type: Pure Sine Wave</p>
<p>AC Output Voltage: 230V ± 5%</p>
<p>Max PV Input Power: 8000W</p>
<p>Solar Charger Type: MPPT</p>
<p>Max PV Input Voltage: 145V DC</p>
<p>Battery Support: Lithium-ion &amp; Lead-acid</p>
<p>Communication: RS485 / CAN / Wi-Fi (Optional)</p>
<p>Monitoring: Mobile App / Web Portal</p>
<p>Display: LCD + LED Indicators</p>
<p>Switch Time: &lt;10ms</p>
<p>Operating Temperature: -10°C to 50°C</p>
<p>Protection Features: Overload, Overvoltage, Overcharge, Short Circuit</p>
<p>Dimensions: ~470 × 330 × 140 mm</p>
<p>Weight: ~12.5 kg</p>
<p>Warranty: 5 Years (Standard)</p>
<p>💡 Ideal Applications<br />
🏠 Residential Backup – Powers home appliances, lights, routers, and fridges during power outages or solar-only operations.</p>
<p>🏢 Small Business Operations – Supports small offices, retail stores, and essential IT equipment with stable backup power.</p>
<p>🌞 Solar Off-Grid Systems – Perfect for remote or rural sites with solar panels and battery storage setups.</p>
<p>🛠️ Hybrid Energy Projects – Integrates with grid-connected systems that need battery backup and solar energy savings.</p>
<p>📶 Smart Monitoring Use – Ideal for users needing mobile monitoring and remote system access for off-site management.</p>
<p>Related products</p>","","","taxable","","1","","","0","0","","","","","1","","8420.00","9000.00","Inverters","Inverters, LuxPower","","https://sasolarexperts.co.za/wp-content/uploads/2023/12/luxpower-5kw-off-grid-inverter-48v.jpg, https://sasolarexperts.co.za/wp-content/uploads/2023/12/LUXPOWER-5KW-High-Quality-600x600-1-1.webp","","","","","","","","","0","Luxpower","576","https://sasolarexperts.co.za/product/6kva-luxpower-inverter/"
"","simple","17220","12kva sunsynk inverter 3-phase","1","0","visible","<p>12kVA Sunsynk Inverter 3-Phase – Reliable High-Performance Solar Power for 3-Phase Systems<br />
The 12kVA Sunsynk Inverter 3-Phase is engineered for demanding commercial, industrial, and large residential installations. Because of its robust design, it delivers continuous and stable power for heavy-duty equipment and three-phase electrical systems.</p>","<p>12kVA Sunsynk Inverter 3-Phase<br />
12kVA Sunsynk Inverter 3-Phase – Reliable High-Performance Solar Power for 3-Phase Systems<br />
The 12kVA Sunsynk Inverter 3-Phase is engineered for demanding commercial, industrial, and large residential installations. Because of its robust design, it delivers continuous and stable power for heavy-duty equipment and three-phase electrical systems.</p>
<p>Moreover, this inverter supports hybrid, grid-tied, and off-grid solar applications. Therefore, it’s highly versatile and suitable for a wide range of energy solutions. Thanks to its 3-phase output, it ensures balanced loads across phases, which improves system efficiency and equipment lifespan.</p>
<p>Additionally, the inverter includes dual MPPTs, allowing it to manage multiple solar arrays with maximum precision. As a result, it optimizes solar harvesting under various light conditions.</p>
<p>Because of its intelligent battery integration, it supports both lithium-ion and lead-acid batteries. It also features a high-speed switching function, enabling instant power transfer during load shedding or grid failure.</p>
<p>Furthermore, the 12kVA Sunsynk inverter includes advanced monitoring tools. Through the built-in Wi-Fi and mobile app, users can track energy production, battery status, and load usage in real-time. This helps you optimize your energy consumption and reduce reliance on the grid.</p>
<p>It also supports time-of-use settings, which lets users prioritize when to charge or discharge batteries. As a result, you can maximize savings during high-tariff hours and take advantage of cheaper electricity when available.</p>
<p>Even better, this inverter is scalable. You can connect multiple units in parallel for higher power requirements. Therefore, it’s perfect for factories, farms, warehouses, or large homes with 3-phase supply.</p>
<p>Lastly, its strong build and integrated protections against overvoltage, overload, and temperature ensure safe and reliable long-term use.</p>
<p>✅ Key Benefits:<br />
12kVA 3-phase output – ideal for commercial or industrial systems</p>
<p>Works in grid-tied, hybrid, or off-grid setups</p>
<p>Dual MPPTs – enhances solar efficiency</p>
<p>Supports lithium and lead-acid batteries</p>
<p>Intelligent load and battery management</p>
<p>Seamless switching during outages or load shedding</p>
<p>Built-in Wi-Fi – monitor performance from your phone</p>
<p>Time-of-use settings – control when to store or use energy</p>
<p>Parallel capable – scale up power as your needs grow</p>
<p>Rugged design with full electrical protections</p>","","","taxable","","1","","","0","0","","","","","1","","","38800.00","Inverters","Inverters, Sunsynk","","https://sasolarexperts.co.za/wp-content/uploads/2023/12/12Kw-Sunsynk-Inverter-768x768-1.webp, https://sasolarexperts.co.za/wp-content/uploads/2023/12/SUNSYNK-12kW-Hybrid-Parity-Inverter-300x300-1.png","","","","","","","","","0","Sunsynk","578","https://sasolarexperts.co.za/product/12kva-sunsynk-inverter-3-phase/"
"","simple","17214","Inverters 5kVA Sunsynk Inverter","1","0","visible","<p>The <strong data-start=""790"" data-end=""815"">5kVA Sunsynk Inverter</strong> offers intelligent energy control, combining solar input, battery storage, and grid power into one smart system. Because of its hybrid design, it ensures continuous power supply even during load shedding or unstable grid conditions.</p>","<h2>Description</h2>
<p>The 5kVA Sunsynk Inverter offers intelligent energy control, combining solar input, battery storage, and grid power into one smart system. Because of its hybrid design, it ensures continuous power supply even during load shedding or unstable grid conditions.</p>
<p>With a 5000VA output, this inverter is suitable for powering essential loads like lighting, Wi-Fi routers, TVs, fridges, and other small appliances. In fact, it handles these loads efficiently, thanks to its pure sine wave output that mimics utility-grade electricity.</p>
<p>Moreover, it includes a high-performance MPPT solar charge controller, which ensures your solar panels deliver the maximum possible output. Even on cloudy days, the inverter adjusts to optimize energy harvesting. As a result, you use more free solar power and reduce your reliance on the grid.</p>
<p>Additionally, the inverter supports both lithium and lead-acid batteries, offering flexible storage options. With built-in Wi-Fi functionality, users can monitor system performance, consumption, and battery status remotely through the Sunsynk app or web portal.</p>
<p>Because it’s compatible with leading battery brands—such as Hubble, Dyness, Revov, Greenrich, and others—system integration is simple. Furthermore, the unit supports parallel operation, allowing you to expand your energy system by connecting multiple inverters.</p>
<p>Its compact, wall-mounted design saves space and fits neatly into residential or small commercial settings. Due to its smart energy routing and automatic switching, this inverter maintains power flow without any manual intervention.</p>
<h2> Key Benefits:</h2>
<p>5kVA hybrid inverter – ideal for residential and small business energy needs</p>
<p>MPPT solar charger – improves solar efficiency even in poor sunlight</p>
<p>Remote monitoring – built-in Wi-Fi for app-based energy tracking</p>
<p>Battery compatible – works with lithium and lead-acid storage systems</p>
<p>Supports multiple power sources – solar, battery, and grid-ready</p>
<p>Pure sine wave output – safe for sensitive electronics</p>
<p>Parallel operation ready – expand your system with ease</p>
<p>Load shedding protection – keeps essentials running during blackouts</p>
<p>Space-saving design – neat wall-mount installation</p>","","","taxable","","1","","","0","0","","","","","1","","16147.00","16800.00","Inverters","Inverters, Sunsynk","","https://sasolarexperts.co.za/wp-content/uploads/2023/12/Inverters-5kVA-Sunsynk-Inverter.png, https://sasolarexperts.co.za/wp-content/uploads/2023/12/Inverters-5kVA-Sunsynk-Inverter-image-2.png","","","","","","","","","0","Sunsynk","582","https://sasolarexperts.co.za/product/inverters-5kva-sunsynk-inverter/"
"","simple","19025","Solar Panel 615w Jinko Tiger N-Type Bifacial","1","0","visible","<p>Next-Level Solar Power with Bifacial Technology The 615W Jinko Solar Tiger Bifacial solar panel delivers superior efficiency with cutting-edge N-Type cell technology. Because it captures sunlight on both sides, it produces more power than traditional modules. As a result, users enjoy higher yields and greater return on investment. High Efficiency with N-Type Cells Unlike conventional P-Type modules, the 615W Jinko Solar Bifacial panel uses advanced N-Type cells for enhanced energy conversion. Since these cells reduce light-induced degradation, they ensure long-lasting performance and consistent output.</p>","<h2>Description</h2>
<p>Next-Level Solar Power with Bifacial Technology The 615W Jinko Solar Tiger Bifacial solar panel delivers superior efficiency with cutting-edge N-Type cell technology. Because it captures sunlight on both sides, it produces more power than traditional modules. As a result, users enjoy higher yields and greater return on investment. High Efficiency with N-Type Cells Unlike conventional P-Type modules, the 615W Jinko Solar Bifacial panel uses advanced N-Type cells for enhanced energy conversion. Since these cells reduce light-induced degradation, they ensure long-lasting performance and consistent output. Consequently, the system generates more clean energy over its lifetime. Durable and Reliable for Every Environment The 615W Jinko Solar Bifacial solar panel is engineered with strong glass-on-glass construction. Therefore, it withstands harsh weather, high temperatures, and heavy mechanical loads. Because of this robust design, it provides reliable performance even in challenging conditions. Ideal for Large-Scale Applications:615w Jinko Whether powering residential rooftops, commercial facilities, or utility-scale solar farms, the 615W Jinko Solar Tiger Bifacial panel adapts easily.</p>
<p>Since it combines bifacial gains with high power output, it maximizes energy density and reduces installation costs. Future-Ready Solar Investment The 615W Jinko Solar Tiger Bifacial panel represents a future-proof investment in renewable energy. Because of its long lifespan, reduced degradation, and higher yields, it ensures long-term savings. Therefore, businesses and homeowners can achieve sustainable energy independence with confidence. Key Benefits of 615W Jinko Solar Tiger N-Type Bifacial 615W power output for maximum efficiency Bifacial design captures energy from both sides N-Type cells reduce degradation and extend lifespan ️ Durable construction withstands harsh conditions Higher energy yield ensures better ROI Versatile applications for residential, commercial, and utility projects</p>","","","taxable","","0","","","0","0","","","","","1","","","1600.00","Solar Panels","Solar Panel","","https://sasolarexperts.co.za/wp-content/uploads/2023/12/solarpanel_4446e595-3048-4396-9dc7-a89b1704af12.webp, https://sasolarexperts.co.za/wp-content/uploads/2023/12/Solar-Panel-615w-Jinko-Tiger-N-Type-Bifacial.png","","","","","","","","","0","Jinko Tiger","585","https://sasolarexperts.co.za/product/solar-panel-615w-jinko-tiger-n-type-bifacial/"
"","simple","17327","410W Canadian Mono Solar Panel","1","0","visible","<p>The <strong data-start=""604"" data-end=""638"">410W Canadian Mono Solar Panel</strong> offers a powerful and space-efficient solution for modern solar installations in all environments.</p>","<h1>410W Canadian Mono Solar Panel</h1>
<p data-start=""600"" data-end=""739"">The <strong data-start=""604"" data-end=""638"">410W Canadian Mono Solar Panel</strong> offers a powerful and space-efficient solution for modern solar installations in all environments.</p>
<p data-start=""741"" data-end=""878"">Since it uses monocrystalline PERC half-cell technology, it produces higher output with better shading tolerance and lower energy loss.</p>
<p data-start=""880"" data-end=""1042"">Additionally, this panel incorporates multi-busbar design, which improves current flow and minimizes resistance across the panel’s internal electrical pathways.</p>
<p data-start=""1044"" data-end=""1177"">Moreover, its sleek half-cut cells reduce power loss due to shading and increase overall durability under long-term solar exposure.</p>
<p data-start=""1179"" data-end=""1324"">Because it features tempered anti-reflective glass, the panel captures more sunlight while resisting scratches, weathering, and surface damage.</p>
<p data-start=""1326"" data-end=""1467"">Furthermore, the high-efficiency cells boost daily energy yield even in cloudy conditions, helping maintain strong power output year-round.</p>
<p data-start=""1469"" data-end=""1608"">Also, the panel is engineered to handle high wind and snow loads, providing structural integrity in extreme climates across South Africa.</p>
<p data-start=""1610"" data-end=""1745"">Thanks to its 1500V system voltage support, it enables lower installation costs and better wiring optimization for commercial setups.</p>
<p data-start=""1747"" data-end=""1879"">Since it’s certified under global safety standards, users benefit from reliable performance and long-term solar energy confidence.</p>
<p data-start=""1881"" data-end=""1998"">Finally, the panel includes a 12-year product warranty and a 25-year linear power output guarantee for peace of mind.</p>
<hr data-start=""2000"" data-end=""2003"" />
<h3 data-start=""2005"" data-end=""2059"">✅ Key Benefits of 410W Canadian Mono Solar Panel</h3>
<ul data-start=""2061"" data-end=""3176"">
<li data-start=""2061"" data-end=""2190"">
<p data-start=""2063"" data-end=""2190"">✅ <strong data-start=""2065"" data-end=""2091"">410W High Output Power</strong> – Generates more electricity per panel, reducing system size and installation area requirements.</p>
</li>
<li data-start=""2191"" data-end=""2322"">
<p data-start=""2193"" data-end=""2322"">✅ <strong data-start=""2195"" data-end=""2231"">Monocrystalline Half-Cell Design</strong> – Boosts efficiency, enhances performance under shade, and reduces internal cell stress.</p>
</li>
<li data-start=""2323"" data-end=""2442"">
<p data-start=""2325"" data-end=""2442"">✅ <strong data-start=""2327"" data-end=""2363"">Advanced Multi-Busbar Technology</strong> – Increases current collection and decreases energy losses across the panel.</p>
</li>
<li data-start=""2443"" data-end=""2552"">
<p data-start=""2445"" data-end=""2552"">✅ <strong data-start=""2447"" data-end=""2474"">High Weather Resistance</strong> – Handles snow loads up to 5400Pa and wind pressure up to 2400Pa with ease.</p>
</li>
<li data-start=""2553"" data-end=""2675"">
<p data-start=""2555"" data-end=""2675"">✅ <strong data-start=""2557"" data-end=""2591"">Anti-Reflective Tempered Glass</strong> – Improves light absorption while protecting against impact, scratches, and dirt.</p>
</li>
<li data-start=""2676"" data-end=""2806"">
<p data-start=""2678"" data-end=""2806"">✅ <strong data-start=""2680"" data-end=""2710"">1500V System Compatibility</strong> – Enables efficient large-scale installations with lower cabling and balance-of-system costs.</p>
</li>
<li data-start=""2807"" data-end=""2930"">
<p data-start=""2809"" data-end=""2930"">✅ <strong data-start=""2811"" data-end=""2846"">Global Certification Compliance</strong> – Fully tested to meet IEC, CE, and UL quality, safety, and durability standards.</p>
</li>
<li data-start=""2931"" data-end=""3055"">
<p data-start=""2933"" data-end=""3055"">✅ <strong data-start=""2935"" data-end=""2961"">Versatile Applications</strong> – Perfect for grid-tied, hybrid, and off-grid solar installations across different sectors.</p>
</li>
<li data-start=""3056"" data-end=""3176"">
<p data-start=""3058"" data-end=""3176"">✅ <strong data-start=""3060"" data-end=""3082"">Long-Term Warranty</strong> – Includes 12 years product and 25 years linear power warranty for lasting solar performance.</p>
</li>
</ul>
<hr data-start=""3178"" data-end=""3181"" />
<h3 data-start=""3183"" data-end=""3216"">📦 Technical Specifications</h3>
<ul data-start=""3218"" data-end=""3893"">
<li data-start=""3218"" data-end=""3262"">
<p data-start=""3220"" data-end=""3262""><strong data-start=""3220"" data-end=""3230"">Model:</strong> Canadian Solar 410W Mono PERC</p>
</li>
<li data-start=""3263"" data-end=""3294"">
<p data-start=""3265"" data-end=""3294""><strong data-start=""3265"" data-end=""3282"">Power Output:</strong> 410 Watts</p>
</li>
<li data-start=""3295"" data-end=""3344"">
<p data-start=""3297"" data-end=""3344""><strong data-start=""3297"" data-end=""3311"">Cell Type:</strong> Monocrystalline PERC Half-Cell</p>
</li>
<li data-start=""3345"" data-end=""3382"">
<p data-start=""3347"" data-end=""3382""><strong data-start=""3347"" data-end=""3368"">Panel Efficiency:</strong> Up to 20.9%</p>
</li>
<li data-start=""3383"" data-end=""3425"">
<p data-start=""3385"" data-end=""3425""><strong data-start=""3385"" data-end=""3416"">Open Circuit Voltage (Voc):</strong> ~37.4V</p>
</li>
<li data-start=""3426"" data-end=""3469"">
<p data-start=""3428"" data-end=""3469""><strong data-start=""3428"" data-end=""3460"">Short Circuit Current (Isc):</strong> ~13.9A</p>
</li>
<li data-start=""3470"" data-end=""3513"">
<p data-start=""3472"" data-end=""3513""><strong data-start=""3472"" data-end=""3504"">Maximum Power Voltage (Vmp):</strong> ~31.3V</p>
</li>
<li data-start=""3514"" data-end=""3557"">
<p data-start=""3516"" data-end=""3557""><strong data-start=""3516"" data-end=""3548"">Maximum Power Current (Imp):</strong> ~13.1A</p>
</li>
<li data-start=""3558"" data-end=""3598"">
<p data-start=""3560"" data-end=""3598""><strong data-start=""3560"" data-end=""3587"">Maximum System Voltage:</strong> 1500V DC</p>
</li>
<li data-start=""3599"" data-end=""3639"">
<p data-start=""3601"" data-end=""3639""><strong data-start=""3601"" data-end=""3616"">Dimensions:</strong> ~1722 × 1134 × 30 mm</p>
</li>
<li data-start=""3640"" data-end=""3664"">
<p data-start=""3642"" data-end=""3664""><strong data-start=""3642"" data-end=""3653"">Weight:</strong> ~21.5 kg</p>
</li>
<li data-start=""3665"" data-end=""3704"">
<p data-start=""3667"" data-end=""3704""><strong data-start=""3667"" data-end=""3677"">Glass:</strong> 3.2mm Tempered AR Coated</p>
</li>
<li data-start=""3705"" data-end=""3743"">
<p data-start=""3707"" data-end=""3743""><strong data-start=""3707"" data-end=""3726"">Connector Type:</strong> MC4 Compatible</p>
</li>
<li data-start=""3744"" data-end=""3785"">
<p data-start=""3746"" data-end=""3785""><strong data-start=""3746"" data-end=""3768"">Temperature Range:</strong> -40°C to +85°C</p>
</li>
<li data-start=""3786"" data-end=""3838"">
<p data-start=""3788"" data-end=""3838""><strong data-start=""3788"" data-end=""3807"">Certifications:</strong> IEC 61215, IEC 61730, UL, CE</p>
</li>
<li data-start=""3839"" data-end=""3893"">
<p data-start=""3841"" data-end=""3893""><strong data-start=""3841"" data-end=""3854"">Warranty:</strong> 12-Year Product / 25-Year Power Output</p>
</li>
</ul>
<hr data-start=""3895"" data-end=""3898"" />
<h3 data-start=""3900"" data-end=""3927"">💡 Ideal Applications</h3>
<ul data-start=""3929"" data-end=""4533"">
<li data-start=""3929"" data-end=""4049"">
<p data-start=""3931"" data-end=""4049"">🏡 <strong data-start=""3934"" data-end=""3958"">Residential Rooftops</strong> – Maximize power output in limited roof space with high-efficiency half-cell technology.</p>
</li>
<li data-start=""4050"" data-end=""4184"">
<p data-start=""4052"" data-end=""4184"">🏢 <strong data-start=""4055"" data-end=""4083"">Commercial Installations</strong> – Reliable and cost-effective solution for office buildings, warehouses, and retail solar systems.</p>
</li>
<li data-start=""4185"" data-end=""4313"">
<p data-start=""4187"" data-end=""4313"">🌍 <strong data-start=""4190"" data-end=""4214"">Hybrid Solar Systems</strong> – Works flawlessly with hybrid inverters to support daytime load and nighttime battery charging.</p>
</li>
<li data-start=""4314"" data-end=""4421"">
<p data-start=""4316"" data-end=""4421"">🏕️ <strong data-start=""4320"" data-end=""4338"">Off-Grid Power</strong> – Great for rural installations requiring consistent output and low maintenance.</p>
</li>
<li data-start=""4422"" data-end=""4533"">
<p data-start=""4424"" data-end=""4533"">⚡ <strong data-start=""4426"" data-end=""4459"">Carports and Shade Structures</strong> – Delivers power while serving as functional shade or vehicle protection.</p>
</li>
</ul>","","","taxable","","0","","","0","0","","","","","1","","","1290.00","Solar Panels","Canadian, Solar Panel","","https://sasolarexperts.co.za/wp-content/uploads/2023/12/Canadian-Solar-132-TOPCon-BF-Black_Silver-710w-Solar-Panel-CS7N-TB-AG-710.jpg","","","","","","","","","0","Canadian Solar Panels","588","https://sasolarexperts.co.za/product/410w-canadian-mono-solar-panel/"
"","simple","17251","10kVA Luxpower Inverter","1","0","visible","<p>The 10kVA Luxpower Inverter offers unmatched energy versatility by supporting solar, grid, and battery sources for consistent and uninterrupted power delivery.</p>
<p>Moreover, its intelligent MPPT charging technology maximizes solar energy production even when weather conditions fluctuate or panel orientation is not ideal.</p>
<p>Because of its pure sine wave output, it safely powers delicate appliances like fridges, computers, air conditioners, and entertainment systems with ease.</p>","<p>10kVA Luxpower Inverter</p>
<p>The 10kVA Luxpower Inverter offers unmatched energy versatility by supporting solar, grid, and battery sources for consistent and uninterrupted power delivery.</p>
<p>Moreover, its intelligent MPPT charging technology maximizes solar energy production even when weather conditions fluctuate or panel orientation is not ideal.</p>
<p>Because of its pure sine wave output, it safely powers delicate appliances like fridges, computers, air conditioners, and entertainment systems with ease.</p>
<p>Furthermore, it features rapid automatic transfer between power sources, so your connected devices stay protected from outages and voltage drops immediately.</p>
<p>Besides that, it supports both lithium-ion and lead-acid batteries, allowing users to customize their power system based on storage preferences.</p>
<p>Additionally, it includes robust protection against overload, overcharging, overheating, and short circuits, which ensures long-lasting and safe operation every day.</p>
<p>Also, users can access live performance metrics via Wi-Fi or mobile app, thereby allowing real-time monitoring and remote troubleshooting capabilities.</p>
<p>Consequently, it reduces the need for manual checks and empowers users to manage and optimize energy use directly from their smartphones.</p>
<p>Not only that, it provides detailed energy flow data using its smart LCD display, which helps in assessing consumption and solar production.</p>
<p>Because of its large output capacity and scalable design, this inverter is ideal for large homes, offices, or solar-powered commercial buildings.</p>
<p>✅ Pure Sine Wave Output – Ensures safe operation for all sensitive electronic appliances like servers, aircons, and TVs.</p>
<p>✅ Advanced MPPT Controller – Enhances solar energy harvest by automatically adjusting to optimal voltage and current.</p>
<p>✅ Remote Monitoring – Offers mobile app and online access to track usage, inverter status, and battery performance in real-time.</p>
<p>✅ Smart Battery Compatibility – Supports 48V lithium-ion and lead-acid batteries for flexible system configuration and expansion.</p>
<p>✅ Fast Source Switching – Changes between grid, battery, and solar without delay to maintain continuous power output.</p>
<p>✅ Multiple Safety Protections – Includes built-in safeguards against overloads, overheating, and faults for user and equipment safety.</p>
<p>✅ User-Friendly Display – Displays real-time status, output data, and energy usage through an intuitive LCD and LED panel.</p>
<p>✅ High Capacity Output – Provides 10kVA power to run entire homes, shops, or office networks during outages or load shedding.</p>
<p>✅ Durable &amp; Compact Design – Space-saving wall mount structure with long lifespan, backed by a solid manufacturer’s warranty.</p>
<p>📦 Technical Specifications<br />
Model: Luxpower 10kVA Hybrid Inverter</p>
<p>Rated Power Output: 10,000VA / 10,000W</p>
<p>Battery Voltage: 48V DC</p>
<p>Waveform: Pure Sine Wave</p>
<p>AC Output Voltage: 230V ± 5%</p>
<p>MPPT Input Power: Up to 12,000W</p>
<p>Max PV Input Voltage: 145V DC</p>
<p>MPPT Efficiency: 99.5%</p>
<p>Battery Compatibility: Lithium-ion &amp; Lead-acid</p>
<p>Switch Over Time: &lt;10ms</p>
<p>Monitoring Support: Wi-Fi, RS485, CAN, Mobile App</p>
<p>Display: LCD Screen with LED indicators</p>
<p>Operating Temperature: -10°C to 50°C</p>
<p>Enclosure Protection: IP20 (Indoor Use)</p>
<p>Dimensions: ± 560 × 360 × 180 mm</p>
<p>Weight: ± 16.5 kg</p>
<p>Warranty: 5 Years Standard (Extended Available)</p>
<p>💡 Ideal Applications<br />
🏠 Large Residential Homes – Easily powers large households, including aircons, geysers, kitchen appliances, and home offices.</p>
<p>🏢 Commercial Offices – Supports server rooms, computers, and lighting systems during extended outages or load shedding.</p>
<p>🏭 Retail Shops &amp; Warehouses – Operates machinery, point-of-sale systems, and lighting in retail or storage environments.</p>
<p>🌞 Off-Grid Installations – Provides complete independence from the utility grid using solar and battery power.</p>
<p>📶 Smart Monitoring Projects – Enables energy managers to track real-time stats and maximize solar power system efficiency.</p>","","","taxable","","1","","","0","0","","","","","1","","","35000.00","Inverters","Inverters, LuxPower","","https://sasolarexperts.co.za/wp-content/uploads/2026/03/luxpower-600x600-1.png, https://sasolarexperts.co.za/wp-content/uploads/2026/03/luxpower-600x600-1-1.png, https://sasolarexperts.co.za/wp-content/uploads/2026/03/luxpower-600x600-1-2.png","","","","","","","","","0","Luxpower","3684","https://sasolarexperts.co.za/product/10kva-luxpower-inverter/"
"","simple","17267","5.5kVA Must Inverter","1","0","visible","<p data-start=""565"" data-end=""710"">The <strong data-start=""569"" data-end=""593"">5.5kVA MUST Inverter</strong> is a reliable and cost-effective hybrid inverter designed for both residential and small commercial solar systems.</p>
<p data-start=""712"" data-end=""848"">Moreover, it intelligently manages solar, grid, and battery power to ensure your appliances always receive a continuous energy supply.</p>","<h1>5.5kVA Must Inverter</h1>
<p data-start=""565"" data-end=""710"">The <strong data-start=""569"" data-end=""593"">5.5kVA MUST Inverter</strong> is a reliable and cost-effective hybrid inverter designed for both residential and small commercial solar systems.</p>
<p data-start=""712"" data-end=""848"">Moreover, it intelligently manages solar, grid, and battery power to ensure your appliances always receive a continuous energy supply.</p>
<p data-start=""850"" data-end=""979"">Because it features a pure sine wave output, your electronics remain safe and operate smoothly even during sudden load changes.</p>
<p data-start=""981"" data-end=""1126"">Furthermore, it includes an integrated MPPT charge controller that increases solar efficiency by tracking maximum power from your solar panels.</p>
<p data-start=""1128"" data-end=""1265"">Also, its user-friendly LCD display provides real-time data, allowing you to monitor solar input, battery status, and load performance.</p>
<p data-start=""1267"" data-end=""1415"">Besides its intelligent features, the inverter supports lithium-ion and lead-acid batteries, offering great flexibility for various energy setups.</p>
<p data-start=""1417"" data-end=""1544"">In addition, it allows remote monitoring via Wi-Fi or GPRS modules, so you can manage energy systems from anywhere with ease.</p>
<p data-start=""1546"" data-end=""1679"">Since it offers automatic switching, it seamlessly shifts between grid, solar, and battery power to prevent any power interruption.</p>
<p data-start=""1681"" data-end=""1834"">Equally important, it comes with multiple safety features that protect your home against over-voltage, short-circuits, or battery over-discharge risks.</p>
<p data-start=""1836"" data-end=""1964"">Finally, the 5.5kVA MUST Inverter is ideal for areas with unstable power, frequent load shedding, or full off-grid solar setups.</p>
<hr data-start=""1966"" data-end=""1969"" />
<h3 data-start=""1971"" data-end=""2015"">✅ Key Benefits of 5.5kVA MUST Inverter</h3>
<ul data-start=""2017"" data-end=""3400"">
<li data-start=""2017"" data-end=""2162"">
<p data-start=""2019"" data-end=""2162"">✅ <strong data-start=""2021"" data-end=""2045"">Hybrid Functionality</strong> – Seamlessly switches between solar, battery, and grid to provide uninterrupted power throughout the day or night.</p>
</li>
<li data-start=""2163"" data-end=""2307"">
<p data-start=""2165"" data-end=""2307"">✅ <strong data-start=""2167"" data-end=""2192"">Pure Sine Wave Output</strong> – Ensures smooth, clean power for even the most sensitive electronics, like TVs, fridges, and medical equipment.</p>
</li>
<li data-start=""2308"" data-end=""2449"">
<p data-start=""2310"" data-end=""2449"">✅ <strong data-start=""2312"" data-end=""2340"">Built-in MPPT Controller</strong> – Maximizes the output from solar panels, delivering higher energy yields for improved system performance.</p>
</li>
<li data-start=""2450"" data-end=""2584"">
<p data-start=""2452"" data-end=""2584"">✅ <strong data-start=""2454"" data-end=""2477"">Smart LCD Interface</strong> – Displays real-time information on system status, helping users monitor and optimize performance daily.</p>
</li>
<li data-start=""2585"" data-end=""2738"">
<p data-start=""2587"" data-end=""2738"">✅ <strong data-start=""2589"" data-end=""2614"">Battery Compatibility</strong> – Supports lithium-ion and lead-acid batteries, giving installers wide compatibility with various energy storage systems.</p>
</li>
<li data-start=""2739"" data-end=""2868"">
<p data-start=""2741"" data-end=""2868"">✅ <strong data-start=""2743"" data-end=""2764"">Remote Monitoring</strong> – Allows system owners to track energy data and inverter performance through Wi-Fi or mobile modules.</p>
</li>
<li data-start=""2869"" data-end=""2993"">
<p data-start=""2871"" data-end=""2993"">✅ <strong data-start=""2873"" data-end=""2899"">High Solar Input Range</strong> – Supports large solar arrays, making it suitable for scaling systems as energy needs grow.</p>
</li>
<li data-start=""2994"" data-end=""3124"">
<p data-start=""2996"" data-end=""3124"">✅ <strong data-start=""2998"" data-end=""3028"">Compact &amp; Efficient Design</strong> – Fits easily into homes or offices with minimal space and provides quiet, fan-based cooling.</p>
</li>
<li data-start=""3125"" data-end=""3267"">
<p data-start=""3127"" data-end=""3267"">✅ <strong data-start=""3129"" data-end=""3161"">Advanced Protection Features</strong> – Includes safeguards against overloads, voltage surges, and high temperature for worry-free operation.</p>
</li>
<li data-start=""3268"" data-end=""3400"">
<p data-start=""3270"" data-end=""3400"">✅ <strong data-start=""3272"" data-end=""3301"">Perfect for Load Shedding</strong> – Keeps lights, internet, and appliances running during power outages or grid instability periods.</p>
</li>
</ul>
<hr data-start=""3402"" data-end=""3405"" />
<h3 data-start=""3407"" data-end=""3440"">📦 Technical Specifications</h3>
<ul data-start=""3442"" data-end=""4164"">
<li data-start=""3442"" data-end=""3484"">
<p data-start=""3444"" data-end=""3484""><strong data-start=""3444"" data-end=""3454"">Model:</strong> MUST 5.5kVA Hybrid Inverter</p>
</li>
<li data-start=""3485"" data-end=""3520"">
<p data-start=""3487"" data-end=""3520""><strong data-start=""3487"" data-end=""3503"">Rated Power:</strong> 5500VA / 5500W</p>
</li>
<li data-start=""3521"" data-end=""3552"">
<p data-start=""3523"" data-end=""3552""><strong data-start=""3523"" data-end=""3543"">Battery Voltage:</strong> 48V DC</p>
</li>
<li data-start=""3553"" data-end=""3590"">
<p data-start=""3555"" data-end=""3590""><strong data-start=""3555"" data-end=""3573"">Waveform Type:</strong> Pure Sine Wave</p>
</li>
<li data-start=""3591"" data-end=""3626"">
<p data-start=""3593"" data-end=""3626""><strong data-start=""3593"" data-end=""3615"">AC Output Voltage:</strong> 230V ±5%</p>
</li>
<li data-start=""3627"" data-end=""3667"">
<p data-start=""3629"" data-end=""3667""><strong data-start=""3629"" data-end=""3658"">Max Solar PV Input Power:</strong> ~6000W</p>
</li>
<li data-start=""3668"" data-end=""3711"">
<p data-start=""3670"" data-end=""3711""><strong data-start=""3670"" data-end=""3693"">Solar Charger Type:</strong> MPPT (Max 100A)</p>
</li>
<li data-start=""3712"" data-end=""3755"">
<p data-start=""3714"" data-end=""3755""><strong data-start=""3714"" data-end=""3739"">Max PV Input Voltage:</strong> Up to 500V DC</p>
</li>
<li data-start=""3756"" data-end=""3780"">
<p data-start=""3758"" data-end=""3780""><strong data-start=""3758"" data-end=""3773"">Efficiency:</strong> &gt;93%</p>
</li>
<li data-start=""3781"" data-end=""3834"">
<p data-start=""3783"" data-end=""3834""><strong data-start=""3783"" data-end=""3808"">Battery Type Support:</strong> Lithium-ion &amp; Lead-acid</p>
</li>
<li data-start=""3835"" data-end=""3890"">
<p data-start=""3837"" data-end=""3890""><strong data-start=""3837"" data-end=""3853"">LCD Display:</strong> Yes, with multifunction monitoring</p>
</li>
<li data-start=""3891"" data-end=""3948"">
<p data-start=""3893"" data-end=""3948""><strong data-start=""3893"" data-end=""3919"">Wi-Fi/GPRS Monitoring:</strong> Optional modules available</p>
</li>
<li data-start=""3949"" data-end=""4003"">
<p data-start=""3951"" data-end=""4003""><strong data-start=""3951"" data-end=""3975"">Communication Ports:</strong> RS232 / USB / Dry Contact</p>
</li>
<li data-start=""4004"" data-end=""4041"">
<p data-start=""4006"" data-end=""4041""><strong data-start=""4006"" data-end=""4025"">Operating Temp:</strong> -10°C to 50°C</p>
</li>
<li data-start=""4042"" data-end=""4088"">
<p data-start=""4044"" data-end=""4088""><strong data-start=""4044"" data-end=""4059"">Dimensions:</strong> Approx. 470 × 330 × 135 mm</p>
</li>
<li data-start=""4089"" data-end=""4114"">
<p data-start=""4091"" data-end=""4114""><strong data-start=""4091"" data-end=""4102"">Weight:</strong> ~13–15 kg</p>
</li>
<li data-start=""4115"" data-end=""4164"">
<p data-start=""4117"" data-end=""4164""><strong data-start=""4117"" data-end=""4130"">Warranty:</strong> 2–5 years (depending on supplier)</p>
</li>
</ul>
<hr data-start=""4166"" data-end=""4169"" />
<h3 data-start=""4171"" data-end=""4198"">💡 Ideal Applications</h3>
<ul data-start=""4200"" data-end=""4807"">
<li data-start=""4200"" data-end=""4322"">
<p data-start=""4202"" data-end=""4322"">🏠 <strong data-start=""4205"" data-end=""4233"">Homes with Load Shedding</strong> – Keeps essential household devices powered during blackouts or electricity shortages.</p>
</li>
<li data-start=""4323"" data-end=""4446"">
<p data-start=""4325"" data-end=""4446"">🏢 <strong data-start=""4328"" data-end=""4355"">Offices and Small Shops</strong> – Supports basic commercial equipment like computers, routers, lights, and CCTV systems.</p>
</li>
<li data-start=""4447"" data-end=""4559"">
<p data-start=""4449"" data-end=""4559"">🌐 <strong data-start=""4452"" data-end=""4481"">Remote Off-Grid Locations</strong> – Ideal for rural homes or businesses without stable access to electricity.</p>
</li>
<li data-start=""4560"" data-end=""4688"">
<p data-start=""4562"" data-end=""4688"">🔋 <strong data-start=""4565"" data-end=""4597"">Battery-Centric Solar Setups</strong> – Works perfectly with energy storage systems for optimal off-grid or backup operations.</p>
</li>
<li data-start=""4689"" data-end=""4807"">
<p data-start=""4691"" data-end=""4807"">☀️ <strong data-start=""4694"" data-end=""4721"">Grid-Tied Solar Systems</strong> – Enhances solar usage by intelligently switching to solar when the sun is available.</p>
</li>
</ul>","","","taxable","","1","","","0","0","","","","","1","","","6500.00","Inverters","Inverters, Must","","https://sasolarexperts.co.za/wp-content/uploads/2026/03/Inverters-5.5kVA-Must-Inverter.jpeg","","","","","","","","","0","Must","3700","https://sasolarexperts.co.za/product/5-5kva-must-inverter/"
"","simple","17324","Accessories Battery Disconnector with 160A 2 Fuses","1","0","visible","<h2>Description</h2>
<p>The function of a fuse holder is<br />
to integrate fuses safely in electrical circuits,<br />
ensure a robust current path (voltage does not creep to other components)<br />
and provide a method to replace fuses once they manage overcurrent events as intended.</p>
<p>&nbsp;</p>","<h2><strong>DC 3 Pole  Battery Fuse Disconnector Box 160A 48V with 2 x 160A Fuse Links</strong></h2>
<ul>
<li>Battery Disconnect Fuse Holder  ideal for 3Kw-5Kw inverters, between battery and inverter.</li>
<li>Poles 3</li>
<li>Use NH00 60A-160A blade fuse</li>
<li>50Ka rating</li>
</ul>
<h2>Description</h2>
<p>The function of a fuse holder is<br />
to integrate fuses safely in electrical circuits,<br />
ensure a robust current path (voltage does not creep to other components)<br />
and provide a method to replace fuses once they manage overcurrent events as intended.</p>
<p>&nbsp;</p>","","","taxable","","1","","","0","0","","","","","1","","","750.00","Accessories","","","https://sasolarexperts.co.za/wp-content/uploads/2026/03/Accessories-Battery-Disconnector-with-160A-2-Fuses.jpg","","","","","","","","","0","","3779","https://sasolarexperts.co.za/product/accessories-battery-disconnector-with-160a-2-fuses/"
"","simple","18163","Lithium Battery Ecco 10.24kwh","1","0","visible","<p>Widely Compatibility: support major leading inverter brands and conventional</p>
<p>VRLA powered system.<br />
Superior Safety: build-in BMS——eliminates the risk of explosion or combustion<br />
due to high impact, overcharging or short circuit situation with safe lithium iron<br />
phosphate chemist.</p>","<div class=""woocommerce-tabs wc-tabs-wrapper"">
<div id=""tab-description"" class=""woocommerce-Tabs-panel woocommerce-Tabs-panel--description panel entry-content wc-tab"" role=""tabpanel"" aria-labelledby=""tab-title-description"">
<h2>Description</h2>
<p>Widely Compatibility: support major leading inverter brands and conventional</p>
<p>VRLA powered system.<br />
Superior Safety: build-in BMS——eliminates the risk of explosion or combustion<br />
due to high impact, overcharging or short circuit situation with safe lithium iron<br />
phosphate chemist.<br />
Flexible Configuration: floor stand design easy to be installed. Optional HMI,<br />
max. 16 sets in parallel supported.<br />
High Performance: support 1C or 100A charge/discharge, widely working<br />
temperature. Cells comply with CE, UL and IEC standards.</p>
<p>Technical Parameters</p>
<p>Nominal Voltage (V) 51.2<br />
Nominal Capacity (Ah) 200<br />
Total Energy (Wh) 10240<br />
Operating Voltage Range (V)<br />
Standard Charge/Discharge Current (A)<br />
Max. Charge/Discharge Current (A) 180 CH / 180 DCH<br />
Peak Output Current (A) 200@10s<br />
Lithium Chemistry LiFePO₄<br />
Cycle Life 6000 @ 0.5C 80% DOD<br />
Design Life 20 years<br />
Scalability Max 16P (less than 8P need no external setup)<br />
Installation Floor stand</p>
<p>Mechanical Specifications</p>
<p>Dimension (mm) W591 * D157.5 * H1025<br />
Weight (kg) Approx. 95<br />
Communication RS485, CAN<br />
Ingress Rating IP 54<br />
Safety Standards UN38.3, CE</p>
<p>Operating Performance<br />
6000 Cycles &amp; 80% DOD</p>
<p>5 Years Warranty</p>
</div>
</div>
<section class=""related products"">
<h2></h2>
</section>","","","taxable","","0","","","0","0","","","","","1","","","25695.00","Lithium Batteries","","","https://sasolarexperts.co.za/wp-content/uploads/2026/03/Lithium-Battery-Ecco-10.24kwh.jpg","","","","","","","","","0","ecco","3783","https://sasolarexperts.co.za/product/lithium-battery-ecco-10-24kwh/"
"","simple","17352","Lithium Battery Felicity 15kWh","1","0","visible","<p data-start=""675"" data-end=""855"">The <strong data-start=""679"" data-end=""713"">15kWh Felicity Lithium Battery</strong> offers high-performance solar energy storage designed for large households, businesses, or off-grid applications needing consistent backup.</p>
<p data-start=""857"" data-end=""1024"">Firstly, it utilizes lithium iron phosphate (LiFePO₄) chemistry, which guarantees enhanced safety, stability, and long-term performance under demanding energy loads.</p>
<p data-start=""1026"" data-end=""1193"">Because it provides a <strong data-start=""1048"" data-end=""1081"">massive 15kWh usable capacity</strong>, it powers high-demand appliances like air conditioners, pumps, freezers, and entertainment systems reliably.</p>","<div class=""woocommerce-tabs wc-tabs-wrapper"">
<div id=""tab-description"" class=""woocommerce-Tabs-panel woocommerce-Tabs-panel--description panel entry-content wc-tab"" role=""tabpanel"" aria-labelledby=""tab-title-description"">
<h2>Description</h2>
<p data-start=""675"" data-end=""855"">The <strong data-start=""679"" data-end=""713"">15kWh Felicity Lithium Battery</strong> offers high-performance solar energy storage designed for large households, businesses, or off-grid applications needing consistent backup.</p>
<p data-start=""857"" data-end=""1024"">Firstly, it utilizes lithium iron phosphate (LiFePO₄) chemistry, which guarantees enhanced safety, stability, and long-term performance under demanding energy loads.</p>
<p data-start=""1026"" data-end=""1193"">Because it provides a <strong data-start=""1048"" data-end=""1081"">massive 15kWh usable capacity</strong>, it powers high-demand appliances like air conditioners, pumps, freezers, and entertainment systems reliably.</p>
<p data-start=""1195"" data-end=""1339"">Moreover, it delivers over <strong data-start=""1222"" data-end=""1270"">6000 charge cycles at 80% Depth of Discharge</strong>, ensuring daily reliability over many years without capacity loss.</p>
<p data-start=""1341"" data-end=""1511"">In addition, the integrated Battery Management System (BMS) protects against over-voltage, over-temperature, and short circuit conditions effectively and automatically.</p>
<p data-start=""1513"" data-end=""1657"">Although large in capacity, this battery is designed for simple integration with rack-mounted systems and wall-mounted inverter installations.</p>
<p data-start=""1659"" data-end=""1819"">Furthermore, it offers <strong data-start=""1682"" data-end=""1712"">plug-and-play connectivity</strong> and supports communication via RS485 and CAN for seamless inverter compatibility with top global brands.</p>
<p data-start=""1821"" data-end=""1970"">Because of its efficient power delivery, it’s suitable for hybrid and off-grid systems where reliability and long runtime are absolutely essential.</p>
<p data-start=""1972"" data-end=""2139"">Consequently, users enjoy continuous energy supply during load shedding, cloudy weather, or peak evening consumption without system instability or performance drops.</p>
<p data-start=""2141"" data-end=""2285"">Finally, the <strong data-start=""2154"" data-end=""2188"">15kWh Felicity Lithium Battery</strong> includes a full 10-year warranty, offering peace of mind and proven support from Felicity Solar.</p>
<hr data-start=""2287"" data-end=""2290"" />
<h3 data-start=""2292"" data-end=""2346"">✅ Key Benefits of 15kWh Felicity Lithium Battery</h3>
<ul data-start=""2348"" data-end=""3671"">
<li data-start=""2348"" data-end=""2493"">
<p data-start=""2350"" data-end=""2493"">✅ <strong data-start=""2352"" data-end=""2384"">15kWh Usable Energy Capacity</strong> – Supports large homes or commercial properties during extended outages or high-load energy demand cycles.</p>
</li>
<li data-start=""2494"" data-end=""2650"">
<p data-start=""2496"" data-end=""2650"">✅ <strong data-start=""2498"" data-end=""2524"">LiFePO₄ Cell Chemistry</strong> – Offers thermal stability, fire safety, and longer battery life compared to traditional lithium or lead-acid technologies.</p>
</li>
<li data-start=""2651"" data-end=""2790"">
<p data-start=""2653"" data-end=""2790"">✅ <strong data-start=""2655"" data-end=""2678"">6000+ Charge Cycles</strong> – Designed for daily cycling, maintaining consistent output for years under proper solar charging conditions.</p>
</li>
<li data-start=""2791"" data-end=""2935"">
<p data-start=""2793"" data-end=""2935"">✅ <strong data-start=""2795"" data-end=""2817"">Built-in Smart BMS</strong> – Ensures safe operation with automatic cutoffs, voltage regulation, and temperature monitoring on every discharge.</p>
</li>
<li data-start=""2936"" data-end=""3077"">
<p data-start=""2938"" data-end=""3077"">✅ <strong data-start=""2940"" data-end=""2971"">Wide Inverter Compatibility</strong> – Supports communication with Deye, Sunsynk, Victron, LuxPower, and more using RS485 and CAN protocols.</p>
</li>
<li data-start=""3078"" data-end=""3213"">
<p data-start=""3080"" data-end=""3213"">✅ <strong data-start=""3082"" data-end=""3105"">Plug-and-Play Setup</strong> – Simplifies installation process for technicians while reducing system configuration time significantly.</p>
</li>
<li data-start=""3214"" data-end=""3365"">
<p data-start=""3216"" data-end=""3365"">✅ <strong data-start=""3218"" data-end=""3245"">Rack-Mount Ready Design</strong> – Installs cleanly in battery enclosures, inverter rooms, or off-grid power cabinets with minimal space requirements.</p>
</li>
<li data-start=""3366"" data-end=""3521"">
<p data-start=""3368"" data-end=""3521"">✅ <strong data-start=""3370"" data-end=""3400"">Ideal for Off-Grid Systems</strong> – Handles continuous power requirements in remote sites or eco-homes disconnected from unreliable grid infrastructure.</p>
</li>
<li data-start=""3522"" data-end=""3671"">
<p data-start=""3524"" data-end=""3671"">✅ <strong data-start=""3526"" data-end=""3559"">10-Year Manufacturer Warranty</strong> – Offers dependable long-term support from Felicity Solar, a global leader in renewable energy storage systems.</p>
</li>
</ul>
<hr data-start=""3673"" data-end=""3676"" />
<h3 data-start=""3678"" data-end=""3711"">📦 Technical Specifications</h3>
<ul data-start=""3713"" data-end=""4162"">
<li data-start=""3713"" data-end=""3767"">
<p data-start=""3715"" data-end=""3767""><strong data-start=""3715"" data-end=""3732"">Battery Type:</strong> Lithium Iron Phosphate (LiFePO₄)</p>
</li>
<li data-start=""3768"" data-end=""3796"">
<p data-start=""3770"" data-end=""3796""><strong data-start=""3770"" data-end=""3790"">Nominal Voltage:</strong> 48V</p>
</li>
<li data-start=""3797"" data-end=""3820"">
<p data-start=""3799"" data-end=""3820""><strong data-start=""3799"" data-end=""3812"">Capacity:</strong> 300Ah</p>
</li>
<li data-start=""3821"" data-end=""3849"">
<p data-start=""3823"" data-end=""3849""><strong data-start=""3823"" data-end=""3841"">Usable Energy:</strong> 15kWh</p>
</li>
<li data-start=""3850"" data-end=""3892"">
<p data-start=""3852"" data-end=""3892""><strong data-start=""3852"" data-end=""3867"">Cycle Life:</strong> 6000+ cycles @ 80% DoD</p>
</li>
<li data-start=""3893"" data-end=""3927"">
<p data-start=""3895"" data-end=""3927""><strong data-start=""3895"" data-end=""3913"">Communication:</strong> CAN / RS485</p>
</li>
<li data-start=""3928"" data-end=""3979"">
<p data-start=""3930"" data-end=""3979""><strong data-start=""3930"" data-end=""3948"">Mounting Type:</strong> Rack-Mount or Floor-Standing</p>
</li>
<li data-start=""3980"" data-end=""4024"">
<p data-start=""3982"" data-end=""4024""><strong data-start=""3982"" data-end=""4008"">Operating Temperature:</strong> -10°C to 50°C</p>
</li>
<li data-start=""4025"" data-end=""4076"">
<p data-start=""4027"" data-end=""4076""><strong data-start=""4027"" data-end=""4042"">Dimensions:</strong> Varies by model (confirm exact)</p>
</li>
<li data-start=""4077"" data-end=""4135"">
<p data-start=""4079"" data-end=""4135""><strong data-start=""4079"" data-end=""4090"">Weight:</strong> Approx. 130–150 kg (confirm with supplier)</p>
</li>
<li data-start=""4136"" data-end=""4162"">
<p data-start=""4138"" data-end=""4162""><strong data-start=""4138"" data-end=""4151"">Warranty:</strong> 10 Years</p>
</li>
</ul>
<hr data-start=""4164"" data-end=""4167"" />
<h3 data-start=""4169"" data-end=""4196"">💡 Ideal Applications</h3>
<ul data-start=""4198"" data-end=""4791"">
<li data-start=""4198"" data-end=""4317"">
<p data-start=""4200"" data-end=""4317"">🏠 Large residential homes needing full-home energy backup for long durations during load shedding or after sunset.</p>
</li>
<li data-start=""4318"" data-end=""4438"">
<p data-start=""4320"" data-end=""4438"">🏢 Small to medium businesses requiring stable power for servers, air conditioning, and operational equipment daily.</p>
</li>
<li data-start=""4439"" data-end=""4546"">
<p data-start=""4441"" data-end=""4546"">🌍 Off-grid living systems where uninterrupted power is necessary, especially in remote or rural areas.</p>
</li>
<li data-start=""4547"" data-end=""4662"">
<p data-start=""4549"" data-end=""4662"">🔋 Hybrid solar systems with high energy generation and storage requirements across day and night usage cycles.</p>
</li>
<li data-start=""4663"" data-end=""4791"">
<p data-start=""4665"" data-end=""4791"">💡 Facilities seeking cost-effective, high-capacity lithium storage for reducing grid dependency and improving sustainability.</p>
</li>
</ul>
</div>
</div>
<section class=""related products""></section>","","","taxable","","0","","","0","0","","","","","1","","","32100.00","Lithium Batteries","","","https://sasolarexperts.co.za/wp-content/uploads/2026/03/Lithium-Battery-Felicity-15kWh.png","","","","","","","","","0","Felicity","3785","https://sasolarexperts.co.za/product/lithium-battery-felicity-15kwh/"
"","simple","19160","Lithium Battery Hina Ess powergem max 16kwh","1","0","visible","<p>Product Features 16.076kWh Rated Energy 200A Continuous Power 35 Units Stackable 3 ways to Install Ultra safe LFP material Short circuit protection Flexible remote upgrade Wi-Fi / Bluetooth available 8000 Cycles Wide range inverter compatibility Multi protection to avoid over discharge Smart BMS management for longer lifespan Heating system optional, quality design for robust applications Stackable / floor-standing / wall-mount installations Fire suppression built in, wheels or foot brackets options</p>","<h2>Description</h2>
<p>Product Features 16.076kWh Rated Energy 200A Continuous Power 35 Units Stackable 3 ways to Install Ultra safe LFP material Short circuit protection Flexible remote upgrade Wi-Fi / Bluetooth available 8000 Cycles Wide range inverter compatibility Multi protection to avoid over discharge Smart BMS management for longer lifespan Heating system optional, quality design for robust applications Stackable / floor-standing / wall-mount installations Fire suppression built in, wheels or foot brackets options</p>
<p>About the HINA ESS PowerGem Max 16kWh The HINA ESS PowerGem Max 16kWh is a premium LFP battery module crafted for high reliability, long life, and versatile installation. Designed for both residential and commercial settings, it is ideal for applications demanding resilient backup power or solar energy storage.</p>
<p>Detailed Features High Usable Capacity &amp; Longevity: Rated energy: 16.076 kWh with approximately 90% usable depth of discharge (DOD). Withstands up to 8,000 cycles, indicative of long-term reliability. Flexible Mounting Options: Designed for wall mounting, floor standing, or stacking—supports up to 32 units for scalable energy systems. Integrated Fire Suppression: Includes built-in fire suppression systems for enhanced safety and risk mitigation. Smart Battery Management: Features a Smart BMS with multi-tier protections including overcharge/discharge, short circuit, reverse connection, and low SOC safeguards. It also supports active cell balancing. Remote Access &amp; Monitoring: Enables remote firmware upgrades and access via Wi-Fi or Bluetooth; includes tools like a handy free monitor for real-time system oversight. Robust Build &amp; Safety Certifications: Constructed with ultra-safe LFP chemistry. Complies with CE, UN38.3, IEC 62619 standards, and includes a 10-year warranty. High Power Performance: Charge/discharge rating approx. 0.5C. Max continuous currents: ~165 A charging, ~165 A discharging. Peak values (short duration): up to 200 A—helps support heavy loads or fast replenishment. Technical Specifications Cell Type: LFP Rated Energy: 16.076kWh Rated Capacity: 314Ah Rated Voltage: 51.2V Charge Voltage (Vdc): 57.2V Battery Charge Current(A): 160(max continuous), 165 (start limit current to 10A, retest every 10 minutes), 180 (peak1 15S), 200 (peak2 500ms) Battery Discharge Current(A): 200(max continuous), 205(start giving over-current alarm but not stop discharging), 210 (peak1 2minutes), 220 (peak2 500ms) Parallel: Up to 35 units parallelable w/o extra device needed, slave battery drops offline or come back alive does not affect system running. IP Level: IP20 Communication: CAN/RS485 Robust Applications: Auto-addressing and stronger protection DOD: 90% Cycles: 8000 Compatible Inverter: Victron, LuxPower, Deye, Voltronic, SMA, Goodwe, Growatt, SOfar, Solark, SRNE, Must Humidity</p>
<p>Applications of the HINA ESS PowerGem Max 16kWh Residential Solar Storage / Off-Grid Backup: Reliable, high-capacity solution for homes needing extended autonomy or seamless power outage resilience. Commercial &amp; Industrial Use: Scalable energy storage for backup or peak shaving in small to medium businesses. Resilient Systems: Particularly suited for setups in areas prone to load shedding, requiring dependable energy retention and scalability.</p>","","","taxable","","1","","","0","0","","","","","1","","","29751.00","Lithium Batteries","","","https://sasolarexperts.co.za/wp-content/uploads/2026/03/Lithium-Battery-Hina-Ess-powergem-max-16kwh.png","","","","","","","","","0","Hina ess","3787","https://sasolarexperts.co.za/product/lithium-battery-hina-ess-powergem-max-16kwh/"
"","simple","17371","Lithium Battery Hubble AM10","1","0","visible","<p><strong>Hubble Lithium Wall Mount Battery 10kW 51.2V AM-10</strong> Superior  LFP prismatic cells make the Hubble Battery AM-10 another exceptional addition to our popular AM series! This model is two times bigger than the new AM-5, featuring a whopping 10kWh system capacity as well as monitoring capabilities via the Hubble Cloudlink</p>","<h2>Description</h2>
<div class=""esolve_media""><strong>Hubble Lithium Wall Mount Battery 10kW 51.2V AM-10</strong> Superior  LFP prismatic cells make the Hubble Battery AM-10 another exceptional addition to our popular AM series! This model is two times bigger than the new AM-5, featuring a whopping 10kWh system capacity as well as monitoring capabilities via the Hubble Cloudlink</div>
<p>Low self discharge • High cycle and service life • Easy wall mount or shelf rack installation • Excellent high temperature performance • 0.75C High performance lithium battery • Advanced BMS with current limiting function • Compatible with most inverters and chargers • High energy density and conversion efficiency • Complete with integrated Battery Management System • Hubble Cloudlink integration ready for cloud monitoring • Heavy duty side handles for easy handling and mounting on the wall • Built in protection for over-charge, over-discharge &amp; over-temperature • CAN Bus fully integrates and communicates with leading Inverter brands</p>
<p>Low self discharge</p>
<ul class=""font_8 wixui-rich-text__text"" data-gtm-vis-has-fired187039147_67=""1"">
<li class=""wixui-rich-text__text"" data-gtm-vis-has-fired187039147_67=""1"">
<p class=""font_8 wixui-rich-text__text"" data-gtm-vis-has-fired187039147_67=""1"">High cycle and service life</p>
</li>
<li class=""wixui-rich-text__text"" data-gtm-vis-has-fired187039147_67=""1"">
<p class=""font_8 wixui-rich-text__text"" data-gtm-vis-has-fired187039147_67=""1"">Easy wall mount or shelf rack installation</p>
</li>
<li class=""wixui-rich-text__text"" data-gtm-vis-has-fired187039147_67=""1"">
<p class=""font_8 wixui-rich-text__text"" data-gtm-vis-has-fired187039147_67=""1"">Excellent high temperature performance</p>
</li>
<li class=""wixui-rich-text__text"" data-gtm-vis-has-fired187039147_67=""1"">
<p class=""font_8 wixui-rich-text__text"" data-gtm-vis-has-fired187039147_67=""1"">1C High performance lithium battery</p>
</li>
<li class=""wixui-rich-text__text"" data-gtm-vis-has-fired187039147_67=""1"">
<p class=""font_8 wixui-rich-text__text"" data-gtm-vis-has-fired187039147_67=""1"">Advanced BMS with current limiting function</p>
</li>
<li class=""wixui-rich-text__text"" data-gtm-vis-has-fired187039147_67=""1"">
<p class=""font_8 wixui-rich-text__text"" data-gtm-vis-has-fired187039147_67=""1"">Compatible with most inverters and chargers</p>
</li>
<li class=""wixui-rich-text__text"" data-gtm-vis-has-fired187039147_67=""1"">
<p class=""font_8 wixui-rich-text__text"" data-gtm-vis-has-fired187039147_67=""1"">High energy density and conversion efficiency</p>
</li>
<li class=""wixui-rich-text__text"" data-gtm-vis-has-fired187039147_67=""1"">
<p class=""font_8 wixui-rich-text__text"" data-gtm-vis-has-fired187039147_67=""1"">Complete with integrated Battery Management System</p>
</li>
<li class=""wixui-rich-text__text"" data-gtm-vis-has-fired187039147_67=""1"">
<p class=""font_8 wixui-rich-text__text"" data-gtm-vis-has-fired187039147_67=""1"">Hubble Cloudlink integration ready for cloud monitoring</p>
</li>
<li class=""wixui-rich-text__text"" data-gtm-vis-has-fired187039147_67=""1"">
<p class=""font_8 wixui-rich-text__text"" data-gtm-vis-has-fired187039147_67=""1"">Heavy duty side handles for easy handling and mounting on the wall</p>
</li>
<li class=""wixui-rich-text__text"" data-gtm-vis-has-fired187039147_67=""1"">
<p class=""font_8 wixui-rich-text__text"" data-gtm-vis-has-fired187039147_67=""1"">Built in protection for over-charge, over-discharge &amp; over-temperature</p>
</li>
<li class=""wixui-rich-text__text"" data-gtm-vis-has-fired187039147_67=""1"">
<p class=""font_8 wixui-rich-text__text"" data-gtm-vis-has-fired187039147_67=""1"">CAN Bus fully integrates and communicates with leading Inverter brands</p>
</li>
</ul>","","","taxable","","1","","","0","0","","","","","1","","","53200.00","Lithium Batteries","hubble, Lithium Battery","","https://sasolarexperts.co.za/wp-content/uploads/2026/03/Lithium-Battery-Hubble-AM10.jpeg","","","","","","","","","0","Hubble","3789","https://sasolarexperts.co.za/product/lithium-battery-hubble-am10/"
"","simple","17246","Deye 20kW Three Phase Hybrid Inverter (High Voltage)","1","0","visible","<ul>
<li>Maximum Charging/Discharging Current: 350A, ensuring rapid and efficient energy transfer.</li>
<li>Battery Compatibility: Supports 48V low-voltage batteries with transformer isolation for enhanced safety.</li>
<li>Parallel Operation: Supports up to 10 inverters in parallel for scalable energy solutions.</li>
</ul>","<ul>
<li style=""list-style-type: none"">
<ul style=""font-weight: 400"">
<li>
<p style=""font-weight: 400"">Deye 20kW Hybrid PV Inverter LV</p>
<ul style=""font-weight: 400"">
<li>Rated Power : 20 000w</li>
<li>Max Solar Input : 26 000w</li>
<li>No of MPPT  : 2</li>
<li>MPPT Voltage : 150 -650w</li>
<li>Startup Voltage : 180V</li>
<li>Max DC Voltage: 800v</li>
<li>Effeciency : 97.6 :</li>
</ul>
</li>
</ul>
</li>
<li>Maximum Charging/Discharging Current: 350A, ensuring rapid and efficient energy transfer.</li>
<li>Battery Compatibility: Supports 48V low-voltage batteries with transformer isolation for enhanced safety.</li>
<li>Parallel Operation: Supports up to 10 inverters in parallel for scalable energy solutions.</li>
<li>AC Coupling: Easily retrofits into existing solar systems.</li>
<li>Flexible Battery Management: Six time periods for battery charging and discharging.</li>
<li>Unbalanced Output Capability: 100% unbalanced output per phase with a maximum output of up to 50% rated power.</li>
<li>Generator Support: Can store energy from diesel generators.</li>
</ul>","","","taxable","","1","","","0","0","","","","","1","","","43500.00","Inverters","Deye, Inverters","","https://sasolarexperts.co.za/wp-content/uploads/2026/03/Inverters-Deye-20kW-Three-Phase-Hybrid-Inverter-High-Voltage.png, https://sasolarexperts.co.za/wp-content/uploads/2026/03/Inverters-Deye-20kW-Three-Phase-Hybrid-Inverter-High-Voltage-image-2.png","","","","","","","","","0","Deye","3797","https://sasolarexperts.co.za/product/deye-20kw-three-phase-hybrid-inverter-high-voltage/"
"","simple","18013","Inverters Deye 80kw High Voltage 3-Phase","1","0","visible","<p data-start=""841"" data-end=""1144"">The <strong data-start=""845"" data-end=""888"">Deye 80kW High Voltage 3-Phase </strong> is engineered to handle demanding energy requirements for commercial, industrial, and utility-scale projects. Because of its high 80kW capacity and three-phase design, it guarantees stable energy conversion and reliable operation for heavy-duty systems.</p>
<h3 data-start=""1146"" data-end=""1191""></h3>","<h2>Description</h2>
<h3 data-start=""788"" data-end=""840"">Power Designed for Large-Scale Applications</h3>
<p data-start=""841"" data-end=""1144"">The <strong data-start=""845"" data-end=""888"">Deye 80kW High Voltage 3-Phase </strong> is engineered to handle demanding energy requirements for commercial, industrial, and utility-scale projects. Because of its high 80kW capacity and three-phase design, it guarantees stable energy conversion and reliable operation for heavy-duty systems.</p>
<h3 data-start=""1146"" data-end=""1191"">⚡ Efficiency That Maximizes Performance;Deye 80kw High Voltage 3-Phase</h3>
<p data-start=""1192"" data-end=""1548"">With its advanced MPPT technology, the <strong data-start=""1231"" data-end=""1274"">Deye 80kW High Voltage  </strong> captures maximum solar energy and reduces energy loss. Therefore, businesses experience higher returns on investment and optimized system performance. Additionally, its design ensures that energy distribution remains smooth and efficient even under heavy load conditions.</p>
<h3 data-start=""1550"" data-end=""1593"">🛡️ Intelligent Protection and Safety</h3>
<p data-start=""1594"" data-end=""1950"">The <strong data-start=""1598"" data-end=""1641"">Deye 80kW High Voltage  </strong> integrates advanced safety protocols, including over-voltage, short-circuit, and temperature protection. Since it has a robust internal management system, it keeps both the inverter and connected equipment safe at all times. As a result, businesses can depend on consistent performance without disruptions.</p>
<h3 data-start=""1952"" data-end=""1989"">🔄 Scalable and Flexible Design:Deye 80kw High Voltage 3-Phase</h3>
<p data-start=""1990"" data-end=""2324"">The <strong data-start=""1994"" data-end=""2037"">Deye 80kW High Voltage 3-Phase </strong>supports flexible configurations and scalability. Because it can be integrated into large-scale solar arrays, microgrids, or hybrid systems, it adapts to growing energy demands. Furthermore, its modular compatibility makes expansion easier and more cost-effective for future upgrades.</p>
<h3 data-start=""2326"" data-end=""2369"">🌍 Reliable for Continuous Operations</h3>
<p data-start=""2370"" data-end=""2621"">Built with durability and long service life in mind, the <strong data-start=""2427"" data-end=""2470"">Deye 80kW High Voltage </strong>nsures continuous operation in challenging environments. Consequently, it provides businesses with dependable energy security and reduced downtime.</p>
<hr data-start=""2623"" data-end=""2626"" />
<h2 data-start=""2628"" data-end=""2691"">🌟 Key Benefits of Deye 80kW High Voltage 3-Phase Inverter</h2>
<ul data-start=""2692"" data-end=""3315"">
<li data-start=""2692"" data-end=""2773"">
<p data-start=""2694"" data-end=""2773"">⚡ <strong data-start=""2696"" data-end=""2725"">80kW high-capacity output</strong> for large-scale commercial and industrial use</p>
</li>
<li data-start=""2774"" data-end=""2860"">
<p data-start=""2776"" data-end=""2860"">🔋 <strong data-start=""2779"" data-end=""2808"">Three-phase compatibility</strong> ensures balanced and efficient power distribution</p>
</li>
<li data-start=""2861"" data-end=""2950"">
<p data-start=""2863"" data-end=""2950"">🌞 <strong data-start=""2866"" data-end=""2894"">Advanced MPPT technology</strong> captures maximum solar power with reduced energy loss</p>
</li>
<li data-start=""2951"" data-end=""3052"">
<p data-start=""2953"" data-end=""3052"">🛡️ <strong data-start=""2957"" data-end=""2985"">Comprehensive protection</strong> safeguards against over-voltage, short circuits, and overheating</p>
</li>
<li data-start=""3053"" data-end=""3144"">
<p data-start=""3055"" data-end=""3144"">🔄 <strong data-start=""3058"" data-end=""3083"">Scalable and flexible</strong> design supports future expansion and microgrid integration</p>
</li>
<li data-start=""3145"" data-end=""3233"">
<p data-start=""3147"" data-end=""3233"">✅ <strong data-start=""3149"" data-end=""3173"">Durable construction</strong> ensures long-lasting reliability in heavy-duty conditions</p>
</li>
<li data-start=""3234"" data-end=""3315"">
<p data-start=""3236"" data-end=""3315"">📊 <strong data-start=""3239"" data-end=""3263"">Optimized efficiency</strong> improves ROI for solar and hybrid energy projects</p>
</li>
</ul>","","","taxable","","1","","","0","0","","","","","1","","","115950.00","Inverters","Deye, Inverters","","https://sasolarexperts.co.za/wp-content/uploads/2026/03/Inverters-Deye-80kw-High-Voltage-3-Phase.png, https://sasolarexperts.co.za/wp-content/uploads/2026/03/Inverters-Deye-80kw-High-Voltage-3-Phase-iamge-2.png, https://sasolarexperts.co.za/wp-content/uploads/2026/03/Inverters-Deye-80kw-High-Voltage-3-Phase-image-4.png, https://sasolarexperts.co.za/wp-content/uploads/2026/03/Inverters-Deye-80kw-High-Voltage-3-Phase-image-3.png","","","","","","","","","0","Deye","3806","https://sasolarexperts.co.za/product/inverters-deye-80kw-high-voltage-3-phase/"
"","simple","18006","Sinotec 6kW Hybrid Inverter","1","0","visible","<p>The Sinotec 6kW Hybrid Inverter delivers consistent performance by managing solar, battery, and grid power with precision. Because it is designed for hybrid applications, the Sinotec 6kW Inverter ensures reliable energy flow even during load-shedding. Unlike standard inverters, it balances multiple energy sources smoothly and efficiently.</p>
<h2></h2>","<h2>Description</h2>
<h1>Reliable Power for Homes and Businesses</h1>
<p>The Sinotec 6kW Hybrid Inverter delivers consistent performance by managing solar, battery, and grid power with precision. Because it is designed for hybrid applications, the Sinotec 6kW Inverter ensures reliable energy flow even during load-shedding. Unlike standard inverters, it balances multiple energy sources smoothly and efficiently.</p>
<h2> Seamless Solar Integration</h2>
<p>The Sinotec 6kW  Inverter works flawlessly with solar panels, allowing you to maximize renewable energy usage. Since it prioritizes solar energy first, the Sinotec 6kW Inverter reduces grid dependence. Therefore, you enjoy greater energy savings and long-term reliability.</p>
<h2>🔄 Smart Battery Compatibility</h2>
<p>Battery storage is essential in modern systems, and the Sinotec 6kW Hybrid offers broad compatibility. Because it supports advanced lithium-ion batteries, the Sinotec 6kW Inverter ensures optimized charging and discharging cycles. As a result, it extends battery life and enhances backup performance.</p>
<h2>🛡️ Built-In Protection and Safety;</h2>
<p>The Sinotec 6kW Hybrid Inverter includes multiple safety protections, such as overload, short-circuit, and over-temperature safeguards. With its intelligent design, the Sinotec 6kW Inverter ensures safe operation at all times. Consequently, you gain peace of mind while running essential devices.</p>
<h2>🌍 Cost-Effective and Energy Efficient</h2>
<p>Energy efficiency directly impacts your savings, and the Sinotec 6kW Inverter excels in this area. Because it delivers high conversion efficiency, the Sinotec 6kW Hybrid Inverter reduces wasted energy. Furthermore, it ensures consistent power quality, making it a cost-effective choice for homes and businesses.</p>
<h2>🏠 Perfect for Load-Shedding Backup;</h2>
<p>Uninterrupted power is critical in South Africa, and the Sinotec 6kW Inverter provides a reliable solution. During outages, the Sinotec 6kW Inverter instantly switches to backup mode. Therefore, you maintain continuous power for lights, appliances, and essential electronics.</p>
<h2>🌟 Key Benefits of Sinotec 6kW Hybrid Inverter<br />
⚡ 6kW power output supports household and business applications</h2>
<p>&nbsp;</p>
<p>🌞 Optimized solar usage reduces dependence on the grid</p>
<p>🔋 Battery compatibility enhances system flexibility and storage capacity</p>
<p>🛡️ Advanced safety features protect your system and devices</p>
<p>🔄 Hybrid functionality balances solar, grid, and battery power</p>
<p>✅ High conversion efficiency maximizes energy savings</p>
<p>🏠 Load-shedding backup ensures uninterrupted electricity supply</p>","","","taxable","","1","","","0","0","","","","","1","","","8100.00","Inverters","Inverters, Sinotec","","https://sasolarexperts.co.za/wp-content/uploads/2026/03/Inverters-Sinotec-6kW-Hybrid-Inverter-image-2.png, https://sasolarexperts.co.za/wp-content/uploads/2026/03/Inverters-Sinotec-6kW-Hybrid-Inverter.png","","","","","","","","","0","Sinotec","3811","https://sasolarexperts.co.za/product/sinotec-6kw-hybrid-inverter/"
"","simple","17997","Inverters Growatt 3kVA 24V Inverter","1","0","visible","<p>The <strong data-start=""777"" data-end=""806"">Growatt 3kVA 24V Inverter</strong> provides reliable solar conversion and stable backup power. Because of its 3kVA capacity, it is ideal for households and small businesses. As a result, users enjoy dependable energy supply during load shedding or power interruptions.</p>","<h2>Description</h2>
<p data-start=""773"" data-end=""1042"">The <strong data-start=""777"" data-end=""806"">Growatt 3kVA 24V Inverter</strong> provides reliable solar conversion and stable backup power. Because of its 3kVA capacity, it is ideal for households and small businesses. As a result, users enjoy dependable energy supply during load shedding or power interruptions.</p>
<h3 data-start=""1044"" data-end=""1103"">⚡ Advanced Hybrid Technology for Reliable Performance</h3>
<p data-start=""1104"" data-end=""1378"">The <strong data-start=""1108"" data-end=""1137"">Growatt 3kVA 24V </strong>supports both solar and battery integration. Since it manages energy distribution intelligently, it ensures optimized performance. Therefore, users experience greater energy savings, stable electricity, and reduced dependence on the grid.</p>
<h3 data-start=""1380"" data-end=""1431"">🌞 Efficiency That Maximizes Solar Energy Use:</h3>
<h2 data-start=""2365"" data-end=""2414"">Growatt 3kVA 24V Inverter</h2>
<p data-start=""1432"" data-end=""1677"">With its advanced MPPT controller, the <strong data-start=""1471"" data-end=""1500"">Growatt 3kVA 24V </strong>captures solar power effectively. Consequently, it ensures higher efficiency and reduced energy loss. As a result, every ray of sunlight is converted into usable electricity.</p>
<h3 data-start=""1679"" data-end=""1731"">🛡️ Built for Safety and Long-Term Reliability</h3>
<p data-start=""1732"" data-end=""2025"">The <strong data-start=""1736"" data-end=""1765"">Growatt 3kVA 24V</strong> includes multiple protective features such as overload, short circuit, and temperature safeguards. Since these safety features extend its lifespan, the inverter provides peace of mind. Therefore, it is a trustworthy solution for long-term solar investments.</p>
<h3 data-start=""2027"" data-end=""2069"">🌍 Flexible and User-Friendly Design</h3>
<p data-start=""2070"" data-end=""2358"">Because the <strong data-start=""2082"" data-end=""2111"">Growatt 3kVA 24V Inverter</strong> is compact and versatile, it fits a wide range of applications. Whether installed in a residential home or a small commercial site, it guarantees reliable and efficient operation. Therefore, users gain flexibility and durability in one package.</p>
<hr data-start=""2360"" data-end=""2363"" />
<h2 data-start=""2365"" data-end=""2414"">🌟 Key Benefits of Growatt 3kVA 24V Inverter</h2>
<ul data-start=""2415"" data-end=""2906"">
<li data-start=""2415"" data-end=""2475"">
<p data-start=""2417"" data-end=""2475"">⚡ <strong data-start=""2419"" data-end=""2436"">3kVA capacity</strong> ideal for homes and small businesses</p>
</li>
<li data-start=""2476"" data-end=""2549"">
<p data-start=""2478"" data-end=""2549"">🔋 <strong data-start=""2481"" data-end=""2523"">Supports solar and battery integration</strong> for flexible energy use</p>
</li>
<li data-start=""2550"" data-end=""2614"">
<p data-start=""2552"" data-end=""2614"">🌞 <strong data-start=""2555"" data-end=""2574"">MPPT technology</strong> maximizes solar conversion efficiency</p>
</li>
<li data-start=""2615"" data-end=""2691"">
<p data-start=""2617"" data-end=""2691"">🛡️ <strong data-start=""2621"" data-end=""2652"">Multiple safety protections</strong> ensure stable and reliable operation</p>
</li>
<li data-start=""2692"" data-end=""2766"">
<p data-start=""2694"" data-end=""2766"">📦 <strong data-start=""2697"" data-end=""2715"">Compact design</strong> allows easy installation in various environments</p>
</li>
<li data-start=""2767"" data-end=""2841"">
<p data-start=""2769"" data-end=""2841"">🌍 <strong data-start=""2772"" data-end=""2798"">Versatile applications</strong> for residential and light commercial use</p>
</li>
<li data-start=""2842"" data-end=""2906"">
<p data-start=""2844"" data-end=""2906"">✅ <strong data-start=""2846"" data-end=""2870"">Durable construction</strong> provides long-lasting performance</p>
</li>
</ul>","","","taxable","","1","","","0","0","","","","","1","","","4500.00","Inverters","Growatt, Inverters","","https://sasolarexperts.co.za/wp-content/uploads/2026/03/Inverters-Growatt-3kVA-24V-Inverter.png, https://sasolarexperts.co.za/wp-content/uploads/2026/03/Inverters-Growatt-3kVA-24V-Inverter-image-2.png, https://sasolarexperts.co.za/wp-content/uploads/2026/03/Inverters-Growatt-3kVA-24V-Inverter-image-3.png","","","","","","","","","0","Growatt","3814","https://sasolarexperts.co.za/product/inverters-growatt-3kva-24v-inverter/"
"","simple","19026","Deye 30kw Hybrid High Voltage Inverter","1","0","visible","<p>30kW Deye Hybrid High Voltage Inverter – Ultimate Power for Industrial-Scale Solar Systems The 30kW Deye Hybrid High Voltage Inverter offers superior performance and scalability for commercial, agricultural, or industrial solar systems. Because of its high voltage architecture, it supports larger battery banks and delivers better overall efficiency. Moreover, this inverter handles high loads across three phases, which makes it ideal for factories, commercial buildings, or heavy equipment.</p>","<blockquote>
<h2>Description</h2>
<p>30kW Deye Hybrid High Voltage Inverter – Ultimate Power for Industrial-Scale Solar Systems The 30kW Deye Hybrid High Voltage Inverter offers superior performance and scalability for commercial, agricultural, or industrial solar systems. Because of its high voltage architecture, it supports larger battery banks and delivers better overall efficiency. Moreover, this inverter handles high loads across three phases, which makes it ideal for factories, commercial buildings, or heavy equipment. Thanks to its hybrid design, it effortlessly combines solar, grid, and battery sources for reliable power at all times. In addition, the 30kW Deye inverter works with high-voltage lithium batteries like the Deye HV series, BYD, and Sunsynk HV. Therefore, it offers wide compatibility for flexible storage setups.</p>
<p>&nbsp;</p>
<p>Furthermore, it allows battery capacities from 160V to 800V, which supports larger storage installations. Because it includes a rapid UPS function, the inverter guarantees seamless backup during grid failure or load shedding. Also, it comes with dual MPPTs and a wide voltage range to optimize solar energy harvesting. As a result, energy production is maximized even on cloudy days. Due to its smart BMS integration, it constantly monitors voltage, current, and temperature. Consequently, it enhances battery safety, prolongs life, and reduces maintenance costs. Besides that, the system supports remote monitoring through a user-friendly web portal and mobile app. Even in challenging environments, the IP65-rated enclosure protects against dust, rain, and corrosion. Whether you install it indoors or outdoors, the system performs consistently and efficiently. Because of its modular nature, you can easily scale the system as energy needs increase.</p>
<p>Ultimately, this inverter is built for modern energy independence. Whether you’re going off-grid, reducing grid reliance, or building a smart energy network—this system delivers powerful results. Key Benefits: 30kW output – ideal for commercial, industrial, and agricultural systems High-voltage battery support – 160V to 800V range for large storage banks Hybrid functionality – supports grid, battery, and solar in one system Three-phase power – balances heavy loads and ensures efficient delivery Wide compatibility – works with Deye, BYD, Sunsynk, and other HV batteries Smart BMS integration – protects batteries and boosts system efficiency Dual MPPT inputs – maximize solar yield across multiple strings UPS backup – seamless transition during grid outages or load shedding IP65 protection – durable enclosure for indoor and outdoor installations Remote monitoring – manage your system from anywhere via app or browser</p></blockquote>","","","taxable","","1","","","0","0","","","","","1","","","64100.00","Inverters","Deye, inverter","","https://sasolarexperts.co.za/wp-content/uploads/2026/03/Inverters-Deye-30kw-Hybrid-High-Voltage-Inverter-2.png","","","","","","","","","0","Deye","3818","https://sasolarexperts.co.za/product/deye-30kw-hybrid-high-voltage-inverter/"
"","simple","18017","Deye 15kW Three Phase Hybrid Inverter","1","0","visible","<p>The <strong data-start=""826"" data-end=""867"">Deye 15kW Three Phase Hybrid Inverter</strong> delivers powerful energy conversion for both residential and commercial projects. Since it offers 15kW output, it supports heavy loads and large-scale systems with efficiency. Therefore, users enjoy continuous power and reliable solar utilization.</p>","<h2>Description</h2>
<h1 data-start=""336"" data-end=""379"">Deye 15kW Three Phase Hybrid Inverter</h1>
<h3 data-start=""773"" data-end=""821"">🔋 High-Performance Solar Power Conversion</h3>
<p data-start=""822"" data-end=""1117"">The <strong data-start=""826"" data-end=""867"">Deye 15kW Three Phase Hybrid Inverter</strong> delivers powerful energy conversion for both residential and commercial projects. Since it offers 15kW output, it supports heavy loads and large-scale systems with efficiency. Therefore, users enjoy continuous power and reliable solar utilization.</p>
<h3 data-start=""1119"" data-end=""1168"">⚡ Hybrid Technology for Maximum Flexibility</h3>
<p data-start=""1169"" data-end=""1493"">Unlike standard inverters, the <strong data-start=""1200"" data-end=""1241"">Deye 15kW Three Phase Hybrid </strong>combines solar, grid, and battery power in one intelligent system. Because of this design, it allows seamless switching between energy sources. Consequently, users reduce energy costs, maximize solar energy, and maintain backup power during outages.</p>
<h3 data-start=""1495"" data-end=""1533"">🔄 Intelligent Energy Management</h3>
<p data-start=""1534"" data-end=""1863"">The <strong data-start=""1538"" data-end=""1579"">Deye 15kW Three Phase Hybrid </strong>features advanced MPPT tracking that ensures maximum solar efficiency throughout the day. Furthermore, it balances energy between solar panels, batteries, and the grid with smart control. As a result, energy distribution remains smooth and efficient even in demanding applications.</p>
<h3 data-start=""1865"" data-end=""1910"">🛡️ Built-In Protection and Reliability</h3>
<p data-start=""1911"" data-end=""2198"">With integrated safety features, the <strong data-start=""1948"" data-end=""1989"">Deye 15kW Three Phase Hybrid </strong> protects against over-voltage, overload, short-circuits, and temperature fluctuations. Because of its durable construction and advanced protection, it guarantees long-lasting operation and system stability.</p>
<h3 data-start=""2200"" data-end=""2265"">🌍 Designed for Residential, Commercial, and Industrial Use</h3>
<p data-start=""2266"" data-end=""2562"">The <strong data-start=""2270"" data-end=""2311"">Deye 15kW Three Phase Hybrid Inverter</strong> is versatile and scalable, making it ideal for households, businesses, and industrial applications. During grid failures or load-shedding, it switches seamlessly to battery backup. Therefore, users gain peace of mind and uninterrupted productivity.</p>
<hr data-start=""2564"" data-end=""2567"" />
<h2 data-start=""2569"" data-end=""2630"">🌟 Key Benefits of Deye 15kW Three Phase Hybrid Inverter</h2>
<ul data-start=""2631"" data-end=""3212"">
<li data-start=""2631"" data-end=""2723"">
<p data-start=""2633"" data-end=""2723"">⚡ <strong data-start=""2635"" data-end=""2664"">15kW high-capacity output</strong> supports residential, commercial, and industrial systems</p>
</li>
<li data-start=""2724"" data-end=""2797"">
<p data-start=""2726"" data-end=""2797"">🔋 <strong data-start=""2729"" data-end=""2753"">Hybrid functionality</strong> integrates solar, grid, and battery power</p>
</li>
<li data-start=""2798"" data-end=""2873"">
<p data-start=""2800"" data-end=""2873"">🌞 <strong data-start=""2803"" data-end=""2829"">Advanced MPPT tracking</strong> maximizes solar harvesting and efficiency</p>
</li>
<li data-start=""2874"" data-end=""2964"">
<p data-start=""2876"" data-end=""2964"">🛡️ <strong data-start=""2880"" data-end=""2912"">Built-in protection features</strong> safeguard the system against faults and overloads</p>
</li>
<li data-start=""2965"" data-end=""3037"">
<p data-start=""2967"" data-end=""3037"">🔄 <strong data-start=""2970"" data-end=""2993"">Seamless switchover</strong> ensures backup power during grid failures</p>
</li>
<li data-start=""3038"" data-end=""3124"">
<p data-start=""3040"" data-end=""3124"">✅ <strong data-start=""3042"" data-end=""3071"">Three-phase compatibility</strong> supports balanced and efficient power distribution</p>
</li>
<li data-start=""3125"" data-end=""3212"">
<p data-start=""3127"" data-end=""3212"">📊 <strong data-start=""3130"" data-end=""3149"">Scalable design</strong> allows integration into larger systems and future expansions</p>
</li>
</ul>","","","taxable","","1","","","0","0","","","","","1","","","39800.00","Inverters","Deye, Inverters","","https://sasolarexperts.co.za/wp-content/uploads/2026/03/Inverters-Deye-20kW-Three-Phase-Hybrid-Inverter-High-Voltage-image-2.png","","","","","","","","","0","Deye","3820","https://sasolarexperts.co.za/product/deye-15kw-three-phase-hybrid-inverter/"
"","simple","17240","Deye 8kW Hybrid 48v Inverter","1","0","visible","<p>8kW Deye Hybrid 48V Inverter – Reliable Solar Power with Smart Backup and Battery Support<br />
The 8kW Deye Hybrid 48V Inverter offers advanced power management for both homes and small commercial setups. First of all, it supports 48V lithium battery systems, which ensures safe and consistent energy storage.</p>","<h2>Description</h2>
<h2>8kW Deye Hybrid 48V Inverter – Smart Solar Backup and Power Management for Homes and Businesses remotely</h2>
<p>8kW Deye Hybrid 48V Inverter – Reliable Solar Power with Smart Backup and Battery Support<br />
The 8kW Deye Hybrid 48V Inverter offers advanced power management for both homes and small commercial setups. First of all, it supports 48V lithium battery systems, which ensures safe and consistent energy storage.</p>
<p>Furthermore, the inverter operates in grid-tied, off-grid, and hybrid modes, depending on your energy strategy. Because of this flexibility, you can adapt your system to changing load or backup needs.</p>
<p>In addition, the dual MPPT trackers allow for better solar energy harvesting, even in partially shaded conditions. As a result, your solar panel system performs efficiently throughout the day.</p>
<p>Not only does it support a wide PV input voltage range, but it also simplifies installation. Therefore, installers can design systems with greater flexibility and efficiency.</p>
<p>Also, the inverter is compatible with multiple battery brands, including Deye-approved lithium options. Due to this compatibility, system expansion and replacement become easier over time.</p>
<p>Moreover, the built-in BMS communication safeguards the battery from overcharge, over-discharge, and high temperature. Consequently, your battery lifespan and performance are extended.</p>
<p>During power outages, the inverter switches seamlessly to backup mode. So, your essential appliances stay powered without delay or disruption.</p>
<p>Thanks to its generator input support, you can connect an external backup generator when needed. This ensures reliable energy even during extended outages.</p>
<p>Besides that, the inverter supports Wi-Fi and remote monitoring, so you can track performance from your mobile device. This gives you full control and insight into your energy usage.</p>
<p>Because of the rising cost of electricity and unreliable power grids, more users are turning to hybrid systems like this. Ultimately, the Deye 8kW Hybrid Inverter helps you achieve lower energy bills and energy independence.</p>
<p>✅ Key Benefits:<br />
8kW hybrid inverter – reliable energy for homes and businesses</p>
<p>Dual MPPT inputs – maximize solar panel performance</p>
<p>Wide PV input range – easier and flexible system design</p>
<p>Works in grid-tied, off-grid, and hybrid modes</p>
<p>Supports lithium batteries – safe and stable storage</p>
<p>Generator input – additional backup when needed</p>
<p>Seamless switching – continuous power during outages</p>
<p>Built-in BMS communication – protects and extends battery life</p>
<p>Remote monitoring – track and control via app or Wi-Fi</p>
<p>Expandable system – future-ready for growing energy needs</p>","","","taxable","","1","","","0","0","","","","","1","","21100.00","23000.00","Inverters","Deye, Inverters","","https://sasolarexperts.co.za/wp-content/uploads/2026/03/Inverters-Deye-8kW-Hybrid-48v-Inverter-image-1.png, https://sasolarexperts.co.za/wp-content/uploads/2026/03/Inverters-Deye-8kW-Hybrid-48v-Inverter-2.png","","","","","","","","","0","Deye","3824","https://sasolarexperts.co.za/product/deye-8kw-hybrid-48v-inverter/"
"","simple","17247","Deye 50kva Hybrid Inverter High Voltage","1","0","visible","<p>50kva Deye High Voltage Hybrid Inverter – Built for Industrial &amp; Commercial Energy Needs<br />
The 50kVA Deye Hybrid Inverter is a high-capacity, three-phase system engineered for industrial, commercial, or agricultural use. Because of its powerful 50kVA output, it handles heavy electrical loads with remarkable efficiency and reliability.</p>","<h2>Description</h2>
<p>50kva Deye High Voltage Hybrid Inverter – Built for Industrial &amp; Commercial Energy Needs<br />
The 50kVA Deye Hybrid Inverter is a high-capacity, three-phase system engineered for industrial, commercial, or agricultural use. Because of its powerful 50kVA output, it handles heavy electrical loads with remarkable efficiency and reliability.</p>
<p>Moreover, this hybrid inverter works perfectly with high-voltage lithium battery banks. This setup minimizes current losses and improves system performance. Therefore, you get longer battery life and higher energy conversion rates.</p>
<p>Thanks to the inverter’s wide MPPT voltage range, you can configure solar arrays with more flexibility. As a result, the solar yield remains consistent even during cloudy conditions or partial shading.</p>
<p>Also, it includes multiple MPPTs, ensuring optimized solar tracking across different panel orientations. Furthermore, it features zero-export, peak shaving, and time-of-use optimization, reducing dependency on grid energy and maximizing savings.</p>
<p>Because of its intelligent Battery Management System (BMS) support, it protects against overcharging, deep discharge, and overheating. Additionally, the unit is compatible with top-tier high-voltage batteries like Sunsynk, Deye, Hina, and Pylontech HV models.</p>
<p>The inverter’s IP65-rated enclosure makes it ideal for both indoor and outdoor installations. Moreover, it integrates easily with smart monitoring systems using Wi-Fi, RS485, or CAN interfaces.</p>
<p>You can also expand your system with parallel operation, which means multiple inverters can be connected for higher power requirements. Therefore, this inverter provides both scalability and future-proof flexibility.</p>
<p>Due to the increasing demand for reliable backup and solar storage, this solution meets the expectations of forward-thinking energy planners.</p>
<p>✅ Key Benefits:<br />
50kVA three-phase hybrid inverter – ideal for industrial and commercial use</p>
<p>High-voltage battery support – efficient, powerful, and scalable storage</p>
<p>Wide MPPT voltage range – boosts solar flexibility and efficiency</p>
<p>Multiple MPPT trackers – maximize solar input throughout the day</p>
<p>Compatible with high-voltage batteries – Sunsynk, Hina, Deye, Pylontech, and more</p>
<p>Zero-export &amp; peak shaving – reduce grid dependency and manage loads</p>
<p>Parallel-ready – scale up power as needed</p>
<p>IP65 enclosure – suitable for harsh outdoor or dusty indoor environments</p>
<p>Smart communication – supports Wi-Fi, RS485, CAN for remote management</p>
<p>Works in hybrid, on-grid, and off-grid systems</p>","","","taxable","","1","","","0","0","","","","","1","","","80200.00","Inverters","Deye, Inverters","","https://sasolarexperts.co.za/wp-content/uploads/2026/03/Inverters-Deye-50kva-Hybrid-Inverter-High-Voltage.png, https://sasolarexperts.co.za/wp-content/uploads/2026/03/Inverters-Deye-50kva-Hybrid-Inverter-High-Voltage-image-2.png","","","","","","","","","0","Deye","3828","https://sasolarexperts.co.za/product/deye-50kva-hybrid-inverter-high-voltage/"
"","simple","18029","Ecco Hybrid Inverter 24V 3.5kVA 3500W","1","0","visible","<p>The Ecco Hybrid Inverter 24V 3.5kVA 3500W delivers dependable performance by integrating solar panels, batteries, and grid supply. Because it provides stable electricity during load shedding, it ensures that households and businesses remain productive without interruptions.</p>
<p>&nbsp;</p>","<h2>Description</h2>
<h2>Reliable Hybrid Power for Everyday Use</h2>
<p>The Ecco Hybrid Inverter 24V 3.5kVA 3500W delivers dependable performance by integrating solar panels, batteries, and grid supply. Because it provides stable electricity during load shedding, it ensures that households and businesses remain productive without interruptions.</p>
<p>With advanced hybrid functionality, the Ecco Hybrid Inverter 24V 3.5kVA  intelligently manages power sources. Since it prioritizes solar energy and battery storage, users save on monthly energy bills. Therefore, it reduces dependence on the national grid.</p>
<h2>🌞 MPPT Charge Controller for Better Solar Harvesting</h2>
<p>Equipped with an advanced MPPT charge controller, the Ecco Hybrid Inverter 24V 3.5kVA  optimizes solar conversion efficiency. Because it extracts maximum energy from sunlight, users gain reliable performance even during cloudy weather conditions.</p>
<h2>🛡️ Built-In Protection for Safety and Longevity:Ecco Hybrid Inverter 24V 3.5kVA 3500W</h2>
<p>The Ecco Hybrid Inverter 24V 3.5kVA  includes multiple safety protections. Since it prevents overload, short circuits, and overheating, it safeguards your appliances and batteries. Therefore, users benefit from a safe and long-lasting power solution.</p>
<h2>🌍 Compact Design with Easy Installation</h2>
<p>Designed for space efficiency, the Ecco Hybrid Inverter 24V 3.5kVA  fits seamlessly into homes or small offices. Because it is compact and lightweight, installation is quick and hassle-free. Consequently, users enjoy reliable energy without unnecessary complications.</p>
<h2>🌟 Key Benefits of Ecco Hybrid Inverter 24V 3.5kVA 3500W</h2>
<p>⚡ 3.5kVA / 3500W capacity ideal for households and small businesses</p>
<p>🔋 Hybrid functionality supports solar, battery, and grid integration</p>
<p>🌞 MPPT controller ensures maximum solar conversion efficiency</p>
<p>🛡️ Comprehensive safety protections safeguard connected devices</p>
<p>📦 Compact design makes installation simple and space-efficient</p>
<p>🌍 Reliable backup power ensures electricity during outages and load shedding</p>
<p>✅ Cost-saving performance reduces long-term electricity bills</p>","","","taxable","","1","","","0","0","","","","","1","","","3290.00","Inverters","Ecco, Inverters","","https://sasolarexperts.co.za/wp-content/uploads/2026/03/Inverters-Ecco-Hybrid-Inverter-24V-3.5kVA-3500W.png","","","","","","","","","0","ecco","3831","https://sasolarexperts.co.za/product/ecco-hybrid-inverter-24v-3-5kva-3500w/"
"","simple","18181","HZ Hybrid Inverter 3.2KW Solar MPPT Pure Sine Wave","1","0","visible","<p>The <strong data-start=""725"" data-end=""779"">3.2KW HZ Solar MPPT Hybrid Pure Sine Wave Inverter</strong> ensures outstanding performance for small to medium-sized solar power systems. Moreover, it provides smooth and reliable energy output, ensuring sensitive devices always run without interruptions. Because it features advanced MPPT technology, it optimizes solar charging efficiency by constantly tracking the maximum power point. Therefore, every bit of solar energy is efficiently converted into usable electricity for your appliances and equipment.</p>","<h2>Description</h2>
<p data-start=""721"" data-end=""1232"">The <strong data-start=""725"" data-end=""779"">3.2KW HZ Solar MPPT Hybrid Pure Sine Wave Inverter</strong> ensures outstanding performance for small to medium-sized solar power systems. Moreover, it provides smooth and reliable energy output, ensuring sensitive devices always run without interruptions. Because it features advanced MPPT technology, it optimizes solar charging efficiency by constantly tracking the maximum power point. Therefore, every bit of solar energy is efficiently converted into usable electricity for your appliances and equipment.</p>
<p data-start=""1234"" data-end=""1709"">Additionally, this <strong data-start=""1253"" data-end=""1307"">3.2KW HZ Solar MPPT Hybrid Pure Sine Wave Inverter</strong> supports both solar and grid input, offering flexibility during power shortages. Consequently, it guarantees uninterrupted operation even during load shedding or cloudy days. Its hybrid system design intelligently balances energy between solar panels, batteries, and utility power. Furthermore, it automatically switches between sources, maintaining a seamless energy flow throughout all conditions.</p>
<p data-start=""1711"" data-end=""2176"">Because it generates a pure sine wave output, the <strong data-start=""1761"" data-end=""1815"">3.2KW HZ Solar MPPT Hybrid Pure Sine Wave Inverter</strong> protects delicate electronics effectively. Also, it ensures smooth power delivery for computers, refrigerators, lighting, and communication devices. Its silent operation and intelligent fan control system maintain an optimal working temperature. Therefore, the inverter’s components last longer, offering dependable performance and reduced maintenance costs.</p>
<p data-start=""2178"" data-end=""2779"">Since it includes a user-friendly LCD display, monitoring system performance becomes simple. This interface provides detailed information about input voltage, output power, battery level, and load status. Moreover, users can easily adjust parameters to meet specific energy requirements. With multiple protection features, such as overload, overcharge, and short-circuit protection, the <strong data-start=""2565"" data-end=""2619"">3.2KW HZ Solar MPPT Hybrid Pure Sine Wave Inverter</strong> ensures complete safety. Therefore, it is the perfect solution for homes, small businesses, and remote installations seeking clean and reliable solar energy.</p>
<hr data-start=""2781"" data-end=""2784"" />
<h3 data-start=""2786"" data-end=""2806""><strong data-start=""2790"" data-end=""2806"">Key Benefits</strong></h3>
<ul data-start=""2807"" data-end=""3586"">
<li data-start=""2807"" data-end=""2886"">
<p data-start=""2809"" data-end=""2886"">Delivers a stable pure sine wave output for sensitive electronic equipment.</p>
</li>
<li data-start=""2887"" data-end=""2973"">
<p data-start=""2889"" data-end=""2973"">Integrates advanced MPPT technology for higher solar energy conversion efficiency.</p>
</li>
<li data-start=""2974"" data-end=""3048"">
<p data-start=""2976"" data-end=""3048"">Hybrid design supports both solar and grid power input simultaneously.</p>
</li>
<li data-start=""3049"" data-end=""3130"">
<p data-start=""3051"" data-end=""3130"">Smart LCD display simplifies system configuration and performance monitoring.</p>
</li>
<li data-start=""3131"" data-end=""3205"">
<p data-start=""3133"" data-end=""3205"">Intelligent cooling system enhances durability and energy performance.</p>
</li>
<li data-start=""3206"" data-end=""3290"">
<p data-start=""3208"" data-end=""3290"">Built-in overload, short-circuit, and battery protection ensure complete safety.</p>
</li>
<li data-start=""3291"" data-end=""3356"">
<p data-start=""3293"" data-end=""3356"">Provides silent and reliable operation during extended usage.</p>
</li>
<li data-start=""3357"" data-end=""3430"">
<p data-start=""3359"" data-end=""3430"">Compact and lightweight design allows easy installation and mobility.</p>
</li>
<li data-start=""3431"" data-end=""3502"">
<p data-start=""3433"" data-end=""3502"">Ideal for residential homes, offices, and small commercial systems.</p>
</li>
<li data-start=""3503"" data-end=""3586"">
<p data-start=""3505"" data-end=""3586"">Guarantees consistent power supply even during load shedding or cloudy weather.</p>
</li>
</ul>","","","taxable","","1","","","0","0","","","","","1","","","4700.00","Inverters","HZ, HZ Hybrid Inverter, Inverters","","https://sasolarexperts.co.za/wp-content/uploads/2026/03/HZ-Hybrid-Inverter-3.2KW-Solar-MPPT-Pure-Sine-Wave.png","","","","","","","","","0","HZ Hybrid Inverter","3833","https://sasolarexperts.co.za/product/hz-hybrid-inverter-3-2kw-solar-mppt-pure-sine-wave/"
"","simple","17216","Sunsynk 8KW Hybrid Inverter","1","0","visible","<p>The 8kW Sunsynk Hybrid Inverter is a powerful and intelligent inverter designed for homes and medium-sized businesses.<br data-start=""423"" data-end=""426"" />Because of its hybrid technology, it allows you to seamlessly switch between solar, battery, and grid power.<br data-start=""534"" data-end=""537"" />Moreover, this inverter supports both on-grid and off-grid systems, making it ideal for South Africa’s load-shedding conditions.</p>","<h2>Description</h2>
<h3 data-start=""208"" data-end=""303""><strong data-start=""214"" data-end=""303"">8kW Sunsynk Hybrid Inverter – Smart, Efficient &amp; Built for South African Energy Needs</strong></h3>
<p data-start=""305"" data-end=""667"">The 8kW Sunsynk Hybrid Inverter is a powerful and intelligent inverter designed for homes and medium-sized businesses.<br data-start=""423"" data-end=""426"" />Because of its hybrid technology, it allows you to seamlessly switch between solar, battery, and grid power.<br data-start=""534"" data-end=""537"" />Moreover, this inverter supports both on-grid and off-grid systems, making it ideal for South Africa’s load-shedding conditions.</p>
<p data-start=""669"" data-end=""1011"">With dual MPPT inputs, it maximizes solar efficiency by tracking two different PV strings simultaneously.<br data-start=""774"" data-end=""777"" />Additionally, the inverter supports high PV input of up to 10,400W, ensuring excellent energy capture during peak sunlight.<br data-start=""900"" data-end=""903"" />Thanks to its compatibility with lithium and lead-acid batteries, you have flexibility in storage options.</p>
<p data-start=""1013"" data-end=""1336"">Installation is simple and straightforward due to its user-friendly interface and smart monitoring system.<br data-start=""1119"" data-end=""1122"" />Furthermore, remote management via the Sunsynk app makes tracking your power usage incredibly easy.<br data-start=""1221"" data-end=""1224"" />Because it features time-of-use settings, you can schedule charging or discharging based on electricity rates.</p>
<p data-start=""1338"" data-end=""1686"">The 8kW Sunsynk inverter is also scalable, allowing you to connect multiple units in parallel for larger systems.<br data-start=""1451"" data-end=""1454"" />Even more, it supports generator input and automatic switching during outages, offering complete energy security.<br data-start=""1567"" data-end=""1570"" />Built with robust protection features, it guards against over-voltage, short circuits, and battery over-discharge.</p>
<p data-start=""1688"" data-end=""1867"">Its fan-less design ensures quiet operation while improving lifespan and reducing maintenance costs.<br data-start=""1788"" data-end=""1791"" />Therefore, it’s a smart long-term investment for any solar energy project</p>","","","taxable","","1","","","0","0","","","","","1","","","21740.00","Inverters","Inverters, Sunsynk","","https://sasolarexperts.co.za/wp-content/uploads/2026/03/Inverters-Sunsynk-8KW-Hybrid-Inverter.png","","","","","","","","","0","Sunsynk","3836","https://sasolarexperts.co.za/product/sunsynk-8kw-hybrid-inverter/"
"","simple","17832","Sunsynk 50kw Inverter 3 Phase","1","0","visible","<p>The <strong data-start=""530"" data-end=""570"">Sunsynk 50kW 3-Phase Hybrid Inverter</strong> is engineered to meet the energy demands of large-scale commercial and industrial operations. With a rated power of 50,000 W, it efficiently manages significant energy loads, ensuring a stable and reliable power supply.</p>","<h2>Description</h2>
<h3 data-start=""403"" data-end=""524""><strong data-start=""409"" data-end=""524"">Sunsynk 50kW 3-Phase Hybrid Inverter – High-Capacity Energy Solution for Commercial and Industrial Applications</strong></h3>
<p data-start=""526"" data-end=""790"">The <strong data-start=""530"" data-end=""570"">Sunsynk 50kW 3-Phase Hybrid Inverter</strong> is engineered to meet the energy demands of large-scale commercial and industrial operations. With a rated power of 50,000 W, it efficiently manages significant energy loads, ensuring a stable and reliable power supply.</p>
<p data-start=""792"" data-end=""1072"">Designed with versatility in mind, this inverter supports multiple operation modes, including on-grid, off-grid, and uninterruptible power supply (UPS). This flexibility allows businesses to adapt to varying energy needs and conditions, optimizing energy usage and reducing costs.</p>
<p data-start=""1074"" data-end=""1324"">The inverter features four Maximum Power Point Tracking (MPPT) trackers, enabling flexible photovoltaic (PV) array configurations. This design maximizes solar energy harvest, even under partial shading conditions, enhancing overall system efficiency.</p>
<p data-start=""1326"" data-end=""1583"">Equipped with a Wi-Fi module, the Sunsynk 50kW inverter allows for real-time monitoring and management via a mobile app. Users can track energy production, battery status, and system performance remotely, facilitating proactive maintenance and optimization.</p>
<p data-start=""1585"" data-end=""1807"">Safety and durability are paramount in the design of this inverter. It includes integrated protection against overload, over-temperature, and short circuits, ensuring reliable operation in various environmental conditions.</p>
<p data-start=""1809"" data-end=""2062"">For businesses seeking to future-proof their energy infrastructure, the Sunsynk 50kW inverter offers scalability. Multiple units can be connected in parallel to meet increasing energy demands, providing a flexible solution that grows with your business.</p>
<p data-start=""2064"" data-end=""2320"">In summary, the <strong data-start=""2080"" data-end=""2120"">Sunsynk 50kW 3-Phase Hybrid Inverter</strong> delivers a powerful, flexible, and reliable energy solution for large-scale applications, combining advanced technology with robust performance to meet the evolving energy needs of modern businesses.</p>
<hr data-start=""2322"" data-end=""2325"" />
<h3 data-start=""2327"" data-end=""2350"">✅ <strong data-start=""2333"" data-end=""2350"">Key Benefits:</strong></h3>
<ul data-start=""2352"" data-end=""3119"">
<li data-start=""2352"" data-end=""2436"">
<p data-start=""2354"" data-end=""2436""><strong data-start=""2354"" data-end=""2376"">High Power Output:</strong> 50,000 W rated power to support large-scale energy needs.</p>
</li>
<li data-start=""2437"" data-end=""2542"">
<p data-start=""2439"" data-end=""2542""><strong data-start=""2439"" data-end=""2468"">Multiple Operation Modes:</strong> On-grid, off-grid, and UPS capabilities for flexible energy management.</p>
</li>
<li data-start=""2543"" data-end=""2632"">
<p data-start=""2545"" data-end=""2632""><strong data-start=""2545"" data-end=""2574"">Advanced MPPT Technology:</strong> Four MPPT trackers for optimal solar energy harvesting.</p>
</li>
<li data-start=""2633"" data-end=""2726"">
<p data-start=""2635"" data-end=""2726""><strong data-start=""2635"" data-end=""2657"">Remote Monitoring:</strong> Wi-Fi connectivity for real-time system monitoring via mobile app.</p>
</li>
<li data-start=""2727"" data-end=""2829"">
<p data-start=""2729"" data-end=""2829""><strong data-start=""2729"" data-end=""2751"">Robust Protection:</strong> Built-in safeguards against overload, over-temperature, and short circuits.</p>
</li>
<li data-start=""2830"" data-end=""2928"">
<p data-start=""2832"" data-end=""2928""><strong data-start=""2832"" data-end=""2848"">Scalability:</strong> Ability to connect multiple units in parallel to meet growing energy demands.</p>
</li>
<li data-start=""2929"" data-end=""3018"">
<p data-start=""2931"" data-end=""3018""><strong data-start=""2931"" data-end=""2957"">Efficient Performance:</strong> High conversion efficiency to maximize energy utilization.</p>
</li>
<li data-start=""3019"" data-end=""3119"">
<p data-start=""3021"" data-end=""3119""><strong data-start=""3021"" data-end=""3040"">Durable Design:</strong> Engineered to withstand harsh environmental conditions for reliable operation.</p>
</li>
</ul>","","","taxable","","1","","","0","0","","","","","1","","","85500.00","Inverters","Inverters, Sunsynk","","https://sasolarexperts.co.za/wp-content/uploads/2026/03/Inverters-Sunsynk-50kw-Inverter-3-Phase.png, https://sasolarexperts.co.za/wp-content/uploads/2026/03/Inverters-Sunsynk-50kw-Inverter-3-Phase-image-2.png, https://sasolarexperts.co.za/wp-content/uploads/2026/03/Inverters-Sunsynk-50kw-Inverter-3-Phase-image-3.png","","","","","","","","","0","Sunsynk","3839","https://sasolarexperts.co.za/product/sunsynk-50kw-inverter-3-phase/"
"","simple","19024","Deye 16kW Hybrid Inverter","1","0","visible","<h2>Deye 16KW Hybrid Inverter</h2>
<p>Includes:  Wi-Fi Dongle + BMS Communication Cable</p>
<p>Higer yields.</p>
<ul>
<li>Improve self-consumption ratio up to 80%, reducing your electricity bill.</li>
<li>DC/AC ratio up to 1.3, completely suitable for double-side PV modular.</li>
<li>Two MPPT design, Max. efficiency of 97.6%.</li>
</ul>","<p>The Deye 16kW Hybrid Inverter</p>
<p> is a high-capacity solar energy inverter designed for large residential properties, commercial installations, farms and advanced battery-storage systems. It combines solar PV generation, battery storage, grid electricity and generator integration into a single intelligent energy-management solution.</p>
<p>With a substantial 16kW AC output, the Deye 16kW Hybrid Inverter is designed for installations with higher electrical loads and greater energy requirements. Furthermore, its hybrid architecture allows solar energy to be used directly by connected loads, stored in batteries for later use, or supplemented by the utility grid when additional power is required.</p>
<p>The inverter is suitable for 48V low-voltage battery systems, making it compatible with a wide range of modern lithium battery solutions. In addition, intelligent battery management and communication capabilities allow compatible batteries to communicate with the inverter&#8217;s BMS for coordinated charging, discharging and protection.</p>
<p>For South African solar installations, the Deye 16kW Hybrid Inverter can be used to build systems capable of handling substantial household or business loads while maintaining battery backup during grid interruptions. This makes it suitable for applications where dependable energy availability and effective solar utilisation are important.</p>
<p>Moreover, Deye&#8217;s hybrid platform provides multiple operating modes, allowing system owners to prioritise solar production, battery storage, grid power or backup operation according to their energy requirements. Programmable charging and discharging periods can also help optimise when batteries are charged and when stored energy is used.</p>
<p>The inverter can support generator integration, providing another energy source for larger off-grid and backup installations. As a result, it can form part of a multi-source energy system combining solar panels, batteries, the electrical grid and a standby generator.</p>
<p>Another important advantage is its scalability. Multiple compatible Deye hybrid inverters can be configured in parallel for larger installations, allowing system capacity to be expanded as energy requirements increase. The platform can also support AC-coupled solar configurations, which can be useful when upgrading an existing solar installation.</p>
<p>In addition, advanced protection functions help safeguard the inverter and connected solar system against electrical faults and abnormal operating conditions. Depending on the installation configuration, protection features include overcurrent, overvoltage, reverse-polarity, anti-islanding, surge and temperature protection.</p>
<p>The Deye 16kW Hybrid Inverter is therefore suited to customers looking for a powerful energy-management platform for larger solar and battery systems. Whether installed in a high-consumption home, commercial property, agricultural operation or backup-power application, it provides the flexibility to combine solar generation and battery storage with other available energy sources.</p>
<p>Key Benefits</p>
<p>16kW high-capacity hybrid inverter<br />
Designed for large solar and battery installations<br />
48V low-voltage battery architecture<br />
Compatible with lithium battery storage systems<br />
Solar PV and battery energy management in one system<br />
Supports grid-connected hybrid operation<br />
Suitable for backup-power applications<br />
Generator integration support<br />
Programmable battery charging and discharging<br />
Intelligent battery management through BMS communication<br />
Suitable for solar-system expansion<br />
Parallel operation capability for larger systems<br />
Supports AC-coupled solar configurations<br />
Advanced electrical protection functions<br />
Designed for residential, commercial and agricultural applications<br />
Suitable for South African solar installations<br />
Ideal Applications</p>
<p>The Deye 16kW Hybrid Inverter is suitable for:</p>
<p>Large residential solar systems<br />
High-energy homes<br />
Commercial properties<br />
Offices and retail premises<br />
Farms and agricultural installations<br />
Solar backup systems<br />
Hybrid grid-connected systems<br />
Off-grid energy systems<br />
Battery energy-storage installations<br />
Existing solar-system upgrades<br />
Generator-supported solar systems</p>","","","taxable","","1","","","0","0","","","","","1","","35700.00","40400.00","Inverters","Deye, Inverters","","https://sasolarexperts.co.za/wp-content/uploads/2026/03/Inverters-Deye-16kW-Hybrid-Inverter.png","","","","","","","","","0","Deye","3846","https://sasolarexperts.co.za/product/deye-16kw-hybrid-inverter/"
"","simple","18137","MUST 12KW Hybrid Inverter","1","0","visible","<p>T PV1900 EXP Series (Model: PV19-12048-EXP) is a high-performance hybrid inverter designed for reliable solar energy management. This all-in-one unit integrates a solar inverter, dual MPPT solar charge controllers, and a battery charger into a single compact system. It supports off-grid and hybrid applications and can operate without a battery, making it suitable for flexible energy setups.</p>","<h2>Description</h2>
<h1>MUST 12KW Hybrid Inverter</h1>
<p>T PV1900 EXP Series (Model: PV19-12048-EXP) is a high-performance hybrid inverter designed for reliable solar energy management. This all-in-one unit integrates a solar inverter, dual MPPT solar charge controllers, and a battery charger into a single compact system. It supports off-grid and hybrid applications and can operate without a battery, making it suitable for flexible energy setups.</p>
<p>Equipped with two MPPTs, the inverter can handle up to 6000W per MPPT, with a wide MPPT voltage range of 90–450VDC and maximum PV input voltage of 500V. This allows efficient solar energy conversion from various panel configurations. It supports maximum PV input current of 27A per MPPT (40A max).</p>
<p>Key features include:</p>
<p>Dual output for smart load management</p>
<p>Color LCD for setting system parameters such as charge current and voltage</p>
<p>Battery-free operation capability</p>
<p>BMS communication function for lithium battery management</p>
<p>AC/PV lithium battery activation support</p>
<p>Parallel operation up to 6 units for increased capacity</p>
<p>USB and RS485 monitoring</p>
<p>WIFI remote monitoring</p>
<p>Comprehensive protection: overload, short circuit, and deep discharge protection</p>
<p>The PV19-12048-EXP is a scalable and efficient solution for homes and commercial setups requiring continuous, stable, and intelligent power delivery using solar energy, battery storage, and AC utili</p>","","","taxable","","1","","","0","0","","","","","1","","","13500.00","Inverters","","","https://sasolarexperts.co.za/wp-content/uploads/2026/03/Inverters_MUST_12KW_Hybrid_Inverter-removebg-preview.png, https://sasolarexperts.co.za/wp-content/uploads/2026/03/Inverters-MUST-12KW-Hybrid-Inverter-image-3-1.png, https://sasolarexperts.co.za/wp-content/uploads/2026/03/Inverters-MUST-12KW-Hybrid-Inverter-image-4.png, https://sasolarexperts.co.za/wp-content/uploads/2026/03/Inverters-MUST-12KW-Hybrid-Inverter-image-2.png","","","","","","","","","0","Must, MUST Hybrid Inverter","3848","https://sasolarexperts.co.za/product/must-12kw-hybrid-inverter/"
"","simple","17248","LUXPOWER 5KVA (SNA5000) INVERTER","1","0","visible","","<p><strong>Description</strong></p>
<p><strong>Output</strong></p>
<ul>
<li>Rated power: 5000W/5000VA.</li>
<li>Parallel capacity: YES.</li>
<li>Surge power: 10000VA.</li>
<li>Switch time: 10ms.</li>
<li>Waveform: Pure sine wave.</li>
</ul>
<p>&nbsp;</p>
<p><b>Battery</b></p>
<ul>
<li>Battery Type: Lithium/Lead-Acid.</li>
<li>Normal Voltage: 51.2V/48V.</li>
<li>Max. Charge Voltage: 59V.</li>
</ul>
<p>&nbsp;</p>
<p><strong>Solar</strong></p>
<ul>
<li>Max. Recommended PV Power: 6000w (3000w Per mppt)</li>
<li>MPPT Tracker: 2.</li>
<li>Max. PV Open Circuit Voltage: 480Vdc.</li>
<li>MPPT Voltage Range: 100-385Vdc.</li>
<li>Max. Solar Charge Current: 100A.</li>
<li>Max. Solar Input Current: 13A/13A.</li>
<li>Max. MPPT E­iciency: &gt;98%.</li>
<li>Parallel MPPT Charger: YES.</li>
</ul>
<p>&nbsp;</p>
<p><strong>General</strong></p>
<ul>
<li>Dimensions(W/H/D): 330x504x135mm.</li>
<li>Weight 14Kg.</li>
</ul>","","","taxable","","1","","","0","0","","","","","1","","7099.00","8000.00","Inverters","Inverters, LuxPower","","https://sasolarexperts.co.za/wp-content/uploads/2026/03/Inverters-5kVA-Luxpower-Inverter.jpg, https://sasolarexperts.co.za/wp-content/uploads/2026/03/Inverters-5kVA-Luxpower-Inverter-image-2.jpg","","","","","","","","","0","Luxpower","3855","https://sasolarexperts.co.za/product/5kva-luxpower-inverter/"
"","simple","18057","LuxPower 14kW Single Phase Eco Hybrid Inverter (SNA14000)","1","0","visible","<p>The Luxpower is a single-phase, 48 V <strong>off-grid/eco-hybrid</strong> inverter designed for high-demand homes and small businesses. It blends solar, batteries and a dedicated generator input, supports export-limit/zero-export (with external meter/CTs), and offers fast UPS-grade transfer for essential loads. <strong>Supply only</strong>—perfect if you already have an installer to handle wiring, protection and commissioning.</p>","<p>The Luxpower is a single-phase, 48 V <strong>off-grid/eco-hybrid</strong> inverter designed for high-demand homes and small businesses. It blends solar, batteries and a dedicated generator input, supports export-limit/zero-export (with external meter/CTs), and offers fast UPS-grade transfer for essential loads. <strong>Supply only</strong>—perfect if you already have an installer to handle wiring, protection and commissioning. PRODUCT SPECS (SUMMARY)<br />
• Model &amp; topology: <strong>SNA-EU 14000</strong>, single-phase 230 V, 48/51.2 V battery class; eco-hybrid/off-grid. (<a title=""Off-grid Inverter User Manual"" href=""https://luxpowertek.com/wp-content/uploads/2025/03/SNA-12-14K-User-Manual-2025.2.26.pdf?utm_source=chatgpt.com"" target=""_blank"" rel=""noopener"">luxpowertek.com</a>)<br />
• Rated power: <strong>14 kW</strong>; datasheet notes off-grid application with <strong>12 kW output</strong> (design-limit). Transfer time <strong>&lt;10 ms</strong>; surge ≈ <strong>24 kW</strong>; peak efficiency ≈ <strong>93.5%</strong>. (<a title=""SNA 12-14K Datasheet"" href=""https://luxpowertek.com/wp-content/uploads/2025/03/SNA-12-14K-Datasheet_EN.pdf?utm_source=chatgpt.com"" target=""_blank"" rel=""noopener"">luxpowertek.com</a>)<br />
• PV input: <strong>2 × MPPT / 4 strings</strong>, up to <strong>24 kW</strong> PV; MPPT window <strong>120–440 Vdc</strong> (start-up 100 V), <strong>Vdc max 480 V</strong>; <strong>44 A per MPPT</strong> (short-circuit 44 A per MPPT). (<a title=""Luxpower 14kW Eco Hybrid Inverter - Solar Backup Power"" href=""https://sp-energy.co.za/product/luxpower-14kw-eco-hybrid-inverter/?srsltid=AfmBOorsaVTzOvMmKX1eqIynf5-M4oVxaRCdpUiL54udkT7xAdLnjClW&amp;utm_source=chatgpt.com"" target=""_blank"" rel=""noopener"">sp-energy.co.za</a>)<br />
• Battery &amp; charge: 48–51.2 V LiFePO₄/lead-acid; <strong>max charge/discharge 250 A</strong>; PV/AC/GEN can wake the battery. (<a title=""SNA 12-14K Datasheet"" href=""https://luxpowertek.com/wp-content/uploads/2025/03/SNA-12-14K-Datasheet_EN.pdf?utm_source=chatgpt.com"" target=""_blank"" rel=""noopener"">luxpowertek.com</a>)<br />
• Generator &amp; AC-coupling: Dedicated <strong>GEN port</strong>, <strong>up to 19.2 kW</strong> Gen/AC-coupling input; <strong>auto gen start/stop</strong> control. (<a title=""SNA 12-14K Datasheet"" href=""https://luxpowertek.com/wp-content/uploads/2025/03/SNA-12-14K-Datasheet_EN.pdf?utm_source=chatgpt.com"" target=""_blank"" rel=""noopener"">luxpowertek.com</a>)<br />
• Parallel/scale: <strong>Up to 16 units in parallel</strong> for larger systems. (<a title=""SNA 12-14K Datasheet"" href=""https://luxpowertek.com/wp-content/uploads/2025/03/SNA-12-14K-Datasheet_EN.pdf?utm_source=chatgpt.com"" target=""_blank"" rel=""noopener"">luxpowertek.com</a>)<br />
• Loads &amp; safety: <strong>Dual AC output ports</strong> (separate essential/non-essential), integrated load &amp; battery breakers. (<a title=""SNA 12-14K Datasheet"" href=""https://luxpowertek.com/wp-content/uploads/2025/03/SNA-12-14K-Datasheet_EN.pdf?utm_source=chatgpt.com"" target=""_blank"" rel=""noopener"">luxpowertek.com</a>)<br />
• Monitoring &amp; control: Local HMI; external smart meter/CTs for zero-export; comms via CAN/RS485 (profile-dependent). (<a title=""Off-grid Inverter User Manual"" href=""https://luxpowertek.com/wp-content/uploads/2025/03/SNA-12-14K-User-Manual-2025.2.26.pdf?utm_source=chatgpt.com"" target=""_blank"" rel=""noopener"">luxpowertek.com</a>)</p>
<p>WHAT’S INCLUDED / NOT INCLUDED<br />
Included: 1 × Luxpower SNA14000 inverter, basic documentation (supply only).<br />
Not included: Installation/commissioning, PV modules/mounting, batteries, smart meter/CTs, AC/DC protection (DBs, breakers, surge), isolators, cables, trunking or comms leads</p>","","","taxable","","1","","","0","0","","","","","1","","","19600.00","Inverters","","","https://sasolarexperts.co.za/wp-content/uploads/2026/03/ChatGPT-Image-Jun-22-2026-07_05_36-PM.png","","","","","","","","","0","Luxpower","3859","https://sasolarexperts.co.za/product/luxpower-14kw-single-phase-eco-hybrid-inverter-sna14000/"
"","simple","17257","Growatt 6KVA Off Grid Inverter 48v","1","0","visible","<p>The 6kW Growatt Off Grid Inverter 48V is a robust solution for off-grid solar energy systems in remote or rural areas.<br data-start=""582"" data-end=""585"" />Thanks to its 6kW pure sine wave output, it handles large appliances while maintaining safety for sensitive electronic devices.<br data-start=""712"" data-end=""715"" />Moreover, it supports 48V lithium, lead-acid, and AGM batteries, allowing users to tailor storage systems to their energy needs.<br data-start=""843"" data-end=""846"" />Because it features dual MPPT inputs, the inverter optimizes solar energy collection from panels installed in different orientations.</p>","<h2>Description</h2>
<h1>6kw Growatt Off Grid Inverter 48v</h1>
<h3 data-start=""438"" data-end=""462""><strong data-start=""442"" data-end=""462"">Full Description</strong></h3>
<p data-start=""464"" data-end=""981"">The 6kW Growatt Off Grid Inverter 48V is a robust solution for off-grid solar energy systems in remote or rural areas.<br data-start=""582"" data-end=""585"" />Thanks to its 6kW pure sine wave output, it handles large appliances while maintaining safety for sensitive electronic devices.<br data-start=""712"" data-end=""715"" />Moreover, it supports 48V lithium, lead-acid, and AGM batteries, allowing users to tailor storage systems to their energy needs.<br data-start=""843"" data-end=""846"" />Because it features dual MPPT inputs, the inverter optimizes solar energy collection from panels installed in different orientations.</p>
<p data-start=""983"" data-end=""1498"">Additionally, the inverter includes a built-in solar charge controller, which guarantees efficient and safe battery charging every day.<br data-start=""1118"" data-end=""1121"" />To extend battery life, it uses intelligent battery management, which balances charge cycles and protects against overcharging issues.<br data-start=""1255"" data-end=""1258"" />The LCD interface allows users to monitor energy flow, battery status, and system health in real time.<br data-start=""1360"" data-end=""1363"" />Furthermore, Growatt’s ShineWiFi-X app offers remote monitoring, allowing system access anytime from a smartphone or desktop browser.</p>
<p data-start=""1500"" data-end=""2043"">For installations requiring scalability, the inverter supports parallel operation with other Growatt units, thus increasing total system power.<br data-start=""1643"" data-end=""1646"" />It automatically switches to backup mode when the grid fails, ensuring seamless power supply to critical home or business loads.<br data-start=""1774"" data-end=""1777"" />Due to its compact and fanless aluminum housing, the unit runs silently while resisting dust, moisture, and extreme weather.<br data-start=""1901"" data-end=""1904"" />It includes advanced safety features such as overload, short-circuit, and over-temperature protection for reliable long-term performance.</p>
<p data-start=""2045"" data-end=""2452"">Moreover, users can program charging schedules, load priorities, and power sources, enhancing energy efficiency for every unique situation.<br data-start=""2184"" data-end=""2187"" />It also allows generator input for hybrid setups, offering flexibility when solar generation or battery reserves are insufficient.<br data-start=""2317"" data-end=""2320"" />As a result, the 6kW Growatt Off Grid Inverter 48V is ideal for homes, farms, lodges, or any location needing energy independence.</p>
<hr data-start=""2454"" data-end=""2457"" />
<h3 data-start=""2459"" data-end=""2479""><strong data-start=""2463"" data-end=""2479"">Key Benefits</strong></h3>
<ul>
<li style=""list-style-type: none"">
<ul>
<li style=""list-style-type: none"">
<ul data-start=""2481"" data-end=""2934"">
<li data-start=""2481"" data-end=""2528"">
<p data-start=""2483"" data-end=""2528"">6kW output ideal for large off-grid systems</p>
</li>
<li data-start=""2529"" data-end=""2577"">
<p data-start=""2531"" data-end=""2577"">Dual MPPT inputs for optimized solar harvest</p>
</li>
<li data-start=""2578"" data-end=""2635"">
<p data-start=""2580"" data-end=""2635"">Compatible with lithium, AGM, and lead-acid batteries</p>
</li>
<li data-start=""2636"" data-end=""2682"">
<p data-start=""2638"" data-end=""2682"">LCD screen plus remote WiFi app monitoring</p>
</li>
<li data-start=""2683"" data-end=""2733"">
<p data-start=""2685"" data-end=""2733"">Parallel capability for scalable installations</p>
</li>
<li data-start=""2734"" data-end=""2784"">
<p data-start=""2736"" data-end=""2784"">Built-in intelligent battery management system</p>
</li>
<li data-start=""2785"" data-end=""2836"">
<p data-start=""2787"" data-end=""2836"">Generator integration for hybrid backup support</p>
</li>
<li data-start=""2837"" data-end=""2884"">
<p data-start=""2839"" data-end=""2884"">Fanless, weather-resistant aluminum housing</p>
</li>
<li data-start=""2885"" data-end=""2934"">
<p data-start=""2887"" data-end=""2934"">Advanced protection for safety and durability</p>
</li>
</ul>
</li>
</ul>
</li>
</ul>","","","taxable","","1","","","0","0","","","","","1","","","7200.00","Inverters","Growatt, Inverters","","https://sasolarexperts.co.za/wp-content/uploads/2026/03/Inverters-Growatt-6kw-Off-Grid-Inverter-48v.png","","","","","","","","","0","Growatt","3861","https://sasolarexperts.co.za/product/growatt-6kw-off-grid-inverter-48v/"
"","simple","17244","Deye 12kw 3 Phase 48v Inverter","1","0","visible","<p>12kW Deye 3-Phase 48V Hybrid Inverter – Efficient Power for Commercial &amp; Residential Solar Systems<br />
The 12kW Deye 3-Phase 48V Hybrid Inverter is designed to deliver consistent and powerful solar energy for homes, businesses, and light industrial sites. Because it supports 48V lithium battery banks, the inverter ensures efficient storage and energy management.</p>","<h2>Description</h2>
<p>12kW Deye 3-Phase 48V Hybrid Inverter – Efficient Power for Commercial &amp; Residential Solar Systems<br />
The 12kW Deye 3-Phase 48V Hybrid Inverter is designed to deliver consistent and powerful solar energy for homes, businesses, and light industrial sites. Because it supports 48V lithium battery banks, the inverter ensures efficient storage and energy management.</p>
<p>Moreover, this three-phase inverter balances power distribution across three lines. As a result, it reduces strain on appliances and improves system stability. This feature is crucial for commercial and industrial energy systems that demand reliable output.</p>
<p>Thanks to its wide PV input voltage range, the inverter accepts more solar panels per string. This flexibility makes installation easier and reduces overall system costs. Additionally, the dual MPPT inputs optimize solar power harvest from different panel arrays or orientations.</p>
<p>The inverter features a built-in Battery Management System (BMS), which protects battery health by monitoring voltage, temperature, and current. This intelligent system prevents overcharging and deep discharging, extending battery life.</p>
<p>Furthermore, it supports seamless switching between solar, battery, and grid power. Therefore, your system can provide uninterrupted energy during outages or grid instability. Also, the inverter supports generator input for added backup reliability.</p>
<p>Remote monitoring via Wi-Fi or wired communication lets users track system performance and energy usage easily. This functionality makes troubleshooting and system optimization straightforward.</p>
<p>Due to growing energy needs and rising electricity costs, this inverter is ideal for those seeking energy independence and cost savings. It combines high performance, flexibility, and durability in a compact design.</p>
<p>✅ Key Benefits:<br />
12kW three-phase hybrid inverter – stable power for homes and businesses</p>
<p>Compatible with 48V lithium battery banks</p>
<p>Wide PV input voltage range – flexible solar array design</p>
<p>Dual MPPTs – maximize energy harvest throughout the day</p>
<p>Intelligent BMS – protects battery health and extends lifespan</p>
<p>Seamless switching – uninterrupted power supply during outages</p>
<p>Generator input – enhances backup energy reliability</p>
<p>Remote monitoring – control and monitor system remotely via app</p>
<p>Compact, durable design – suitable for commercial and residential installations</p>","","","taxable","","1","","","0","0","","","","","1","","32800.00","34300.00","Inverters","Deye, Inverters","","https://sasolarexperts.co.za/wp-content/uploads/2026/03/Inverters-Deye-12kw-3-Phase-48v-Inverter-2.png","","","","","","","","","0","Deye","3864","https://sasolarexperts.co.za/product/deye-12kw-3-phase-48v-inverter/"
"","simple","17925","Deye 10kW Hybrid Inverter Single Phase","1","0","visible","<p>10kW Deye Hybrid Inverter Single Phase – High Power for Reliable Backup and Solar Efficiency<br />
The 10kW Deye Hybrid Inverter Single Phase is designed to deliver strong, uninterrupted power for residential or commercial use. Firstly, it supports grid-tied, off-grid, and hybrid modes, making it extremely versatile.</p>","<blockquote>
<div class=""woocommerce-tabs wc-tabs-wrapper"">
<div id=""tab-description"" class=""woocommerce-Tabs-panel woocommerce-Tabs-panel--description panel entry-content wc-tab"" role=""tabpanel"" aria-labelledby=""tab-title-description"">
<h2>Description</h2>
<h1>10kW Deye Hybrid Inverter Single Phase</h1>
<p>10kW Deye Hybrid Inverter Single Phase – High Power for Reliable Backup and Solar Efficiency<br />
The 10kW Deye Hybrid Inverter Single Phase is designed to deliver strong, uninterrupted power for residential or commercial use. Firstly, it supports grid-tied, off-grid, and hybrid modes, making it extremely versatile.</p>
<p>Because it uses a 48V battery system, it provides enhanced energy safety and long-term efficiency. Furthermore, this inverter works seamlessly with lithium batteries, including brands like Deye, Sunsynk, and others.</p>
<p>Thanks to its dual MPPT system, the inverter efficiently manages solar input across multiple strings. As a result, you get better performance even in partially shaded conditions.</p>
<p>Moreover, the inverter includes a built-in BMS communication port, ensuring smooth and safe interaction with your battery system. This helps protect against overcharge, deep discharge, and temperature fluctuations.</p>
<p>In addition, the 10kW Deye inverter supports generator input, which adds another level of backup reliability during long outages. Therefore, you can stay connected when the grid fails.</p>
<p>Not only does it support time-of-use settings, but it also allows you to prioritize solar, grid, or battery usage. So, you can reduce energy bills while maximizing solar output.</p>
<p>Also, its touchscreen interface and Wi-Fi monitoring make it easy to manage and track system performance. Because of this, you stay informed about power usage and battery status in real time.</p>
<p>Due to the rising demand for self-sufficient power, this inverter is a smart solution for energy independence. Whether you’re powering a home, a workshop, or a guesthouse, this system delivers.</p>
<p>✅ Key Benefits:<br />
10kW hybrid inverter – ideal for home or light business use</p>
<p>Works in grid-tied, off-grid, and hybrid systems</p>
<p>Dual MPPT – ensures optimal solar harvesting</p>
<p>48V battery compatible – safer and easier to manage</p>
<p>Generator input – supports extra backup when needed</p>
<p>BMS integration – intelligent battery protection</p>
<p>Smart switching – uninterrupted power during load shedding</p>
<p>Wi-Fi ready – real-time monitoring and control</p>
<p>Time-of-use support – optimize energy savings</p>
<p>Supports multiple battery brands – flexible system design</p>
</div>
</div>
</blockquote>","","","taxable","","1","","","0","0","","","","","1","","","30100.00","Inverters","Deye, Inverters","","https://sasolarexperts.co.za/wp-content/uploads/2026/03/Inverters-Deye-10kW-Hybrid-Inverter-Single-Phase.png","","","","","","","","","0","Deye","3866","https://sasolarexperts.co.za/product/deye-10kw-hybrid-inverter-single-phase/"
"","simple","17809","15kWh Sunsynk Lithium Battery","1","0","visible","<p>The <strong data-start=""287"" data-end=""320"">15kWh Sunsynk Lithium Battery</strong> delivers reliable and scalable energy storage for residential and commercial solar applications.<br data-start=""417"" data-end=""420"" />Because of its high capacity, it powers large appliances, heavy loads, and essential systems with ease.<br data-start=""523"" data-end=""526"" />Moreover, it works perfectly with Sunsynk inverters and many other major brands like Deye and Victron.</p>","<h2>Description</h2>
<h3 data-start=""189"" data-end=""281"">15kWh Sunsynk Lithium Battery – Reliable Power for Home, Business, and Backup Systems</h3>
<p data-start=""283"" data-end=""628"">The <strong data-start=""287"" data-end=""320"">15kWh Sunsynk Lithium Battery</strong> delivers reliable and scalable energy storage for residential and commercial solar applications.<br data-start=""417"" data-end=""420"" />Because of its high capacity, it powers large appliances, heavy loads, and essential systems with ease.<br data-start=""523"" data-end=""526"" />Moreover, it works perfectly with Sunsynk inverters and many other major brands like Deye and Victron.</p>
<p data-start=""630"" data-end=""1028"">Thanks to <strong data-start=""640"" data-end=""667"">LiFePO₄ cell technology</strong>, this battery provides outstanding safety, stability, and long cycle life.<br data-start=""742"" data-end=""745"" />With over <strong data-start=""755"" data-end=""777"">6000 charge cycles</strong>, it ensures years of dependable performance.<br data-start=""822"" data-end=""825"" />Additionally, its <strong data-start=""843"" data-end=""887"">advanced Battery Management System (BMS)</strong> monitors voltage, temperature, and current at all times.<br data-start=""944"" data-end=""947"" />As a result, you’re protected from overcharging, deep discharge, and overheating.</p>
<p data-start=""1030"" data-end=""1367"">Not only does the 15kWh Sunsynk battery deliver high energy output, but it also maximizes space with a <strong data-start=""1133"" data-end=""1162"">modular rack-mount design</strong>.<br data-start=""1163"" data-end=""1166"" />Therefore, installation is easier and neater, whether on a wall or inside a battery cabinet.<br data-start=""1258"" data-end=""1261"" />Furthermore, the unit is <strong data-start=""1286"" data-end=""1300"">expandable</strong>, which means you can add more batteries as your energy needs grow.</p>
<p data-start=""1369"" data-end=""1771"">Even under harsh weather conditions, this battery performs consistently and efficiently.<br data-start=""1457"" data-end=""1460"" />Because of its strong outer casing and thermal stability, it suits both indoor and outdoor installations.<br data-start=""1565"" data-end=""1568"" />Whether you’re using a hybrid, grid-tied, or off-grid setup, this battery adapts effortlessly.<br data-start=""1662"" data-end=""1665"" />Moreover, it operates with high round-trip efficiency, reducing energy waste and lowering costs over time.</p>
<p data-start=""1773"" data-end=""2034"">Due to rising electricity prices and ongoing load shedding, many South Africans now prefer high-capacity storage like this.<br data-start=""1896"" data-end=""1899"" />By choosing the Sunsynk 15kWh battery, you’re investing in <strong data-start=""1958"" data-end=""1981"">energy independence</strong>, <strong data-start=""1983"" data-end=""2010"">lower electricity bills</strong>, and <strong data-start=""2016"" data-end=""2033"">peace of mind</strong>.</p>
<hr data-start=""2036"" data-end=""2039"" />
<h3 data-start=""2041"" data-end=""2060"">✅ Key Benefits:</h3>
<ul data-start=""2062"" data-end=""2528"">
<li data-start=""2062"" data-end=""2123"">
<p data-start=""2064"" data-end=""2123"">15kWh capacity – powers homes, offices, or backup systems</p>
</li>
<li data-start=""2124"" data-end=""2177"">
<p data-start=""2126"" data-end=""2177"">LiFePO₄ cells – safe, efficient, and long-lasting</p>
</li>
<li data-start=""2178"" data-end=""2236"">
<p data-start=""2180"" data-end=""2236"">6000+ cycles – designed for durability and reliability</p>
</li>
<li data-start=""2237"" data-end=""2289"">
<p data-start=""2239"" data-end=""2289"">Rack-mountable – space-saving and modular design</p>
</li>
<li data-start=""2290"" data-end=""2353"">
<p data-start=""2292"" data-end=""2353"">BMS protection – safe from surges, heat, and deep discharge</p>
</li>
<li data-start=""2354"" data-end=""2415"">
<p data-start=""2356"" data-end=""2415"">Compatible with Sunsynk, Deye, Victron, Growatt, and more</p>
</li>
<li data-start=""2416"" data-end=""2474"">
<p data-start=""2418"" data-end=""2474"">Expandable – grow your system as energy needs increase</p>
</li>
<li data-start=""2475"" data-end=""2528"">
<p data-start=""2477"" data-end=""2528"">Perfect for hybrid, off-grid, or grid-tied setups</p>
</li>
</ul>","","","taxable","","0","","","0","0","","","","","1","","","52100.00","Lithium Batteries","Lithium Battery, Sunsynk","","https://sasolarexperts.co.za/wp-content/uploads/2026/03/Inverters-15kWh-Sunsynk-Lithium-Battery.png","","","","","","","","","0","Sunsynk","3869","https://sasolarexperts.co.za/product/15kwh-sunsynk-lithium-battery/"
"","simple","19168","Canadian 460w mono perc high efficiency all weather","1","0","visible","<p>CSI Solar Co., Ltd. is committed to providing high quality solar<br />
products, solar system solutions and services to customers<br />
around the world. Canadian Solar was recognized as the No. 1<br />
module supplier for quality and performance/price ratio in the<br />
IHS Module Customer Insight Survey, and is a leading PV project<br />
developer and manufacturer of solar modules, with over 50<br />
GW deployed around the world since 2001.</p>","<h2>Description</h2>
<p>460 W ~ 480 W<br />
CS3Y-460|465|470|475|480PB-AG<br />
CS3Y-460|465|470|475|480PB-AG</p>
<p>FRONT BACK<br />
CSI Solar Co., Ltd. is committed to providing high quality solar<br />
products, solar system solutions and services to customers<br />
around the world. Canadian Solar was recognized as the No. 1<br />
module supplier for quality and performance/price ratio in the<br />
IHS Module Customer Insight Survey, and is a leading PV project<br />
developer and manufacturer of solar modules, with over 50<br />
GW deployed around the world since 2001.<br />
BiHiKu5<br />
BIFACIAL POLY PERC<br />
MORE POWER<br />
MORE RELIABLE</p>
<p>Comprehensive LID / LeTID mitigation<br />
technology, up to 50% lower degradation<br />
Carbon footprint reduced up to 25%<br />
Module power up to 480 W<br />
480 W Module efficiency up to 20.3 %<br />
Minimizes micro-crack impacts<br />
* For detailed information, please refer to the Installation Manual.<br />
Heavy snow load up to 5400 Pa,<br />
wind load up to 2400 Pa*<br />
Better shading tolerance<br />
CSI Solar Co., Ltd.<br />
Canadian Solar MSS (Australia) Pty Ltd., 44 Stephenson St, Cremorne VIC 3121, Australia<br />
sales.au@csisolar.com, www.csisolar.com/au<br />
(IEC1000 V)<br />
(IEC1500 V)<br />
Up to 11.5 % lower LCOE<br />
Up to 3.2 % lower system cost<br />
Compatible with mainstream trackers,<br />
cost effective product for utility power plant</p>
<p>PRODUCT CERTIFICATES*<br />
ISO 9001: 2015 / Quality management system<br />
ISO 14001: 2015 / Standards for environmental management system<br />
ISO 45001: 2018 / International standards for occupational health &amp; safety</p>
<p>MANAGEMENT SYSTEM CERTIFICATES*<br />
* The specific certificates applicable to different module types and markets will vary,<br />
and therefore not all of the certifications listed herein will simultaneously apply to the<br />
products you order or use. Please contact your local Canadian Solar sales representative<br />
to confirm the specific certificates available for your Product and applicable in the regions<br />
in which the products will be used.</p>
<p>*According to the applicable Canadian Solar Limited Warranty Statement.<br />
Linear Power Performance Warranty*<br />
1st year power degradation no more than 2%<br />
Subsequent annual power degradation no more than 0.45%<br />
30Years<br />
IEC 61215 / IEC 61730 / CE / INMETRO<br />
UL 61730 / IEC 61701 / IEC 62716 / IEC 60068-2-68<br />
Take-e-way<br />
Canadian Solar recycles panels at the end of life cycle<br />
12 Years Enhanced Product Warranty on Materials and<br />
Workmanship*</p>","","","taxable","","0","","","0","0","","","","","1","","","1257.00","Solar Panels","Canadian mono, solar panels","","https://sasolarexperts.co.za/wp-content/uploads/2026/03/Solar_Panel_Canadian_460w_mono_perc_high_efficiency_all_weather-removebg-preview.png","","","","","","","","","0","Canadian Solar Panels","3871","https://sasolarexperts.co.za/product/canadian-460w-mono-perc-high-efficiency-all-weather/"
"","simple","18113","Ja 595W Bi-Facial N-Type Pallet","1","0","visible","<p>The JA Solar 595W Bi-Facial N-Type Solar Pallet is designed for projects requiring high efficiency, durability, and consistent long-term output. This advanced solar pallet includes 36 panels, each delivering 595W of maximum power with cutting-edge N-Type bifacial cell technology. Therefore, energy is generated from both the front and rear surfaces, ensuring greater overall yield and reduced Levelized Cost of Energy.</p>","<h2>Description</h2>
<p>The JA Solar 595W Bi-Facial N-Type Solar Pallet is designed for projects requiring high efficiency, durability, and consistent long-term output. This advanced solar pallet includes 36 panels, each delivering 595W of maximum power with cutting-edge N-Type bifacial cell technology. Therefore, energy is generated from both the front and rear surfaces, ensuring greater overall yield and reduced Levelized Cost of Energy.</p>
<p>Because the modules use N-Type cells, they resist light-induced degradation, guaranteeing stable long-term performance. As a result, system owners benefit from reliable power output and reduced maintenance costs over the system lifetime. Additionally, the double-glass construction enhances durability, providing strong resistance against moisture, UV exposure, and environmental stress. Consequently, these panels are ideal for harsh climates and high-demand solar farms.</p>
<p>Each panel in the JA Solar 595W Bi-Facial N-Type Solar Pallet achieves an impressive efficiency rating of up to 23 percent. With dimensions of 2,278 mm × 1,134 mm and a weight of around 31.8 kg, the modules are robust yet manageable with proper handling. Furthermore, the pallet configuration simplifies bulk logistics and installation, making it perfect for commercial and utility-scale projects.</p>
<p>The JA Solar 595W Bi-Facial N-Type Solar Pallet supports 1500V DC systems, ensuring compatibility with modern high-voltage inverters. Moreover, every pallet is backed by a 12-year product warranty and a 30-year linear power warranty, guaranteeing long-term investment security. Whether used for ground-mounted farms, large rooftops, or industrial applications, this pallet ensures maximum efficiency and long-term reliability.</p>
<p>🔹 Key Benefits<br />
High power output of 595W per panel</p>
<p>Bifacial technology captures energy from both sides</p>
<p>N-Type cells resist light-induced degradation</p>
<p>Double-glass build ensures enhanced durability</p>
<p>12-year product warranty and 30-year performance guarantee</p>
<p>Pallet includes 36 panels for bulk projects</p>
<p>Compatible with 1500V DC inverters</p>
<p>Reduced Levelized Cost of Energy for maximum ROI</p>","","","taxable","","0","","","0","0","","","","","1","","","55995.00","Solar Panels","JA Solar, solar panels","","https://sasolarexperts.co.za/wp-content/uploads/2026/03/Solar-Panel-Ja-595W-Bi-Facial-N-Type-Pallet.png","","","","","","","","","0","JA Solar Panels","3873","https://sasolarexperts.co.za/product/ja-595w-bi-facial-n-type-pallet/"
"","simple","17331","550W JA Bifacial Solar Panel","1","0","visible","<p>550W JA Bifacial Solar Panel<br />
The 550W JA Bifacial Solar Panel features cutting-edge bifacial technology, which allows it to generate power from both front and rear sides.</p>","<p>Description<br />
550W JA Bifacial Solar Panel<br />
The 550W JA Bifacial Solar Panel features cutting-edge bifacial technology, which allows it to generate power from both front and rear sides.</p>
<p>Moreover, it captures reflected sunlight from surrounding surfaces, increasing total energy yield by up to 30% in ideal installation conditions.</p>
<p>Because of its monocrystalline half-cell design, the panel delivers greater efficiency and enhanced reliability during long-term operation in all weather scenarios.</p>
<p>In addition, the multi-busbar technology ensures lower resistance and improved current collection, which maximizes performance across the entire surface area.</p>
<p>Thanks to its double-glass structure, the panel offers outstanding durability, long service life, and protection from humidity, sand, and corrosion.</p>
<p>Furthermore, the panel has passed strict IEC tests, proving its strength under heavy wind loads, snow pressure, and mechanical stress conditions.</p>
<p>Despite its power, it maintains excellent low-light performance, generating energy during mornings, cloudy days, or in partially shaded areas.</p>
<p>Also, it supports a system voltage of 1500V, helping reduce BOS (Balance of System) costs in larger or commercial-scale installations.</p>
<p>Additionally, this panel is compatible with leading inverter brands, offering smooth integration into grid-tied or hybrid energy storage systems.</p>
<p>Finally, the JA 550W Bifacial Solar Panel includes a 12-year product and 30-year linear performance warranty, ensuring dependable long-term output.</p>
<p>✅ Key Benefits of the 550W JA Bifacial Solar Panel<br />
✅ Bifacial Power Generation – Produces electricity from both sides, increasing energy yield with ground or rooftop surface light reflection.</p>
<p>✅ High Power Output – With 550 watts per panel, you need fewer modules for large installations, saving space and hardware costs.</p>
<p>✅ Monocrystalline Half-Cell Design – Reduces energy loss, improves performance, and boosts reliability in shaded or partially lit conditions.</p>
<p>✅ Durable Glass-Glass Construction – Additionally, offers excellent mechanical resistance against weather stress, moisture, and environmental wear.</p>
<p>✅ Low Degradation Rate – Retains more than 80% output after 30 years, ensuring better long-term return on solar investment.</p>
<p>✅ Advanced Multi-Busbar Cells – Ensures better light capture and lower internal resistance for consistent power delivery under load.</p>
<p>✅ Low-Light and Shade Performance – Performs well in early mornings, late afternoons, and overcast days with consistently efficient output.</p>
<p>✅ Wide System Compatibility – Supports high-voltage systems and works with most inverter brands and battery configurations.</p>
<p>✅ Certified for Global Standards – Meets CE, IEC 61215, and IEC 61730 certifications for international safety and quality compliance.</p>
<p>📦 Technical Specifications<br />
Model: JA 550W Bifacial Mono PERC</p>
<p>Power Output: 550 Watts</p>
<p>Cell Type: Monocrystalline PERC Half-Cell</p>
<p>Front Efficiency: Up to 21.3%</p>
<p>Bifacial Gain: Up to 30% (site dependent)</p>
<p>Open Circuit Voltage (Voc): ~49.8V</p>
<p>Short Circuit Current (Isc): ~13.8A</p>
<p>Module Dimensions: Approx. 2279 × 1134 × 30 mm</p>
<p>Weight: ~32.0 kg</p>
<p>Connector: MC4 Compatible</p>
<p>Frame: Glass-Glass Frameless Design</p>
<p>Max System Voltage: 1500V DC</p>
<p>Operating Temperature: -40°C to +85°C</p>
<p>Certifications: CE, IEC 61215, IEC 61730, UL</p>
<p>Warranty: 12-Year Product / 30-Year Linear Power</p>
<p>💡 Ideal Applications<br />
🏢 Commercial Rooftops – Ideal for maximizing energy on office buildings or warehouses with flat, reflective rooftops.</p>
<p>🏠 Residential Solar Systems – Suitable for high-efficiency home solar arrays with limited space but high power requirements.</p>
<p>☀️ Ground-Mounted Solar Farms – Performs exceptionally well with white gravel, concrete, or reflective surfaces beneath the panel structure.</p>
<p>🌍 Hybrid and Battery Systems – Also compatible with off-grid, grid-tied, and hybrid inverter battery setups.</p>
<p>⚡ Large-Scale Solar Projects – Best choice when designing MW-scale systems where every panel must deliver peak output and lifespan.</p>","","","taxable","","0","","","0","0","","","","","1","","","1800.00","Solar Panels","JA solar panels, solar panels","","https://sasolarexperts.co.za/wp-content/uploads/2026/03/550W-JA-Bifacial-Solar-Panel-image-2.webp, https://sasolarexperts.co.za/wp-content/uploads/2026/03/550W-JA-Bifacial-Solar-Panel.jpg","","","","","","","","","0","JA Solar Panels","3875","https://sasolarexperts.co.za/product/550w-ja-bifacial-solar-panel/"
"","simple","19202","TOPLINK 560W MONO N-TYPE TIER 1 SOLAR PANEL","1","0","visible","<p>toplink Tier 1 Mono Solar Panel 560W delivers high efficiency, reliable performance, and long-term durability, making it ideal for residential, commercial, and industrial solar installations.</p>
<p>&nbsp;</p>","<h2>Description</h2>
<p>toplink Tier 1 Mono Solar Panel 560W delivers high efficiency, reliable performance, and long-term durability, making it ideal for residential, commercial, and industrial solar installations.</p>
<p>Buy Toplink Tier 1 560W Mono Solar Panels from SA Solar Experts. High efficiency, durable design, and reliable power for South African conditions</p>","","","taxable","","1","","","0","0","","","","","1","","","1392.00","Solar Panels","toplink","","https://sasolarexperts.co.za/wp-content/uploads/2026/03/Solar-Panel-Toplink-Tier1-mono-560w.png, https://sasolarexperts.co.za/wp-content/uploads/2026/03/Solar-Panel-Toplink-Tier1-mono-560w-image-2.jpeg","","","","","","","","","0","TopLink","3885","https://sasolarexperts.co.za/product/solar-panel-toplink-tier1-mono-560w/"
"","simple","","Solar Panel Ulica 450W Tier 1","1","0","visible","<p>The Ulica 450W  Solar Panel is engineered to deliver dependable performance with superior energy conversion efficiency. Since it harnesses sunlight effectively, it reduces electricity bills while powering households, businesses, and commercial projects.</p>","<h2>Description</h2>
<h2>Powerful and Reliable Solar Performance</h2>
<p>The Ulica 450W  Solar Panel is engineered to deliver dependable performance with superior energy conversion efficiency. Since it harnesses sunlight effectively, it reduces electricity bills while powering households, businesses, and commercial projects.</p>
<h2>⚡ High Efficiency for Maximum Output</h2>
<p>Because of its advanced cell technology, the Ulica 450W Solar Panel produces more energy per square meter. Consequently, it maximizes energy generation even in limited installation spaces. This makes it ideal for rooftops and commercial projects where efficiency matters most.</p>
<h2>🌞 Durable Design for Harsh Conditions:Ulica 450W  Solar Panel</h2>
<p>Built with high-quality materials, the Ulica 450W  Solar Panel withstands harsh weather conditions such as heavy winds, snow, and extreme temperatures. Moreover, it resists corrosion and potential-induced degradation, ensuring long-lasting performance.</p>
<h2>🏡 Versatile Applications for Homes and Businesses</h2>
<p>The Ulica 450W Solar Panel is suitable for diverse installations, including residential rooftops, commercial facilities, and industrial projects. Since it provides reliable electricity in various environments, it ensures consistent performance across different applications.</p>
<h2>🛡️ Tier 1 Bankability for Trusted Investment</h2>
<p>Because the Ulica 450W  Solar Panel comes from a Tier 1 manufacturer, it guarantees bankable quality, reliable warranties, and trusted long-term value. Therefore, users can invest with confidence in their solar energy systems.</p>
<h2>🌟 Key Benefits of Ulica 450W Tier 1 Solar Panel</h2>
<p>⚡ 450W power output for strong energy performance</p>
<p>🔋 High conversion efficiency ensures maximum solar harvest</p>
<p>🌞 Durable build withstands extreme weather and conditions</p>
<p>🏡 Versatile applications for homes, businesses, and industrial projects</p>
<p>🛡️ Tier 1 certification ensures bankable quality and reliability</p>
<p>🌍 Eco-friendly solution reduces carbon footprint and electricity costs</p>","","","taxable","","0","","","0","0","","","","","1","","","900.00","Solar Panels","solar panels, Ulica Solar Panels","","https://sasolarexperts.co.za/wp-content/uploads/2026/03/Solar-Panel-Ulica-450W-Tier-1.png","","","","","","","","","0","Ulica Solar Panels","3886","https://sasolarexperts.co.za/product/solar-panel-ulica-450w-tier-1/"
"","simple","","GCL Bifacial Mono 710W Panels","1","0","visible","<p>The <strong data-start=""708"" data-end=""747"">GCL Bifacial Mono 595W Solar Panels</strong> deliver exceptional solar energy performance through advanced bifacial monocrystalline cell technology. Moreover, these panels capture sunlight from both sides, significantly increasing total energy production. Because they utilize reflected light from ground surfaces, they generate higher yields compared to traditional solar modules. Therefore, they ensure efficient energy generation even in low-light or diffuse sunlight conditions.</p>","<div class=""woocommerce-tabs wc-tabs-wrapper"">
<div id=""tab-description"" class=""woocommerce-Tabs-panel woocommerce-Tabs-panel--description panel entry-content wc-tab"" role=""tabpanel"" aria-labelledby=""tab-title-description"">
<h2>Description</h2>
<p data-start=""704"" data-end=""1187"">The <strong data-start=""708"" data-end=""747"">GCL Bifacial Mono 595W Solar Panels</strong> deliver exceptional solar energy performance through advanced bifacial monocrystalline cell technology. Moreover, these panels capture sunlight from both sides, significantly increasing total energy production. Because they utilize reflected light from ground surfaces, they generate higher yields compared to traditional solar modules. Therefore, they ensure efficient energy generation even in low-light or diffuse sunlight conditions.</p>
<p data-start=""1189"" data-end=""1663"">Additionally, the <strong data-start=""1207"" data-end=""1246"">GCL Bifacial Mono 595W Solar Panels</strong> feature top-grade monocrystalline cells engineered for superior efficiency and long-term reliability. Consequently, users enjoy consistent and dependable power output under various environmental conditions. Their bifacial design enhances system performance by maximizing energy harvest during all daylight hours. Furthermore, their advanced PERC cell structure minimizes energy loss and optimizes power conversion.</p>
<p data-start=""1665"" data-end=""2106"">Because they feature double-glass construction, the <strong data-start=""1717"" data-end=""1756"">GCL Bifacial Mono 595W Solar Panels</strong> provide unmatched durability and mechanical strength. Also, they resist harsh weather conditions, including high winds, humidity, and snow loads. Since their anti-reflective coating minimizes dirt accumulation, maintenance becomes easier and more cost-effective. Therefore, they guarantee stable long-term performance with minimal upkeep required.</p>
<p data-start=""2108"" data-end=""2558"">Moreover, the <strong data-start=""2122"" data-end=""2161"">GCL Bifacial Mono 595W Solar Panels</strong> are perfect for both large-scale commercial installations and residential rooftops. Their bifacial gain increases total system efficiency, ensuring superior return on investment. Because they maintain low degradation rates, they deliver sustained energy performance over many years. Consequently, they are ideal for high-demand environments where reliability and output consistency are crucial.</p>
<p data-start=""2560"" data-end=""2832"">Finally, the <strong data-start=""2573"" data-end=""2612"">GCL Bifacial Mono 595W Solar Panels</strong> combine innovative design, high power density, and trusted GCL engineering. Therefore, they remain an exceptional choice for users seeking high-efficiency, durable, and environmentally friendly solar energy solutions.</p>
<hr data-start=""2834"" data-end=""2837"" />
<h3 data-start=""2839"" data-end=""2859""><strong data-start=""2843"" data-end=""2859"">Key Benefits</strong></h3>
<ul data-start=""2860"" data-end=""3592"">
<li data-start=""2860"" data-end=""2926"">
<p data-start=""2862"" data-end=""2926"">Provides up to 595W of high-efficiency solar power generation.</p>
</li>
<li data-start=""2927"" data-end=""3001"">
<p data-start=""2929"" data-end=""3001"">Bifacial technology captures light from both sides for enhanced yield.</p>
</li>
<li data-start=""3002"" data-end=""3082"">
<p data-start=""3004"" data-end=""3082"">Monocrystalline cells ensure superior conversion efficiency and reliability.</p>
</li>
<li data-start=""3083"" data-end=""3155"">
<p data-start=""3085"" data-end=""3155"">Dual-glass structure increases strength and extends module lifespan.</p>
</li>
<li data-start=""3156"" data-end=""3231"">
<p data-start=""3158"" data-end=""3231"">Resistant to extreme temperatures, wind pressure, and heavy snow loads.</p>
</li>
<li data-start=""3232"" data-end=""3308"">
<p data-start=""3234"" data-end=""3308"">Anti-reflective surface minimizes maintenance and optimizes performance.</p>
</li>
<li data-start=""3309"" data-end=""3382"">
<p data-start=""3311"" data-end=""3382"">Operates effectively under low-light and diffuse sunlight conditions.</p>
</li>
<li data-start=""3383"" data-end=""3446"">
<p data-start=""3385"" data-end=""3446"">Offers low degradation rate for long-term energy stability.</p>
</li>
<li data-start=""3447"" data-end=""3516"">
<p data-start=""3449"" data-end=""3516"">Ideal for residential, commercial, and industrial solar projects.</p>
</li>
<li data-start=""3517"" data-end=""3592"">
<p data-start=""3519"" data-end=""3592"">Backed by GCL’s proven quality and advanced solar technology expertise.</p>
</li>
</ul>
</div>
</div>","","","taxable","","0","","","0","0","","","","","1","","","1728.00","Solar Panels","solar panels","","https://sasolarexperts.co.za/wp-content/uploads/2026/03/Solar-Panel-GCL-Bifacial-Mono-595W-Panels.png","","","","","","","","","0","GCL Bifacial solar panel","3893","https://sasolarexperts.co.za/product/gcl-bifacial-mono-710w-panels/"
"","simple","18037","Canadian 455w HiKu6 Mono","1","0","visible","<h2>Superior Solar Technology for Maximum Output</h2>
<p>The 455W Canadian Solar  Mono panel delivers outstanding performance with advanced mono PERC cells. Since it provides higher efficiency, it ensures more power generation per square meter. Therefore, homeowners and businesses can maximize their roof or ground space.</p>","<h2>Description</h2>
<h2>Superior Solar Technology for Maximum Output</h2>
<p>The 455W Canadian Solar  Mono panel delivers outstanding performance with advanced mono PERC cells. Since it provides higher efficiency, it ensures more power generation per square meter. Therefore, homeowners and businesses can maximize their roof or ground space.</p>
<h2>High Efficiency with PERC Cells</h2>
<p>The 455W Canadian Solar Mono panel uses PERC cell technology to enhance energy absorption. Because of this design, it delivers more reliable energy, even in low-light conditions. Consequently, users benefit from consistent performance throughout the day.</p>
<h2>Durable and Reliable Build Quality</h2>
<p>Engineered with robust construction, the 455W Canadian Solar Mono panel withstands extreme weather, snow loads, and wind pressures. Furthermore, it maintains long-lasting performance, reducing maintenance costs and extending its service life. As a result, it is a safe and secure investment.</p>
<h2>Versatile Applications for Any Project</h2>
<p>The 455W Canadian Solar  Mono is suitable for both residential rooftops and commercial installations. Since it offers high power output in a compact design, it helps reduce installation costs while increasing system efficiency. Therefore, it is a smart choice for projects of any size.</p>
<p>A Smart Long-Term Investment</p>
<p>Investing in the 455W Canadian Solar HiKu6 Mono panel ensures reliable energy savings and long-term sustainability. Because it combines performance, durability, and advanced technology, it delivers strong returns while supporting a cleaner energy future.</p>
<h2>Key Benefits of 455W Canadian Solar HiKu6 Mono</h2>
<p>455W high power output for maximum efficiency</p>
<p>Mono PERC technology enhances energy absorption</p>
<p>Reliable in low-light conditions ensures stable performance</p>
<p>Durable design withstands harsh weather and mechanical stress</p>
<p>High efficiency per square meter saves space and reduces costs</p>
<p>Versatile applications for residential and commercial solar projects</p>","","","taxable","","0","","","0","0","","","","","1","","","1319.00","Solar Panels","Canadian solar panels, solar panels","","https://sasolarexperts.co.za/wp-content/uploads/2026/03/Solar-Panel-Canadian-455w-HiKu6-Mono.webp","","","","","","","","","0","Canadian Solar Panels","3896","https://sasolarexperts.co.za/product/canadian-455w-hiku6-mono-2/"
"","simple","19200","630W TOPLINK MONO N-TYPE SOLAR PANEL","1","0","visible","<p>Toplink 630W solar panels are advanced, high-power modules, typically N-Type TOPCon technology, designed for large projects, featuring bifacial capabilities (capturing light from both sides), high efficiency (around 23%), low degradation (LID/PID minimal), and robust dual-glass designs for reliability, with common types including Canadian Solar, Sunpal, and other Tier 1 manufacturers, all focused on lowering project costs (LCOE) through superior energy yield.</p>","<h2>Description</h2>
<p>Toplink 630W solar panels are advanced, high-power modules, typically N-Type TOPCon technology, designed for large projects, featuring bifacial capabilities (capturing light from both sides), high efficiency (around 23%), low degradation (LID/PID minimal), and robust dual-glass designs for reliability, with common types including Canadian Solar, Sunpal, and other Tier 1 manufacturers, all focused on lowering project costs (LCOE) through superior energy yield.</p>
<p>Key Features of 630W Panels (Toplink)</p>
<p>Technology: Primarily N-Type TOPCon (Tunnel Oxide Passivated Contact) cells for higher efficiency and better performance than older P-type.<br />
Bifacial: Captures sunlight from the front and reflected light from the back for up to 80% added power.<br />
High Efficiency: Module efficiency reaches over 23%, maximizing power in a given area.<br />
Low Degradation: Negligible Light-Induced Degradation (LID) and minimal Potential-Induced Degradation (PID).<br />
Durability: Often features dual-glass (double-glass) construction and robust frames for high load resistance (snow/wind).</p>
<p>Applications: Ideal for utility-scale, large commercial, and industrial (C&amp;I) rooftop installations.<br />
Common Types &amp; Brands (Examples)<br />
Canadian Solar: Offers N-type TOPCon bifacial 630W panels with low temperature coefficients.<br />
Sunpal: Provides various N-Type TOPCon modules in the 630W range, some with ultra-black finishes.<br />
Solar N Plus: Features high-efficiency N16-156HG600-630W modules with composite frames for corrosion resistance.<br />
TW Solar: Offers N-Type TOPCon bifacial panels in this high-wattage class.</p>
<p>Key Benefits<br />
Reduced BOS Costs: Fewer panels needed for the same output, saving on mounting, wiring, and labor.<br />
Lower LCOE: Decreases the Levelized Cost of Energy over the project’s lifetime.<br />
Superior Yield: Better performance in low light and hot climates.</p>","","","taxable","","1","","","0","0","","","","","1","","","1520.00","Solar Panels","solar panels, toplink, toplink solar panels","","https://sasolarexperts.co.za/wp-content/uploads/2026/03/Solar-Panel-Toplink-630w-panels-N-types.png, https://sasolarexperts.co.za/wp-content/uploads/2026/03/Solar-Panel-Toplink-630w-panels-N-types.jpeg","","","","","","","","","0","TopLink","3898","https://sasolarexperts.co.za/product/toplink-630w-panels-n-types/"
"","simple","19198","TOPLINK 460W MONO SOLAR PANEL","1","0","visible","<p>TOPLINK/HZ 460W Mono solar panels are high-power, monocrystalline panels, often marketed as “all-weather” due to their robust build and wide operating temperature range (-20°C to 90°C or even -40°C to 85°C for similar specs), built with monocrystalline cells for good efficiency in various conditions, featuring IP68 junction boxes, MC4 connectors, and strong materials to handle harsh weather like heavy snow loads (up to 5400Pa) and high winds, offering reliable energy for residential/commercial use</p>","<h2>Description</h2>
<p>TOPLINK 460W Mono solar panels are high-power, monocrystalline panels, often marketed as “all-weather” due to their robust build and wide operating temperature range (-20°C to 90°C or even -40°C to 85°C for similar specs), built with monocrystalline cells for good efficiency in various conditions, featuring IP68 junction boxes, MC4 connectors, and strong materials to handle harsh weather like heavy snow loads (up to 5400Pa) and high winds, offering reliable energy for residential/commercial use</p>","","","taxable","","1","","","0","0","","","","","1","","","1199.00","Solar Panels","solar panels, toplink, toplink solar panels","","https://sasolarexperts.co.za/wp-content/uploads/2026/03/Solar-Panel-Canadian-455w-HiKu6-Mono.webp, https://sasolarexperts.co.za/wp-content/uploads/2026/03/Solar-Panel-HZ-TOPLINK-460w-MONO-panels-image-2.jpeg","","","","","","","","","0","TopLink","3901","https://sasolarexperts.co.za/product/hz-toplink-460w-mono-panels/"
"","simple","18060","HZ lithium battery Solar 51.2v 15.36kwh 300ah","1","0","visible","<p>High-Capacity Energy Storage for Demanding Applications<br />
The Hz Solar 51.2V 15.36kWh 300Ah Lithium Battery is engineered for residential, commercial, and industrial energy systems that require robust and reliable storage. Since it delivers 15.36kWh of usable energy, it easily powers heavy loads and ensures energy security. Therefore, it is a dependable choice for large solar and backup setups.</p>","<p>Description</p>
<p>High-Capacity Energy Storage for Demanding Applications<br />
The Hz Solar 51.2V 15.36kWh 300Ah Lithium Battery is engineered for residential, commercial, and industrial energy systems that require robust and reliable storage. Since it delivers 15.36kWh of usable energy, it easily powers heavy loads and ensures energy security. Therefore, it is a dependable choice for large solar and backup setups.</p>
<p>🔋 Long Cycle Life with Superior Efficiency:HZ Solar 51.2V 15.36kWh 300Ah Lithium Battery<br />
Built with advanced LiFePO4 technology, the Hz 51.2V 15.36kWh 300Ah Lithium Battery offers thousands of charge and discharge cycles. Because it maintains high round-trip efficiency, it maximizes the usable power from every charge. Consequently, it reduces operating costs and ensures long-term value.</p>
<p>🛡️ Smart Protection with Integrated BMS<br />
The Hz 51.2V 15.36kWh 300Ah Lithium Battery features a built-in Battery Management System (BMS). Since the BMS protects against overcharging, over-discharging, and electrical faults, it ensures consistent and safe performance. Therefore, users benefit from stability and peace of mind during operation.</p>
<p>🏡 Scalable and Easy to Install:HZ Solar 51.2V 15.36kWh 300Ah Lithium Battery<br />
Thanks to its modular design, the Hz 51.2V 15.36kWh 300Ah Lithium Battery supports flexible installation and expansion. Because multiple batteries can be connected, it adapts to growing energy needs. Consequently, it is suitable for everything from small homes to large-scale facilities.</p>
<p>🌱 Sustainable and Cost-Effective Energy Storage<br />
The Hz 51.2V 15.36kWh 300Ah Lithium Battery reduces reliance on the grid and promotes renewable energy adoption. Since it is eco-friendly and built for long-term performance, it provides both environmental and financial benefits. Therefore, it is a smart investment in energy independence.</p>
<p>🌟 Key Benefits of Hz Solar 51.2V 15.36kWh 300Ah Lithium Battery\<br />
⚡ 15.36kWh / 51.2V / 300Ah capacity for high-demand applications</p>
<p>🔋 LiFePO4 technology ensures long lifespan and safety</p>
<p>🛡️ Built-in BMS provides advanced system protection</p>
<p>📊 High efficiency maximizes stored energy usage</p>
<p>🏡 Scalable design expands storage as needs grow</p>
<p>🌱 Eco-friendly solution lowers carbon emissions and electricity bills</p>","","","taxable","","1","","","0","0","","","","","1","","","23300.00","Lithium Batteries","HZ lithium battery, Lithium Battery","","https://sasolarexperts.co.za/wp-content/uploads/2026/03/HZ-lithium-battery-Solar-51.2v-15.36kwh-300ah.png","","","","","","","","","0","HZ lithium battery","3904","https://sasolarexperts.co.za/product/hz-lithium-battery-solar-51-2v-15-36kwh-300ah/"
"","simple","17314","6mm pv solar cable","1","0","visible","<h3>6mm PV Solar Cable</h3>
<p>The **6mm PV Cable** (solar cable) is designed for use in photovoltaic (solar) systems, ensuring reliable power transmission between solar panels and inverters. It is built with durable, UV-resistant insulation to withstand harsh weather conditions and extreme temperatures. This high-quality cable ensures safe and efficient energy flow in both residential and commercial solar installations.</p>","<h3>Description</h3>
<h3>6mm PV Solar Cable</h3>
<p>The **6mm PV Cable** (solar cable) is designed for use in photovoltaic (solar) systems, ensuring reliable power transmission between solar panels and inverters. It is built with durable, UV-resistant insulation to withstand harsh weather conditions and extreme temperatures. This high-quality cable ensures safe and efficient energy flow in both residential and commercial solar installations.</p>
<h3>Key Features:</h3>
<ul>
<li><strong>Size:</strong> 6mm diameter suitable for medium power transmission.</li>
<li><strong>Durability:</strong> UV-resistant and temperature-resistant insulation for outdoor use.</li>
<li><strong>Applications:</strong> Ideal for connecting solar panels to inverters in PV systems.</li>
<li><strong>Safety:</strong> Designed to ensure safe, efficient, and reliable energy transmission.</li>
</ul>
<h3>Specifications:</h3>
<ul>
<li><strong>Conductor Material:</strong> Copper</li>
<li><strong>Insulation Material:</strong> UV-resistant, weatherproof material</li>
<li><strong>Nominal Voltage:</strong> 600V</li>
<li><strong>Operating Temperature:</strong> -40°C to 90°C</li>
<li><strong>Weight:</strong> 0.25 kg per meter</li>
<li><strong>Color:</strong> Red/Black (commonly used for positive and negative connections)</li>
</ul>
<h3>Applications:</h3>
<ul>
<li>Used in residential and commercial solar PV systems.</li>
<li>Perfect for connecting solar panels to inverters and charge controllers.</li>
<li>Reliable in outdoor environments, able to handle harsh weather conditions.</li>
</ul>
<p>For more information or to purchase the 6mm PV Solar Cable, contact <strong>SA Solar Experts</strong> in Fordsburg, Gauteng, Johannesburg .</p>","","","taxable","","1","","","0","0","","","","","1","","","15.00","Accessories","accessories","","https://sasolarexperts.co.za/wp-content/uploads/2026/03/Accessories-6mm-pv-solar-cable.png","","","","","","","","","0","","3906","https://sasolarexperts.co.za/product/6mm-pv-solar-cable/"
"","simple","","Middle Solar Clamp","1","0","visible","<p>Solar panel mounting middle lock. Holds and locks solar panels in place on the rail.</p>","<p>Solar panel mounting middle lock. Holds and locks solar panels in place on the rail.</p>
<p>Features</p>
<ul>
<li>Middle Clamp</li>
<li>Secures Solar Panels Tightly on the Mounting Rail</li>
</ul>
<p>MA-PL-002</p>","","","taxable","","1","","","0","0","","","","","1","","","25.00","Accessories","accessories","","https://sasolarexperts.co.za/wp-content/uploads/2026/03/Middle-Solar-Clamp.png, https://sasolarexperts.co.za/wp-content/uploads/2026/03/Middle-Solar-Clamp.webp","","","","","","","","","0","","3908","https://sasolarexperts.co.za/product/middle-solar-clamp/"
"","simple","19170","620W JA Bifacial solar panel","1","0","visible","<p>The JA Solar 620W Bifacial Solar Panel combines advanced N-Type TOPCon technology with a high-efficiency bifacial design to maximize energy generation. Built for durability and long-term reliability, it delivers excellent low-light performance, low degradation, and superior power output for residential, commercial, and utility-scale solar installations.</p>","<p>JA SOLAR 620W BIFACIAL SOLAR PANEL</p>
<p>DESCRIPTION</p>
<p>The JA Solar 620W Bifacial Solar Panel is a premium high-power module engineered with advanced N-Type TOPCon cell technology to deliver outstanding efficiency, superior reliability, and maximum energy production. Its bifacial design captures sunlight from both the front and rear of the panel, increasing total power generation and improving system performance. Designed with durable double-glass construction, a corrosion-resistant aluminum frame, and an IP68-rated junction box, this panel is ideal for residential, commercial, industrial, and utility-scale solar installations. It offers excellent low-light performance, low annual degradation, and long-term durability in demanding environments.</p>
<p>KEY SPECIFICATIONS</p>
<p>• Rated Power: 620W<br />
• Panel Type: Monocrystalline Bifacial<br />
• Cell Technology: N-Type TOPCon<br />
• Module Efficiency: Up to 23.0%<br />
• Maximum Power Voltage (Vmp): 45.30V<br />
• Maximum Power Current (Imp): 13.69A<br />
• Open Circuit Voltage (Voc): 53.80V<br />
• Short Circuit Current (Isc): 14.52A<br />
• Power Tolerance: 0 ~ +5W<br />
• Maximum System Voltage: 1500V DC<br />
• Maximum Series Fuse Rating: 30A<br />
• Operating Temperature: -40°C to +85°C<br />
• Front Glass: 2.0mm Tempered Glass<br />
• Rear Glass: 2.0mm Tempered Glass<br />
• Frame: Anodized Aluminum Alloy<br />
• Junction Box: IP68 Rated<br />
• Connector: MC4 Compatible<br />
• Maximum Snow Load: 5400 Pa<br />
• Maximum Wind Load: 2400 Pa</p>
<p>FEATURES</p>
<p>• Advanced N-Type TOPCon cell technology<br />
• High-efficiency bifacial energy generation<br />
• Double-glass construction for enhanced durability<br />
• Excellent performance in low-light conditions<br />
• Low annual power degradation<br />
• PID-resistant for long-term reliability<br />
• High mechanical load resistance<br />
• Corrosion-resistant aluminum frame<br />
• Suitable for residential, commercial, industrial, and utility-scale projects<br />
• Long lifespan with stable, high-energy output</p>","","","taxable","","1","","","0","0","","","","","1","","","1737.00","Solar Panels","JA solar panels, solar panels","","https://sasolarexperts.co.za/wp-content/uploads/2026/03/620w-ja.png","","","","","","","","","0","JA Solar Panels","3911","https://sasolarexperts.co.za/product/ja-620w-n-type-double-glass-bifacial-modules-jam66d45-620-lb-720-jaspvp00109/"
"","simple","17330","545W JA Bifacial Solar Panel","1","0","visible","<ul class=""list"">
<li>Rating: 545W</li>
<li>Efficiency: 21.1%</li>
<li>Width: 2,279mm</li>
</ul>","<ul class=""list"">
<li>Rating: 545W</li>
<li>Efficiency: 21.1%</li>
<li>Width: 2,279mm</li>
<li>Height: 1,134mm</li>
</ul>
<p><strong>Superior Warranty:</strong></p>
<ul>
<li>12-year product warranty</li>
<li>25-year linear power output warranty</li>
</ul>","","","taxable","","1","","","0","0","","","","","1","","","1524.00","Solar Panels","JA solar panels, solar panels","","https://sasolarexperts.co.za/wp-content/uploads/2026/03/550W-JA-Mono-Solar-Panels.webp","","","","","","","","","0","JA Solar Panels","3913","https://sasolarexperts.co.za/product/545w-ja-mono-solar-panels/"
"","simple","18023","585W JA Bifacial solar panel","1","0","visible","<p>The JA Solar 585W Bifacial Solar Panel is built with advanced N-Type TOPCon technology to deliver exceptional efficiency and dependable performance. Its bifacial design generates additional energy from reflected sunlight, while offering low degradation, excellent low-light performance, and long-term reliability for residential, commercial, and utility-scale solar projects.</p>","<p>JA SOLAR 585W BIFACIAL SOLAR PANEL</p>
<p>DESCRIPTION</p>
<p>The JA Solar 585W Bifacial Solar Panel is a premium high-efficiency module engineered with advanced N-Type TOPCon cell technology to deliver maximum power output and long-term reliability. Its bifacial design captures sunlight from both the front and rear sides, increasing energy generation and improving overall system performance. Built with durable tempered glass, a corrosion-resistant aluminum frame, and an IP68-rated junction box, this module is ideal for residential, commercial, industrial, and utility-scale solar installations. Designed to withstand harsh environmental conditions, it offers excellent low-light performance, low annual degradation, and outstanding long-term energy production.</p>
<p>KEY SPECIFICATIONS</p>
<p>• Rated Power: 585W<br />
• Panel Type: Monocrystalline Bifacial<br />
• Cell Technology: N-Type TOPCon<br />
• Module Efficiency: Up to 22.6%<br />
• Maximum Power Voltage (Vmp): 43.9V<br />
• Maximum Power Current (Imp): 13.33A<br />
• Open Circuit Voltage (Voc): 52.3V<br />
• Short Circuit Current (Isc): 14.05A<br />
• Power Tolerance: 0 ~ +5W<br />
• Maximum System Voltage: 1500V DC<br />
• Maximum Series Fuse Rating: 30A<br />
• Operating Temperature: -40°C to +85°C<br />
• Front Glass: 2.0mm Tempered Glass<br />
• Rear Glass: 2.0mm Tempered Glass<br />
• Frame: Anodized Aluminum Alloy<br />
• Junction Box: IP68 Rated<br />
• Connector: MC4 Compatible<br />
• Maximum Snow Load: 5400 Pa<br />
• Maximum Wind Load: 2400 Pa</p>
<p>FEATURES</p>
<p>• Advanced N-Type TOPCon cell technology<br />
• Bifacial energy generation for increased power output<br />
• High module efficiency with low degradation<br />
• Excellent performance in low-light conditions<br />
• Superior resistance to PID and harsh environments<br />
• Double-glass construction for enhanced durability<br />
• Corrosion-resistant aluminum frame<br />
• Suitable for residential, commercial, industrial, and utility-scale projects<br />
• Long service life with excellent energy yield<br />
• Reliable performance backed by JA Solar&#8217;s proven quality</p>","","","taxable","","1","","","0","0","","","","","1","","","1699.00","Solar Panels","bifacial, JA solar panels, solar panels","","https://sasolarexperts.co.za/wp-content/uploads/2026/03/585w-ja.png","","","","","","","","","0","JA Solar Panels","3920","https://sasolarexperts.co.za/product/585w-ja-bifacial-solar-panel/"
"","simple","18096","620w ReneSolar Panels","1","0","visible","<p>620W ReneSolar Panels – High-Efficiency Solar Solution</p>
<p>The 620W ReneSolar Panels are designed to provide maximum power output, reliability, and long-term energy savings. Built with advanced high-efficiency solar cells, these panels ensure superior energy conversion, even in low-light conditions, making them ideal for residential, commercial, and industrial solar systems.</p>","<p>Description</p>
<p>620W ReneSolar Panels – High-Efficiency Solar Solution</p>
<p>The 620W ReneSolar Panels are designed to provide maximum power output, reliability, and long-term energy savings. Built with advanced high-efficiency solar cells, these panels ensure superior energy conversion, even in low-light conditions, making them ideal for residential, commercial, and industrial solar systems.</p>
<p>Each 620W ReneSolar Panel is manufactured with premium materials, including tempered glass and a robust aluminum frame, offering excellent durability and resistance against harsh weather conditions such as strong winds, heavy rain, and extreme temperatures. This ensures long-lasting performance with minimal maintenance.</p>
<p>The high wattage of the 620W ReneSolar Panels means fewer panels are required to achieve the desired system capacity, saving installation space and costs. They are fully compatible with lithium batteries, hybrid inverters, and complete solar kits, providing a reliable and efficient energy solution for your home or business.</p>
<p>By choosing 620W ReneSolar Panels, users can reduce electricity bills, gain energy independence, and enjoy consistent, eco-friendly power. With an extended performance warranty, these panels offer peace of mind and a sustainable solution for clean energy.</p>
<p>Key Benefits</p>
<p>High 620W output for maximum energy production</p>
<p>Advanced solar cell technology for superior efficiency</p>
<p>Durable aluminum frame and tempered glass</p>
<p>Reliable performance in all weather conditions</p>
<p>Long lifespan with warranty support</p>
<p>Reduces electricity bills and energy costs</p>
<p>Compatible with lithium batteries and hybrid inverters</p>
<p>Suitable for homes, businesses, and industrial projects</p>","","","taxable","","0","","","0","0","","","","","1","","","1600.00","Solar Panels","","","https://sasolarexperts.co.za/wp-content/uploads/2026/03/Solar-Panel-620w-ReneSolar-Panels.jpg","","","","","","","","","0","","3924","https://sasolarexperts.co.za/product/620w-renesolar-panels/"
"","simple","18164","HZ lithium battery 48v 100ah","1","0","visible","<p>Items Condition Specification<br />
NominalCapacity Standard<br />
charge／discharge 105.0Ah<br />
NominalVoltage Average 48.0V<br />
StandardChargingReferto3.1<br />
Constantcurrent<br />
Constantvoltage<br />
Endcurrent {Cutoff}</p>","<div class=""about__accordion-toggle active"">
<p>Description</p>
<div class=""about__accordion-toggle-icon""></div>
</div>
<div class=""about__accordion-description"">
<p> Items Condition Specification<br />
NominalCapacity Standard<br />
charge／discharge 105.0Ah<br />
NominalVoltage Average 48.0V<br />
StandardChargingReferto3.1<br />
Constantcurrent<br />
Constantvoltage<br />
Endcurrent {Cutoff}<br />
20A<br />
54V<br />
0.5A<br />
ChargingVoltage / 54V<br />
Max.ContinuousCharge<br />
Current<br />
25士3℃ 50.0A<br />
StandardDischarging<br />
Referto3.2<br />
ConstantcurrentEndvoltage<br />
{Cutoff}<br />
50.0A<br />
40.5V<br />
MaxContinuous<br />
DischargeCurrent<br />
25士3℃ 100.0A<br />
MaxOutputPower 25士3℃ 5.04KW<br />
Operating<br />
Temperature<br />
Charge / 0～55℃<br />
Discharge /-20～60℃<br />
StorageTemperature<br />
1month<br />
3months<br />
6months-20～45℃-20～35℃-20～25℃<br />
PowerCableTerminal / RingTerminal</p>
</div>","","","taxable","","1","","","0","0","","","","","1","","","10200.00","Lithium Batteries","HZ lithium battery, Lithium Battery","","https://sasolarexperts.co.za/wp-content/uploads/2026/03/HZ_lithium_battery_24v_100ah-removebg-preview.png","","","","","","","","","0","HZ lithium battery","3940","https://sasolarexperts.co.za/product/hz-lithium-battery-48v-100ah/"
"","simple","18187","Lithium Battery luxpower Ecco Beast 6kW Inverter & 10kW","1","0","visible","<p>The Luxpower Eco Beast is a cutting-edge all-in-one energy storage system combining a powerful 6kW hybrid solar inverter with a 10kWh battery bank and is crafted to cater to both residential and small commercial needs. The Eco Beast ensures maximum power efficiency by seamlessly integrating solar energy, battery storage, and grid power, giving you complete energy flexibility.</p>","<h2>Description</h2>
<p>The Luxpower Eco Beast is a cutting-edge all-in-one energy storage system combining a powerful 6kW hybrid solar inverter with a 10kWh battery bank and is crafted to cater to both residential and small commercial needs. The Eco Beast ensures maximum power efficiency by seamlessly integrating solar energy, battery storage, and grid power, giving you complete energy flexibility.</p>
<h3><strong>Key Features:</strong></h3>
<ul>
<li><strong>Hybrid System:</strong> Combines solar, battery, and grid energy for optimal power usage.</li>
<li><strong>Smart Monitoring:</strong> Equipped with battery module-level monitoring, remote firmware updates, and real-time energy management.</li>
<li><strong>On/Off-Grid Switching:</strong> Seamlessly switches between grid and off-grid power sources.</li>
<li><strong>Robust Power Handling:</strong> Capable of handling up to 9kW of PV input, with dual MPPT inputs for increased efficiency.</li>
<li><strong>Remote Management:</strong> Control and monitor your system remotely via Wi-Fi/RS485/CAN connectivity.</li>
</ul>
<h3><strong>Specifications:</strong></h3>
<ul>
<li><strong>PV Input:</strong> Max. PV array power of 9kW with 2 MPPTs, suitable for maximizing energy harvesting.</li>
<li><strong>Battery System:</strong> 10kWh Lithium-ion battery, expandable with up to 8 units in parallel for flexible energy storage.</li>
<li><strong>Inverter Performance:</strong> Rated power output of 6kW with pure sine wave output and peak efficiency of 93%.</li>
<li><strong>Switching Time:</strong> Typical switching time is less than 10 ms, ensuring a near-instant response during power outages.</li>
<li><strong>Protection &amp; Certification:</strong> IP20 rating, CE and UN38.3 certified, ensuring safety and reliability.</li>
<li><strong>Cooling:</strong> Smart cooling system for efficient thermal management.</li>
<li><strong>Dimensions &amp; Weight:</strong> Inverter dimensions (580mm x 434mm x 165mm), battery dimensions (580mm x 1300mm x 165mm), and combined weight of 125.4 kg.</li>
</ul>
<p>Whether you’re looking to save on electricity costs, ensure backup power during outages, or reduce your carbon footprint, the Luxpower Eco Beast is the versatile, efficient, and eco-friendly choice for those serious about energy management.</p>","","","taxable","","0","","","0","0","","","","","1","","","37200.00","Lithium Batteries","Lithium Battery, LuxPower","","https://sasolarexperts.co.za/wp-content/uploads/2026/03/Lithium-Battery-luxpower-Ecco-Beast-6kW-Inverter-10kW-image-2.png","","","","","","","","","0","Luxpower","3942","https://sasolarexperts.co.za/product/lithium-battery-luxpower-ecco-beast-6kw-inverter-10kw/"
"","simple","17321","Battery Lugs Galvanised","1","0","visible","<p><strong>Battery lugs</strong> are important components in solar energy systems, serving as connectors that facilitate the secure and efficient connection between batteries and various system components.</p>","<p><strong>Battery lugs</strong> are important components in solar energy systems, serving as connectors that facilitate the secure and efficient connection between batteries and various system components.</p>","","","taxable","","1","","","0","0","","","","","1","","","10.00","Accessories, Batteries","accessories","","https://sasolarexperts.co.za/wp-content/uploads/2026/03/Accessories_Battery_Lugs_Galvanised-removebg-preview.png","","","","","","","","","0","","3944","https://sasolarexperts.co.za/product/battery-lugs-galvanised/"
"","simple","17573","5kWh Revov R100 Lithium Battery","1","0","visible","<p>The 5.12kWh Revov 48v Lithium-ion Battery is a cutting-edge energy storage solution that delivers exceptional performance and durability. Built with state-of-the-art lithium-ion technology, this battery provides a robust capacity of 5.12 kilowatt-hours (kWh) and operates at a voltage of 48 volts.</p>","<p>The 5.12kWh Revov 48v Lithium-ion Battery is a cutting-edge energy storage solution that delivers exceptional performance and durability. Built with state-of-the-art lithium-ion technology, this battery provides a robust capacity of 5.12 kilowatt-hours (kWh) and operates at a voltage of 48 volts.</p>
<p><em><strong>Specifications and Features</strong></em> :</p>
<ul>
<li>Capacity: 5.12 kilowatt-hours (kWh)</li>
<li>Voltage: 48 volts</li>
<li>Lithium-ion technology for enhanced performance and longevity</li>
<li>Compact and lightweight design for easy installation and transport</li>
<li>High energy density for substantial power output</li>
<li>Intelligent battery management system for safety and optimal performance</li>
<li>Integrated protection circuits against overcharging, over-discharging, and short circuits</li>
<li>Compatible with solar panels, wind turbines, and other renewable energy sources</li>
<li>Ideal for a wide range of applications, including home appliances, electric vehicles, and off-grid installations</li>
<li>Sustainable and eco-friendly energy storage solution.</li>
<li>Warranty: 5 years</li>
</ul>
<div class=""detail-info__attr""><strong><label>Gross weight (kg): </label></strong><span class=""value"">42.00</span></div>
<div class=""detail-info__attr""><strong><label>Product width in cm: </label></strong><span class=""value"">42.00</span></div>
<div class=""detail-info__attr""><strong><label>Product depth in cm: </label></strong><span class=""value"">48.00</span></div>
<div class=""detail-info__attr""><strong><label>Product height in cm: </label></strong><span class=""value"">17.00</span></div>","","","taxable","","0","","","0","0","","","","","1","","","13400.00","Lithium Batteries","Lithium Battery, Revov lithium battery","","https://sasolarexperts.co.za/wp-content/uploads/2026/03/2-Lithium-Battery-5kWh-Revov-R100.png","","","","","","","","","0","Revov","3947","https://sasolarexperts.co.za/product/5kwh-revov-r100-lithium-battery/"
"","simple","17280","TOPLINK 2.71kwh 25.6V 106ah Lithium battery","1","0","visible","<h2><strong>Specifications:</strong></h2>
<ul>
<li>TOPLINK rechargeable Li-Ion battery</li>
<li>Temperature Tolerant</li>
<li>Higher battery life</li>
<li>Rating: 2.71kwh / 25.6V / 106Ah</li>
<li>Equalized Charging Voltage : 29.2V</li>
</ul>","<p>TOPLINK 2.71kwh 25.6V 106ah Lithium battery</p>
<h2><strong>Specifications:</strong></h2>
<ul>
<li>TOPLINK rechargeable Li-Ion battery</li>
<li>Temperature Tolerant</li>
<li>Higher battery life</li>
<li>Rating: 2.71kwh / 25.6V / 106Ah</li>
<li>Equalized Charging Voltage : 29.2V</li>
<li>Floating Charging Voltage : 28.0V</li>
<li>Max.Continuous Discharge Current : 100A</li>
<li>Max.Continuous Charge Current : 100A</li>
<li>Discharging Cut-off Voltage : 21.6V</li>
<li>Operating Temperature : 20 C – 60 C</li>
<li>Depth of Discharge : 90 %</li>
<li>Max Parallel Connection Qty : 16pcs</li>
<li>Parallel With SVolt Also</li>
</ul>","","","taxable","","1","","","0","0","","","","","1","","","6200.00","Lithium Batteries","Lithium Battery, toplink","","https://sasolarexperts.co.za/wp-content/uploads/2026/03/Lithium-Battery-2.71kWh-Toplink.jpg","","","","","","","","","0","TopLink","3955","https://sasolarexperts.co.za/product/toplink-2-71kwh-25-6v-106ah-lithium-battery/"
"","simple","","HZ Solar 48V 105AH 5.04KW Rack Lithium battery","1","0","visible","","<h3>HZ Solar 48V 105AH 5.04KW Rack Lithium battery</h3>
<h4>Specifications :</h4>
<ul>
<li>Energy: 5.04kWh</li>
<li>Installation Type: Wall Mounted</li>
<li>Battery type-Chemistry: LiFePO4</li>
<li>Nominal Voltage:48V</li>
<li>Nominal Capacity :105Ah</li>
<li>Energy Density: 5.04 KWh</li>
<li>Terminal Type: M6</li>
<li>Terminal Torque:8.5NM</li>
<li>Case Material: Industrial Grade Iron</li>
<li>BMS build-in: Yes</li>
<li>Internal Resistance:&lt;30mO</li>
<li>Efficiency – round trip: 98%</li>
<li>Self Discharge per Month:&lt;5%</li>
<li>Max parallel connectors:16Pcs</li>
<li>Series connections: Not Allowed</li>
<li>Cycle life (0.5C, 25°C@80% DOD) Discharge Temperature:6000 Cycles</li>
<li>Charge Temperature :20° C to 65°</li>
<li>Storage Temperature :0C to 50° C</li>
<li>Bluetooth(App) :Optional</li>
<li>LCD Screen: Optional</li>
<li>Heating Function: Optional</li>
<li>Voltage Window: Optional</li>
<li>Recommend Charge Voltage:43.2V-58.4V</li>
<li>Max Charge Voltage:57.6±0.20V</li>
<li>Recommend Charge current:58.4±0.20V</li>
<li>Max Discharging Voltage:43.2±0.20V</li>
<li>Max Continuous Discharge Current :100A</li>
<li>Peak Discharge Current:100A</li>
</ul>","","","taxable","","1","","","0","0","","","","","1","","","9800.00","Lithium Batteries","HZ lithium battery, Lithium Battery","","https://sasolarexperts.co.za/wp-content/uploads/2026/03/HZ-lithium-battery-5kw-rackmount.png","","","","","","","","","0","HZ lithium battery","3966","https://sasolarexperts.co.za/product/hz-solar-48v-105ah-5-04kw-rack-lithium-battery/"
"","simple","","560w Hz solar","1","0","visible","<p>High quality mono solar panel, This Solar Panel can pick up sun rays all year long. All Weathered Adhesive Carefully Manufactured to insolate as many sun rays as possible</p>","<p>High quality mono solar panel, This Solar Panel can pick up sun rays all year long. All Weathered Adhesive Carefully Manufactured to insolate as many sun rays as possible</p>","","","taxable","","1","","","0","0","","","","","1","","","1390.00","Solar Panels","hz solar, solar panels","","https://sasolarexperts.co.za/wp-content/uploads/2026/03/560w-Hz-solar-b.jpeg","","","","","","","","","0","Hz Solar panel","4062","https://sasolarexperts.co.za/product/560w-hz-solar/"
"","simple","17278","5.12KWH Toplink lithium battery","1","0","visible","<p>TOPLINK 5.12kwh 51.2V 100ah rechargeable Li-Ion battery</p>","<p>TOPLINK 5.12kwh 51.2V 100ah rechargeable Li-Ion battery</p>
<h2><strong>Specifications:</strong></h2>
<ul>
<li>Temperature Tolerant</li>
<li>Higher battery life</li>
<li>Rating: 5.12kwh / 51.2V / 100Ah</li>
<li>Equalized Charging Voltage : 57.6V</li>
<li>Floating Charging Voltage : 56.0V</li>
<li>Max.Continuous Discharge Current : 1c (100A)</li>
<li>Max.Continuous Charge Current : 1c (100A)</li>
<li>Discharging Cut-off Voltage : 43.2V</li>
<li>Operating Temprature : 20 C – 60 C</li>
<li>Depth of Discharge : 90 %</li>
<li>Max Parallel Connection Qty : 16pcs</li>
<li>Parallel With Svolt Also</li>
</ul>","","","taxable","","1","","","0","0","","","","","1","","","10399.00","Lithium Batteries","lithium batteries, Lithium Battery, toplink","","https://sasolarexperts.co.za/wp-content/uploads/2026/03/WhatsApp-Image-2026-06-22-at-15.47.30.jpeg","","","","","","","","","0","TopLink","4065","https://sasolarexperts.co.za/product/lithium-battery-5-12kwh-toplink/"
"","simple","","25mm Battery Cable","1","0","visible","<p>BATTERY CABLE 25MM RED</p>","<p>BATTERY CABLE 25MM RED</p>","","","taxable","","1","","","0","0","","","","","1","","","90.00","Accessories","accessories","","https://sasolarexperts.co.za/wp-content/uploads/2026/03/Accessories-6mm-pv-solar-cable.webp","","","","","","","","","0","","4067","https://sasolarexperts.co.za/product/25mm-battery-cable/"
"","simple","","DC Breaker 32A – 2 Pole","1","0","visible","<p>The xxDC Breaker 32A &#8211; 2 Polexx is a safety device designed to protect DC circuits from overloads and short circuits. It features a 32A current rating and two poles, providing reliable protection for solar and other DC electrical systems. This breaker ensures safe operation by automatically disconnecting the circuit when current exceeds the safe limit</p>","<p>Description</p>
<p>The xxDC Breaker 32A &#8211; 2 Polexx is a safety device designed to protect DC circuits from overloads and short circuits. It features a 32A current rating and two poles, providing reliable protection for solar and other DC electrical systems. This breaker ensures safe operation by automatically disconnecting the circuit when current exceeds the safe limit.</p>
<p>Key Features:</p>
<p>Current Rating: 32A, suitable for medium current DC circuits.<br />
2 Poles: Dual-pole design for reliable protection in two-wire DC systems.<br />
Protection: Prevents overloads and short circuits in DC electrical systems.<br />
Applications: Ideal for solar systems, battery storage, and other DC powered setups.</p>
<p>Specifications:</p>
<p>Rated Current: 32A<br />
Poles: 2<br />
Voltage Rating: Suitable for 12V, 24V, 48V DC systems<br />
Type: Thermal-magnetic circuit breaker<br />
Weight: Approximately 0.2 kg<br />
Dimensions: 90mm x 50mm x 60mm</p>
<p>Applications:</p>
<p>Used in solar energy systems to protect DC circuits.<br />
Ideal for battery banks, charge controllers, and off-grid power setups.<br />
Ensures safety by preventing electrical damage caused by overloads and short circuits.</p>
<p>What&#8217;s in the box<br />
1 x DC Breaker 32A 2 Pole</p>","","","taxable","","1","","","0","0","","","","","1","","","150.00","Accessories","accessories","","https://sasolarexperts.co.za/wp-content/uploads/2026/03/DC-Breaker-32A-2-Pole.jpg","","","","","","","","","0","","4069","https://sasolarexperts.co.za/product/dc-breaker-32a-2-pole/"
"","simple","","HZ lithium battery 5kw rackmount","1","0","visible","<p>Energy: 5.04kWh<br />
Installation Type: Wall Mounted<br />
Battery type-Chemistry: LiFePO4<br />
Nominal Voltage:48V<br />
Nominal Capacity :105Ah</p>","<h4><strong>Specifications :</strong></h4>
<p>Energy: 5.04kWh<br />
Installation Type: Wall Mounted<br />
Battery type-Chemistry: LiFePO4<br />
Nominal Voltage:48V<br />
Nominal Capacity :105Ah<br />
Energy Density: 5.04 KWh<br />
Terminal Type: M6<br />
Terminal Torque:8.5NM<br />
Case Material: Industrial Grade Iron<br />
BMS build-in: Yes<br />
Internal Resistance:&lt;30mO<br />
Efficiency – round trip: 98%<br />
Self Discharge per Month:&lt;5%<br />
Max parallel connectors:16Pcs<br />
Series connections: Not Allowed<br />
Cycle life (0.5C, 25°C@80% DOD) Discharge Temperature:6000 Cycles<br />
Charge Temperature :20° C to 65°<br />
Storage Temperature :0C to 50° C<br />
Bluetooth(App) :Optional<br />
LCD Screen: Optional<br />
Heating Function: Optional<br />
Voltage Window: Optional<br />
Recommend Charge Voltage:43.2V-58.4V<br />
Max Charge Voltage:57.6±0.20V<br />
Recommend Charge current:58.4±0.20V<br />
Max Discharging Voltage:43.2±0.20V<br />
Max Continuous Discharge Current :100A<br />
Peak Discharge Current:100A</p>","","","taxable","","1","","","0","0","","","","","1","","","9800.00","Lithium Batteries","HZ lithium battery, Lithium Battery","","https://sasolarexperts.co.za/wp-content/uploads/2026/03/HZ-lithium-battery-5kw-rackmount-1.png","","","","","","","","","0","HZ lithium battery","4071","https://sasolarexperts.co.za/product/hz-lithium-battery-5kw-rackmount/"
"","simple","","Deye 61.44kWh BOS-G HV Battery Bank","1","0","visible","<p><strong>Specifications:</strong></p>
<p><strong>Battery Power:</strong></p>
<ul>
<li>The Deye HV 5.12kW Battery is a high-voltage energy solution designed to meet your portable and versatile power needs.</li>
</ul>
<p><strong>Mobile/Portable Battery Inverter Unit:</strong></p>
<ul>
<li>Experience freedom with the mobile/portable battery inverter unit, providing on-the-go energy solutions for various applications.</li>
</ul>","<p><strong>Specifications:</strong></p>
<p><strong>Battery Power:</strong></p>
<ul>
<li>The Deye HV 5.12kW Battery is a high-voltage energy solution designed to meet your portable and versatile power needs.</li>
</ul>
<p><strong>Mobile/Portable Battery Inverter Unit:</strong></p>
<ul>
<li>Experience freedom with the mobile/portable battery inverter unit, providing on-the-go energy solutions for various applications.</li>
</ul>
<p><strong>Safety Rules for Installation and Operation:</strong></p>
<ol>
<li><strong>Professional Installation:</strong> Ensure the Deye HV 5.12kW Battery is installed by certified professionals to guarantee safety and optimal performance.</li>
<li><strong>Ventilation:</strong> Maintain proper ventilation during installation to prevent overheating and ensure efficient operation.</li>
<li><strong>Follow Guidelines:</strong> Adhere strictly to the manufacturer&#8217;s installation and maintenance guidelines for safe and reliable operation.</li>
<li><strong>Unauthorized Changes:</strong> Avoid making any unauthorized modifications to the battery or inverter unit to mitigate potential risks.</li>
</ol>
<p><strong>General Applications:</strong></p>
<ul>
<li>The Deye HV 5.12kW Battery is perfect for powering mobile devices, outdoor activities, camping, and emergency backup scenarios.</li>
<li>Its portability makes it an excellent choice for those seeking a flexible power source in various settings.</li>
</ul>
<p><strong>Enhance Your System:</strong></p>
<ul>
<li>Explore our range of solar accessories available on our website to optimize your installation when combined with the Deye HV 5.12kW Battery.</li>
<li>Take advantage of our combo deals, offering not only cost savings but also extended warranty benefits, providing peace of mind for your energy solution.</li>
</ul>
<p>Invest in the Deye HV 5.12kW Battery for a dynamic and portable power solution that caters to your mobile energy needs and beyond.</p>
<p><strong>Warranty Made Easy:</strong></p>
<ul>
<li><strong>Just the Deye Inverter:</strong> You get a solid 5-year warranty.</li>
<li><strong>Only Volta Batteries:</strong> These come with a long 10-year warranty.</li>
<li><strong>Combo Deal:</strong> Buy the Deye inverter and Volta batteries together? The Deye inverter&#8217;s warranty extends to 10 years. Now that’s a win-win!</li>
</ul>
<p>In short, the Deye 5kW inverter isn&#8217;t just a gadget; it&#8217;s your partner in making the most out of solar energy.</p>","","","taxable","","1","","","0","0","","","","","1","","","199500.00","Lithium Batteries","Deye, Lithium Battery","","https://sasolarexperts.co.za/wp-content/uploads/2026/03/deye-61.44kwh.png, https://sasolarexperts.co.za/wp-content/uploads/2026/03/Lithium-Battery-Deye-51-kWh-HV-Batteries-x12-Rack.png","","","","","","","","","0","Deye","4073","https://sasolarexperts.co.za/product/deye-51-kwh-hv-batteries-x12-rack/"
"","simple","","5.09kWh Svolt wall Mount Lithium Battery","1","0","visible","<p>S-Volt 48v 106ah 5.09Kwh Lithium Ion Rack Mount Battery</p>","<p>S-Volt 48v 106ah 5.09Kwh Lithium Ion Rack Mount Battery</p>","","","taxable","","1","","","0","0","","","","","1","","","14495.00","Lithium Batteries","lithium batteries, svolt","","https://sasolarexperts.co.za/wp-content/uploads/2026/03/Lithium-Battery-5.09kWh-Svolt-wall-Mount-image2.png, https://sasolarexperts.co.za/wp-content/uploads/2026/03/Lithium-Battery-5.09kWh-Svolt-wall-Mount.jpg","","","","","","","","","0","SVolt","4075","https://sasolarexperts.co.za/product/5-09kwh-svolt-wall-mount-lithium-battery/"
"","simple","","HZ 12V 100AH GEL Battery – Reliable Deep Cycle Energy Storage","1","0","visible","<p>The HZ 12V GEL Battery is a maintenance-free deep cycle battery designed for reliable solar, inverter, UPS, and backup power applications. Featuring advanced GEL technology, it delivers long service life, excellent performance, low self-discharge, and dependable power for residential and commercial energy storage systems.</p>","<h1>HZ 12V 100AH GEL Battery – Reliable Deep Cycle Energy Storage</h1>
<p>The HZ 12V 100AH GEL Battery is a premium maintenance-free deep cycle battery designed to provide dependable power for solar energy systems, inverters, UPS units, telecommunications, emergency backup, and off-grid applications. Manufactured using advanced GEL technology, it delivers superior cycle life, excellent discharge performance, and outstanding reliability even under demanding operating conditions.</p>
<p>Its sealed, leak-proof construction eliminates the need for regular maintenance while ensuring safe operation indoors and outdoors. The battery features low self-discharge, excellent temperature tolerance, and stable performance, making it ideal for residential, commercial, and industrial energy storage applications.</p>
<p>Whether you&#8217;re powering a home solar system, business backup solution, or standalone energy installation, the HZ 12V GEL Battery offers long-lasting performance, efficient energy storage, and peace of mind when reliable power matters most.</p>
<h3>Key Features</h3>
<ul>
<li>Advanced VRLA GEL battery technology</li>
<li>Maintenance-free and sealed construction</li>
<li>Deep cycle design for frequent charging and discharging</li>
<li>Long service life with excellent cycle performance</li>
<li>Low self-discharge for extended storage</li>
<li>Leak-proof and spill-proof design</li>
<li>High charging and discharging efficiency</li>
<li>Excellent resistance to vibration and shock</li>
<li>Stable performance across a wide temperature range</li>
<li>Environmentally friendly and safe operation</li>
</ul>
<h3>Ideal Applications</h3>
<ul>
<li>Solar power systems</li>
<li>Inverter backup systems</li>
<li>UPS (Uninterruptible Power Supply)</li>
<li>Telecommunications equipment</li>
<li>Emergency backup power</li>
<li>Security and alarm systems</li>
<li>Off-grid energy systems</li>
<li>Residential and commercial energy storage</li>
</ul>
<h3>Why Choose HZ Batteries?</h3>
<p>HZ GEL Batteries are engineered to deliver reliable, long-lasting power with minimal maintenance. Designed for superior durability and consistent performance, they are the trusted choice for solar professionals, installers, businesses, and homeowners looking for efficient and dependable energy storage solutions.</p>","","","taxable","","1","","","0","0","","","","","1","","","1890.00","Batteries","12V, HZ GEL","","https://sasolarexperts.co.za/wp-content/uploads/2026/03/12V-HZ-GEL.png","","","","","","","","","0","HZ","4078","https://sasolarexperts.co.za/product/hz-12v-gel-battery-reliable-deep-cycle-energy-storage/"
"","simple","","Green Rich Greenrich 10.24kw ion Lithium Battery","1","0","visible","<p>The <strong>Greenrich 10.24kWh 200Ah 51.2V Battery</strong> is a high-capacity, efficient energy storage solution, ideal for both residential and commercial applications. Here’s an overview of its features and specifications:</p>
<p>&nbsp;</p>","<h3>Greenrich 10.24kwh 200Ah 51.2V Battery</h3>
<p>The <strong>Greenrich 10.24kWh 200Ah 51.2V Battery</strong> is a high-capacity, efficient energy storage solution, ideal for both residential and commercial applications. Here’s an overview of its features and specifications:</p>
<p>&nbsp;</p>
<h5><strong>Model Description:</strong></h5>
<ul>
<li><strong>Model:</strong> BESS-51.2V-200Ah-10.24kWh</li>
<li><strong>Battery Type:</strong> LFP (LiFePO4), known for safety and long life.</li>
<li><strong>System Weight:</strong> 94 ± 1 kg</li>
<li><strong>Dimensions:</strong> 550 x 280 x 610 mm (stackable)</li>
<li><strong>Optional Colors:</strong> White, Green</li>
<li><strong>Calendar Life:</strong> 10 years (under recommended conditions)</li>
</ul>
<h5><strong>Electrical Specifications:</strong></h5>
<ul>
<li><strong>Energy Capacity:</strong> 10.24 kWh</li>
<li><strong>Usable Capacity:</strong> 9.22 kWh (with 90% Depth of Discharge)</li>
<li><strong>Nominal Voltage:</strong> 51.2 V</li>
<li><strong>Operating Voltage Range:</strong> 43.2 V ~ 58.4 V</li>
</ul>
<h5><strong>Operation and Performance:</strong></h5>
<ul>
<li><strong>Constant Charging Current:</strong> 100A (40A recommended)</li>
<li><strong>Max. Charging Current:</strong> 110A</li>
<li><strong>Constant Discharge Current:</strong> 150A (100A recommended)</li>
<li><strong>Max. Discharging Current:</strong> 160A</li>
<li><strong>Standard Charge Power:</strong> 5000 W</li>
<li><strong>Max. Charge Power:</strong> 6500 W</li>
<li><strong>Standard Discharge Power:</strong> 7500 W</li>
<li><strong>Max. Discharging Power:</strong> 9000 W</li>
</ul>
<h5><strong>Temperature and Environment:</strong></h5>
<ul>
<li><strong>Discharge Temperature Range:</strong> -20℃ ~ 60℃</li>
<li><strong>Charge Temperature Range:</strong> 0℃ ~ 55℃</li>
<li><strong>Storage Temperature Range:</strong> -20℃ ~ 45℃</li>
<li><strong>Humidity Range:</strong> 10% ~ 85%</li>
</ul>
<h5><strong>Battery Management System (BMS):</strong></h5>
<ul>
<li><strong>Modules Inter-Connection:</strong> Supports 1 ~ 8 parallel connections</li>
<li><strong>Monitoring Parameters:</strong> System voltage, current, and temperature, including PCBA temperature</li>
<li><strong>Communication:</strong> RS-232, RS-485, CAN protocols for integration and monitoring</li>
</ul>","","","taxable","","1","","","0","0","","","","","1","","","23990.00","Lithium Batteries","Greenrich, Lithium Battery","","https://sasolarexperts.co.za/wp-content/uploads/2026/03/Lithium-Battery-Green-Rich-Greenrich-10.24kw-ion.png","","","","","","","","","0","Greenrich","4080","https://sasolarexperts.co.za/product/green-rich-greenrich-10-24kw-ion-lithium-battery/"
"","simple","","BSL 5,12kw 51.2v Powerline 5 Lithium Battery","1","0","visible","<p>PowerLine is an ultra-thin wall-mounted battery that can be mounted directly to the wall with a simple snap-in installation.<br />
The battery modules utilize FPC technology to ensure more consistent quality and are certified by UL1973 to deliver up to 98% efficiency.<br />
In addition, this product can be cycled 6000 times at 100% DOD and still have 80% capacity. The battery can last up to 20 years for optimal performance and cost savings.</p>","<p>BSL Battery 51.2V – Powerline 100Ah (5.1 KWh) Wall Mount</p>
<p>PowerLine is an ultra-thin wall-mounted battery that can be mounted directly to the wall with a simple snap-in installation.<br />
The battery modules utilize FPC technology to ensure more consistent quality and are certified by UL1973 to deliver up to 98% efficiency.<br />
In addition, this product can be cycled 6000 times at 100% DOD and still have 80% capacity. The battery can last up to 20 years for optimal performance and cost savings.<br />
Product Features</p>
<p>– 3C peak value<br />
– Up to 81.9 kWh in Low Voltage Connection<br />
– Real-time monitoring system and remote debug<br />
– Non-toxic and non-hazardous cobalt-free LFP chemistry<br />
– Extended operating temperature -20°C to 60°C<br />
– The thinnest Home ESS ever built with just 90mm thickness<br />
– Certification: IEC62619, CE, UL1973, UN38.3<br />
– The exceptional lifespan of up to 8000 cycles<br />
– Cycle one to several times per day<br />
– Extended warranty of up to 15 years (15 year warranty only applicable when used on the approved inverter listing Victron, Sunsynk , Deye)</p>
<p>Application</p>
<p>– Back-up power<br />
– Self-consumption optimization<br />
– Off-grid power supply<br />
Specifications:</p>
<p>– Model: PowerLine 5<br />
– Nominal Voltage: 51.2V<br />
– Nominal Capacity: 100Ah<br />
– Compound Mode: 1P16S<br />
– Charging Voltage: 58.4V<br />
– Charge Current: Continuous Charging: 50A, Maximum Charge: 100A<br />
– Discharge Current: Continuous Discharging: 100A<br />
– Factory Voltage: 50.4V – 53.6V<br />
– Self-discharge Rate: ≤ 2.5% per month<br />
– Mode of Equilibrium: Passive Equilibrium<br />
– IP Level: IP22<br />
– Temperature of Charge: 0°C to +65°C<br />
– Temperature of Discharge: -20°C to +65°C<br />
– Dimensions: 670mm x 540mm x 90mm ±1mm<br />
– Weight: 50kg ±1kg</p>
<p>PowerLine-5-230202</p>","","","taxable","","1","","","0","0","","","","","1","","","21595.00","Lithium Batteries","BSL, Lithium Battery","","https://sasolarexperts.co.za/wp-content/uploads/2026/03/picy-removebg-preview.png","","","","","","","","","0","BSL","4086","https://sasolarexperts.co.za/product/bsl-512kw-51-2v-powerline-5-lithium-battery/"
"","simple","","Felicity 12.5kwh Lithium Battery","1","0","visible","<p>FELICITY 12.5KWH Discover the future of sustainable energy storage with the Felicity Solar 12.5kWh Battery, an innovative and powerful solution designed to elevate your home&#8217;s energy independence. This lithium iron phosphate battery combines cutting-edge technology with a 5-year warranty, making it an ideal choice for those who seek reliable and eco-friendly energy solutions. Key Advantages:</p>","<p>FELICITY 12.5KWH Discover the future of sustainable energy storage with the Felicity Solar 12.5kWh Battery, an innovative and powerful solution designed to elevate your home&#8217;s energy independence. This lithium iron phosphate battery combines cutting-edge technology with a 5-year warranty, making it an ideal choice for those who seek reliable and eco-friendly energy solutions. Key Advantages:</p>
<p>Advanced Battery Technology: Harness the potential of iron phosphate-lithium battery power, offering a deep discharge of 95% and an astonishing lifespan of more than 6,000 cycles. This means that the battery is designed to last and provide consistent energy for years.<br />
5-Year Warranty: Rest easy with a long-term warranty that underscores the reliability and durability of this exceptional battery.<br />
High Energy Density: Despite its substantial capacity, this battery maintains a smaller volume relative to the energy it stores, making it an ideal choice for residential use where space efficiency is paramount.<br />
Scalable and Expandable: This battery supports parallel connections, allowing for easy expansion. Connect up to six units for increased capacity and adaptability to your evolving energy needs.<br />
Optimized for Solar: Tailored to complement household photovoltaic systems, this battery maximizes the use of solar energy, enabling you to store and access it efficiently.<br />
Built-in Battery Management System (BMS): The BMS technology monitors the battery&#8217;s operation and ensures it functions within its designed limits, enhancing safety and performance.<br />
Convenient Communication: Equipped with CAN and RS485 communication capabilities, this battery ensures convenient and efficient data transfer.</p>
<p>Technical Specifications:</p>
<p>Model: LPBF48250<br />
Capacity: 12.5kWh<br />
Voltage: 48V<br />
Rated Voltage: 51.2V<br />
Charge Voltage: 57.6V<br />
Discharge Voltage Range: 48-57.6V<br />
Max Charge &amp; Discharge Current: 120A<br />
Depth of Discharge (DOD): 95%<br />
Modules Connection: 1-6 in parallel<br />
Ingress Protection: IP21<br />
Cycle Life: Over 6,000 cycles at 25°C<br />
Working Temperature Range: -10°C to 50°C<br />
Net Weight: 159KG<br />
Dimensions: 615mm x 350mm x 955mm</p>
<p>The Felicity Solar 12.5kWh Battery is more than just a power storage solution; it&#8217;s a commitment to a greener, more sustainable future. By choosing Felicity Solar, you&#8217;re taking a significant step toward energy self-sufficiency and environmental responsibility. Embrace a cleaner and smarter energy future with a battery that sets the standard for reliability and performance. Invest in your home&#8217;s energy future with the Felicity Solar 12.5kWh Battery.</p>","","","taxable","","1","","","0","0","","","","","1","","","37500.00","Lithium Batteries","Felicity lithium battery, Lithium Battery","","https://sasolarexperts.co.za/wp-content/uploads/2026/03/felicity-solar-12-5kwh-battery-removebg-preview.png","","","","","","","","","0","Felicity","4088","https://sasolarexperts.co.za/product/felicity-12-5kwh-lithium-battery/"
"","simple","","Greenrich 51.2V 4.95kWh 96.6Ah U-P5000 Battery Lithium","1","0","visible","<p><strong>Greenrich Battery Lithium 51.2V 4.95kWh 96.6Ah U-P5000</strong> Function &#8211; Overvoltage protection; &#8211; Undervoltage protection; &#8211; short-circuit protection; &#8211; Low temperature charge protection; &#8211; High temperature charge protection; &#8211; Low temperature discharge protection; &#8211; High temperature discharge protection; &#8211; Charge over-current protection; &#8211; Discharge over-current protection; &#8211; Dormancy function; &#8211; RS485 communication; &#8211; CAN communication. &#8211; RS232 communication Rated Voltage: 51.2V Height: 222.6mm Width: 442mm Length: 512mm Weight: 51kg</p>","<p><strong>Greenrich Battery Lithium 51.2V 4.95kWh 96.6Ah U-P5000</strong> Function &#8211; Overvoltage protection; &#8211; Undervoltage protection; &#8211; short-circuit protection; &#8211; Low temperature charge protection; &#8211; High temperature charge protection; &#8211; Low temperature discharge protection; &#8211; High temperature discharge protection; &#8211; Charge over-current protection; &#8211; Discharge over-current protection; &#8211; Dormancy function; &#8211; RS485 communication; &#8211; CAN communication. &#8211; RS232 communication Rated Voltage: 51.2V Height: 222.6mm Width: 442mm Length: 512mm Weight: 51kg</p>","","","taxable","","1","","","0","0","","","","","1","","","12900.00","Lithium Batteries","Greenrich, lithium batteries","","https://sasolarexperts.co.za/wp-content/uploads/2026/03/Greenrich-Battery-Lithium-51.2V-4.95kWh-96.6Ah-U-P5000.png","","","","","","","","","0","Greenrich","4090","https://sasolarexperts.co.za/product/greenrich-51-2v-4-95kwh-96-6ah-u-p5000-battery-lithium/"
"","simple","","Volta Stage 3 Old Gen Lithium Battery","1","0","visible","<p>Nominal Energy: 10.24KWH<br />
Advanced LiFePO4 Technology<br />
51.2V Nominal Voltage<br />
Long Cycle Life</p>","<p>Product Features</p>
<p>Nominal Energy: 10.24KWH<br />
Advanced LiFePO4 Technology<br />
51.2V Nominal Voltage<br />
Long Cycle Life<br />
Scalable &amp; Expandable<br />
Intelligent Battery Management System (BMS)<br />
High Round-Trip Efficiency<br />
Compact &amp; Space-Saving<br />
C/1C Continual Charge &amp; Discharge<br />
Installation Type: Wall Mount &amp; Floor Stand</p>","","","taxable","","1","","","0","0","","","","","1","","","33999.00","Lithium Batteries","lithium batteries, Lithium Battery, Volta","","https://sasolarexperts.co.za/wp-content/uploads/2026/03/Lithium-Battery-Volta-Stage-3-Old-Gen.png","","","","","","","","","0","Volta","4092","https://sasolarexperts.co.za/product/volta-stage-3-old-gen-lithium-battery/"
"","simple","","Deye 10.6kWh Lithium Battery","1","0","visible","<p>Nominal Energy: 10.64 kWh</p>
<p>Usable Energy: 9.58 kWh (90% Depth of Discharge)</p>
<p>Nominal Capacity: 208 Ah</p>
<p>Nominal Voltage: 51.2V</p>
<p>Operating Voltage Range: 43.2V – 57.6V</p>
<p>Max. Continuous Charge Current: 100A (RW-G) to 200A (RW-F)</p>","<p><strong>Core Electrical Specs</strong></p>
<p>Nominal Energy: 10.64 kWh</p>
<p>Usable Energy: 9.58 kWh (90% Depth of Discharge)</p>
<p>Nominal Capacity: 208 Ah</p>
<p>Nominal Voltage: 51.2V</p>
<p>Operating Voltage Range: 43.2V – 57.6V</p>
<p>Max. Continuous Charge Current: 100A (RW-G) to 200A (RW-F)</p>
<p>Max. Continuous Discharge Current: 100A (RW-G) to 240A (RW-F)</p>
<p>Peak Discharge Current: 300A (for 2 minutes)</p>
<p>Performance &amp; Reliability<br />
Chemistry: LiFePO4 (Cobalt-free for safety and environmental friendliness)</p>
<p>Cycle Life: ≥ 6000 cycles (@ 25°C, 0.5C/1C, 90% DOD)</p>
<p>Design Life: 10+ years</p>
<p>Round-trip Efficiency: &gt; 95%</p>
<p>Installation &amp; Physical Specs<br />
Mounting: Wall-mounted or Floor-mounted (includes a hanging board/bracket)</p>
<p>Dimensions (W x H x D): 600mm x 750mm x 200mm</p>
<p>Weight: Approximately 96kg to 99kg</p>
<p>Enclosure Rating: IP20 (Indoor use)</p>
<p>Cooling: Natural cooling (silent operation)</p>
<p>BMS &amp; Connectivity<br />
Integrated Protection: Built-in 125A 2P circuit breaker; protection against over-charge, over-discharge, and temperature.</p>
<p>Communication: CAN 2.0 and RS485 ports.</p>
<p>Networking: Automatic module networking (no DIP switch manual configuration required).</p>
<p>Scalability: Supports up to 32 units in parallel, allowing for a maximum system capacity of 340 kWh.</p>
<p>Monitoring: Compatible with Deye’s cloud platform for remote monitoring and firmware upgrades.</p>","","","taxable","","0","","","0","0","","","","","1","","","28509.00","Lithium Batteries","Deye, lithium batteries, Lithium Battery","","https://sasolarexperts.co.za/wp-content/uploads/2026/03/Lithium-Battery-Deye-10.6kWh.png","","","","","","","","","0","Deye","4100","https://sasolarexperts.co.za/product/deye-10-6kwh-lithium-battery/"
"","simple","","ECCO 15.36kW Lithium Battery 51.2V ELV51300","1","0","visible","","<p>The ECCO 15.36kWh (ELV51300) is a high-capacity, floor-standing Lithium Iron Phosphate (LiFePO4) battery designed for large residential or commercial energy storage.</p>
<p>Below are the technical specifications for this unit:</p>
<p>Electrical Specifications<br />
Nominal Energy: 15.36 kWh</p>
<p>Nominal Capacity: 300 Ah</p>
<p>Nominal Voltage: 51.2V</p>
<p>Standard Operating Voltage: 44.8V – 56.16V</p>
<p>Standard Charge/Discharge Current: 100A (Recommended)</p>
<p>Max. Continuous Charge/Discharge Current: 180A</p>
<p>Peak Discharge Current: 200A (for 10 seconds)</p>
<p>Performance &amp; Longevity<br />
Chemistry: LiFePO4 (Lithium Iron Phosphate)</p>
<p>Cycle Life: ≥ 6,000 cycles (@ 80% DOD, 0.5C)</p>
<p>Design Life: ~15–20 years</p>
<p>Round-trip Efficiency: ≥ 98%</p>
<p>Depth of Discharge (DOD): 80% – 90% recommended</p>
<p>Physical &amp; Environmental<br />
Installation: Floor-standing (Vertical design)</p>
<p>Dimensions: ~591mm (W) x 157.5mm (D) x 1025mm (H)</p>
<p>Weight: Approx. 128kg – 130kg</p>
<p>Ingress Protection: IP54 (Moderate protection against dust and splashing water)</p>
<p>Operating Temperature: * Charge: 0°C to 55°C</p>
<p>Discharge: -20°C to 60°C</p>
<p>BMS &amp; Connectivity<br />
Integrated BMS: Protection against over-voltage, under-voltage, over-current, short circuit, and temperature fluctuations.</p>
<p>Communication Ports: RS485, CAN, RS232.</p>
<p>Inverter Compatibility: Compatible with most 48V/51V hybrid inverters (Sunsynk, Deye, Victron, Luxpower, etc.).</p>
<p>Scalability: Supports up to 15 or 16 units in parallel for expanded capacity.</p>","","","taxable","","0","","","0","0","","","","","1","","","30100.00","Lithium Batteries","Ecco, lithium batteries, Lithium Battery","","https://sasolarexperts.co.za/wp-content/uploads/2026/03/ECCO-15.36kW-Lithium-Battery-51.2V-ELV51300.png","","","","","","","","","0","ecco","4102","https://sasolarexperts.co.za/product/ecco-15-36kw-lithium-battery-51-2v-elv51300/"
"","simple","","Deye 5.3kWh LW Lithium Battery","1","0","visible","<ul>
<li>Model: SE-G5.3</li>
<li>Battery Chemistry: Cobalt-Free Lithium Iron Phosphate (LiFePO4)</li>
<li>Nominal Energy: 5.32 kWh</li>
<li>Usable Energy: 4.79 kWh (at 90% Depth of Discharge)</li>
<li>Nominal Capacity: 104 Ah</li>
</ul>","<p><strong>Deye 5.3kWh LW Lithium Battery (SE-G5.3) Technical Specifications</strong></p>
<ul>
<li>Model: SE-G5.3</li>
<li>Battery Chemistry: Cobalt-Free Lithium Iron Phosphate (LiFePO4)</li>
<li>Nominal Energy: 5.32 kWh</li>
<li>Usable Energy: 4.79 kWh (at 90% Depth of Discharge)</li>
<li>Nominal Capacity: 104 Ah</li>
<li>Nominal Voltage: 51.2 V</li>
<li>Operating Voltage Range: 43.2 V – 57.6 V</li>
<li>Recommended Charge/Discharge Current: 50 A</li>
<li>Max. Continuous Charge/Discharge Current: 100 A</li>
<li>Peak Discharge Current: 150 A (for 2 minutes at 25°C)</li>
<li>Cycle Life: ≥ 6,000 cycles (@ 25°C, 0.5C/0.5C, 90% DOD)</li>
<li>Design Life: 10+ Years</li>
<li>Dimensions (W x D x H): 440 mm x 560 mm x 133 mm (Standard 3U Rack height)</li>
<li>Weight: Approximately 44 kg</li>
<li>IP Rating: IP20 (Designed for indoor/rack environments)</li>
<li>Mounting Options: 19-inch Standard Rack, Wall-mounted, or Floor-stacked</li>
<li>Communication Ports: CAN 2.0 and RS485</li>
<li>Scalability: Supports up to 64 units in parallel (Maximum system capacity of ~340 kWh)</li>
<li>Certification: UN38.3, IEC62619, CE, UKCA</li>
</ul>","","","taxable","","1","","","0","0","","","","","1","","","14105.00","Lithium Batteries","Deye, lithium batteries, Lithium Battery","","https://sasolarexperts.co.za/wp-content/uploads/2026/03/Lithium-Battery-Deye-5.3kWh-LW.png","","","","","","","","","0","Deye","4104","https://sasolarexperts.co.za/product/deye-5-3kwh-lw-lithium-battery/"
"","simple","","LVTOPSUN 24V Lithium Battery","1","0","visible","<p>The <b data-path-to-node=""0"" data-index-in-node=""4"">TOPSUN 24V LV Lithium Battery</b> from TOPSUN is designed to provide dependable and efficient energy storage for <b data-path-to-node=""0"" data-index-in-node=""113"">small solar installations, backup systems, and off-grid power solutions</b>. Built with advanced <b data-path-to-node=""0"" data-index-in-node=""206"">Lithium Iron Phosphate (LiFePO4) technology</b>, this battery delivers improved safety, longer lifespan, and stable performance compared to traditional lead-acid batteries.</p>","<p data-path-to-node=""0"">The <b data-path-to-node=""0"" data-index-in-node=""4"">TOPSUN 24V LV Lithium Battery</b> from TOPSUN is designed to provide dependable and efficient energy storage for <b data-path-to-node=""0"" data-index-in-node=""113"">small solar installations, backup systems, and off-grid power solutions</b>. Built with advanced <b data-path-to-node=""0"" data-index-in-node=""206"">Lithium Iron Phosphate (LiFePO4) technology</b>, this battery delivers improved safety, longer lifespan, and stable performance compared to traditional lead-acid batteries.</p>
<p data-path-to-node=""1"">Designed for low-voltage solar applications, the 24V configuration makes it particularly suitable for <b data-path-to-node=""1"" data-index-in-node=""102"">compact solar setups, backup power systems, and remote energy solutions</b>. It stores excess solar energy generated during the day and releases it when needed, ensuring that essential appliances and electronics continue operating even when grid power is unavailable.</p>
<p data-path-to-node=""2"">To maintain reliability and safety, the battery incorporates an <b data-path-to-node=""2"" data-index-in-node=""64"">intelligent Battery Management System (BMS)</b> that continuously monitors voltage, temperature, and current flow. This system protects the battery from overcharging, over-discharging, overheating, and short circuits while optimizing performance throughout its lifespan.</p>
<p data-path-to-node=""3"">The TOPSUN lithium battery is also engineered for <b data-path-to-node=""3"" data-index-in-node=""50"">high cycle durability</b>, supporting thousands of charge and discharge cycles. This allows users to benefit from long-term energy storage without the frequent replacement costs typically associated with older battery technologies.</p>
<p data-path-to-node=""4"">Compact, efficient, and durable, the <b data-path-to-node=""4"" data-index-in-node=""37"">TOPSUN 24V LV Lithium Battery</b> is a practical energy storage solution for solar users looking to improve system reliability and achieve greater independence from unstable grid power.</p>","","","taxable","","1","","","0","0","","","","","1","","","6500.00","Lithium Batteries","lithium batteries, LVTOPSUN","","https://sasolarexperts.co.za/wp-content/uploads/2026/03/LVTOPSUN-24V-Lithium-Battery.png","","","","","","","","","0","LVTOPSUN","4106","https://sasolarexperts.co.za/product/lvtopsun-24v-lithium-battery/"
"","simple","","4.8kWh Svolt Lithium Battery","1","0","visible","<h3 data-path-to-node=""1""><b data-path-to-node=""1"" data-index-in-node=""0"">SVOLT 4.8kWh (51.2V 100Ah) Product Specifications</b></h3>
<ul data-path-to-node=""2"">
<li>
<p data-path-to-node=""2,0,0""><b data-path-to-node=""2,0,0"" data-index-in-node=""0"">A-Grade Cell Technology:</b> The SVOLT 4.8kWh battery is built using high-quality A-Grade Lithium Iron Phosphate (LiFePO4) cells for superior thermal stability and safety.</p>
</li>
<li>
<p data-path-to-node=""2,1,0""><b data-path-to-node=""2,1,0"" data-index-in-node=""0"">Optimal Energy Storage:</b> This unit delivers a nominal energy capacity of 5.12kWh (commonly marketed as 4.8kWh usable) with a 100Ah rating, providing reliable backup for essential household loads.</p>
</li>
<li>
<p data-path-to-node=""2,2,0"">
</li>
</ul>","<h3 data-path-to-node=""1""><b data-path-to-node=""1"" data-index-in-node=""0"">SVOLT 4.8kWh (51.2V 100Ah) Product Specifications</b></h3>
<ul data-path-to-node=""2"">
<li>
<p data-path-to-node=""2,0,0""><b data-path-to-node=""2,0,0"" data-index-in-node=""0"">A-Grade Cell Technology:</b> The SVOLT 4.8kWh battery is built using high-quality A-Grade Lithium Iron Phosphate (LiFePO4) cells for superior thermal stability and safety.</p>
</li>
<li>
<p data-path-to-node=""2,1,0""><b data-path-to-node=""2,1,0"" data-index-in-node=""0"">Optimal Energy Storage:</b> This unit delivers a nominal energy capacity of 5.12kWh (commonly marketed as 4.8kWh usable) with a 100Ah rating, providing reliable backup for essential household loads.</p>
</li>
<li>
<p data-path-to-node=""2,2,0""><b data-path-to-node=""2,2,0"" data-index-in-node=""0"">Standard System Voltage:</b> It operates at a nominal 51.2V, ensuring seamless compatibility with most 48V hybrid inverters including Deye, Sunsynk, and Victron.</p>
</li>
<li>
<p data-path-to-node=""2,3,0""><b data-path-to-node=""2,3,0"" data-index-in-node=""0"">Reliable Current Output:</b> The battery supports a continuous discharge current of 100A, allowing a single unit to power appliances up to 5kW comfortably.</p>
</li>
<li>
<p data-path-to-node=""2,4,0""><b data-path-to-node=""2,4,0"" data-index-in-node=""0"">Exceptional Cycle Life:</b> Engineered for daily cycling, this battery offers over 6,000 charge and discharge cycles at 80% Depth of Discharge (DOD).</p>
</li>
<li>
<p data-path-to-node=""2,5,0""><b data-path-to-node=""2,5,0"" data-index-in-node=""0"">Smart Battery Management:</b> The integrated Intelligent BMS continuously monitors cell voltage and temperature to protect against over-charging, over-discharging, and short circuits.</p>
</li>
<li>
<p data-path-to-node=""2,6,0""><b data-path-to-node=""2,6,0"" data-index-in-node=""0"">Space-Saving Design:</b> Its compact rack-mountable form factor allows for neat installation in standard 19-inch server racks or wall-mounted cabinets.</p>
</li>
<li>
<p data-path-to-node=""2,7,0""><b data-path-to-node=""2,7,0"" data-index-in-node=""0"">Versatile Communication:</b> Equipped with CAN and RS485 communication ports, the battery provides real-time data synchronization with your inverter for optimized charging.</p>
</li>
<li>
<p data-path-to-node=""2,8,0""><b data-path-to-node=""2,8,0"" data-index-in-node=""0"">Massive Scalability:</b> You can easily expand your system by connecting up to 16 units in parallel to meet growing energy demands.</p>
</li>
<li>
<p data-path-to-node=""2,10,0""><b data-path-to-node=""2,10,0"" data-index-in-node=""0"">Maintenance-Free Operation:</b> Unlike traditional lead-acid batteries, this lithium unit requires zero maintenance and has a design life exceeding 10 years.</p>
</li>
<li>
<p data-path-to-node=""2,11,0""><b data-path-to-node=""2,11,0"" data-index-in-node=""0"">Lightweight Construction:</b> Weighing approximately 42kg to 45kg, it is significantly lighter and easier to install than equivalent lead-acid banks.</p>
</li>
</ul>","","","taxable","","1","","","0","0","","","","","1","","","12500.00","Lithium Batteries","lithium batteries, Lithium Battery, svolt","","https://sasolarexperts.co.za/wp-content/uploads/2026/03/Lithium-Battery-4.8kWh-Svolt.png","","","","","","","","","0","SVolt","4116","https://sasolarexperts.co.za/product/4-8kwh-svolt-lithium-battery/"
"","simple","","Hina Ess 5,12kwh Hi-5 Lithium Battery","1","0","visible","<h3 data-path-to-node=""1""><b data-path-to-node=""1"" data-index-in-node=""0"">HinaESS Hi-5 (5.12kWh 51.2V 100Ah) Product Specifications</b></h3>
<ul data-path-to-node=""2"">
<li>
<p data-path-to-node=""2,0,0""><b data-path-to-node=""2,0,0"" data-index-in-node=""0"">Ultra-Safe LFP Chemistry:</b> The HinaESS Hi-5 is built with premium Lithium Iron Phosphate (LiFePO4) cells, offering the highest level of safety and thermal stability for residential energy storage.</p>
</li>
<li>
<p data-path-to-node=""2,1,0""><b data-path-to-node=""2,1,0"" data-index-in-node=""0"">High Energy Density:</b> This unit provides a nominal energy capacity of 5.12kWh with a 100Ah rating, delivering reliable and long-lasting backup power for essential household appliances.</p>
</li>
</ul>","<h3 data-path-to-node=""1""><b data-path-to-node=""1"" data-index-in-node=""0"">HinaESS Hi-5 (5.12kWh 51.2V 100Ah) Product Specifications</b></h3>
<ul data-path-to-node=""2"">
<li>
<p data-path-to-node=""2,0,0""><b data-path-to-node=""2,0,0"" data-index-in-node=""0"">Ultra-Safe LFP Chemistry:</b> The HinaESS Hi-5 is built with premium Lithium Iron Phosphate (LiFePO4) cells, offering the highest level of safety and thermal stability for residential energy storage.</p>
</li>
<li>
<p data-path-to-node=""2,1,0""><b data-path-to-node=""2,1,0"" data-index-in-node=""0"">High Energy Density:</b> This unit provides a nominal energy capacity of 5.12kWh with a 100Ah rating, delivering reliable and long-lasting backup power for essential household appliances.</p>
</li>
<li>
<p data-path-to-node=""2,2,0""><b data-path-to-node=""2,2,0"" data-index-in-node=""0"">Optimized System Voltage:</b> Operating at a nominal 51.2V, the battery is engineered for seamless compatibility with leading 48V hybrid inverters, including Deye, Sunsynk, Victron, and Luxpower.</p>
</li>
<li>
<p data-path-to-node=""2,3,0""><b data-path-to-node=""2,3,0"" data-index-in-node=""0"">Superior Discharge Capability:</b> It supports a maximum continuous discharge current of 100A (1C rate), allowing a single battery module to power loads up to 5kW effectively.</p>
</li>
<li>
<p data-path-to-node=""2,4,0""><b data-path-to-node=""2,4,0"" data-index-in-node=""0"">Exceptional Lifecycle:</b> Designed for daily cycling, the Hi-5 offers an industry-leading cycle life of over 6,000 cycles at 80% Depth of Discharge (DOD).</p>
</li>
<li>
<p data-path-to-node=""2,5,0""><b data-path-to-node=""2,5,0"" data-index-in-node=""0"">Intelligent Battery Management:</b> The integrated Smart BMS continuously monitors cell health, protecting the system against over-charging, over-discharging, short circuits, and extreme temperatures.</p>
</li>
<li>
<p data-path-to-node=""2,6,0""><b data-path-to-node=""2,6,0"" data-index-in-node=""0"">Versatile Mounting Design:</b> The compact and sleek form factor is designed for both 19-inch rack-mount installations and wall-mounted setups to save floor space.</p>
</li>
<li>
<p data-path-to-node=""2,7,0""><b data-path-to-node=""2,7,0"" data-index-in-node=""0"">Smart Communication Interface:</b> Equipped with CAN and RS485 communication ports, the battery ensures precise data synchronization and plug-and-play integration with your solar inverter.</p>
</li>
<li>
<p data-path-to-node=""2,8,0""><b data-path-to-node=""2,8,0"" data-index-in-node=""0"">Ultra-Scalable Capacity:</b> You can easily expand your energy storage by connecting up to 32 units in parallel, making it suitable for both small homes and large commercial projects.</p>
</li>
<li>
<p data-path-to-node=""2,10,0""><b data-path-to-node=""2,10,0"" data-index-in-node=""0"">Maintenance-Free Longevity:</b> With a design life exceeding 10 years and zero maintenance requirements, it is a cost-effective and reliable replacement for traditional lead-acid systems.</p>
</li>
<li>
<p data-path-to-node=""2,11,0""><b data-path-to-node=""2,11,0"" data-index-in-node=""0"">Certified Quality:</b> The HinaESS Hi-5 is fully certified under international standards, including CE, UN38.3, and IEC62619, ensuring global safety compliance.</p>
</li>
</ul>","","","taxable","","1","","","0","0","","","","","1","","","12306.00","Lithium Batteries","Hina Ess, lithium batteries, Lithium Battery","","https://sasolarexperts.co.za/wp-content/uploads/2026/03/Lithium-Battery-Hina-Ess-512kwh-Hi-5.jpeg","","","","","","","","","0","Hina ess","4118","https://sasolarexperts.co.za/product/hina-ess-512kwh-hi-5-lithium-battery/"
"","simple","","Hina Ess PowerGem Plus 14.3kWh LiFePO4  Lithium Battery","1","0","visible","<h3 data-path-to-node=""1""><b data-path-to-node=""1"" data-index-in-node=""0"">HinaESS PowerGem Plus (14.33kWh 51.2V 280Ah) Product Specifications</b></h3>
<ul data-path-to-node=""2"">
<li>
<p data-path-to-node=""2,0,0""><b data-path-to-node=""2,0,0"" data-index-in-node=""0"">Ultra-High Capacity Storage:</b> The HinaESS PowerGem Plus is a premium, large-format Lithium Iron Phosphate (LiFePO4) battery designed for substantial residential and commercial energy backup.</p>
</li>
</ul>","<h3 data-path-to-node=""1""><b data-path-to-node=""1"" data-index-in-node=""0"">HinaESS PowerGem Plus (14.33kWh 51.2V 280Ah) Product Specifications</b></h3>
<ul data-path-to-node=""2"">
<li>
<p data-path-to-node=""2,0,0""><b data-path-to-node=""2,0,0"" data-index-in-node=""0"">Ultra-High Capacity Storage:</b> The HinaESS PowerGem Plus is a premium, large-format Lithium Iron Phosphate (LiFePO4) battery designed for substantial residential and commercial energy backup.</p>
</li>
<li>
<p data-path-to-node=""2,1,0""><b data-path-to-node=""2,1,0"" data-index-in-node=""0"">Massive Energy Density:</b> This unit delivers a nominal energy capacity of 14.33kWh with a massive 280Ah rating, allowing it to power an entire household or small business for extended periods.</p>
</li>
<li>
<p data-path-to-node=""2,2,0""><b data-path-to-node=""2,2,0"" data-index-in-node=""0"">Optimized System Voltage:</b> Operating at a nominal 51.2V, the PowerGem Plus ensures seamless &#8220;Plug-and-Play&#8221; compatibility with leading 48V hybrid inverters such as Deye, Sunsynk, Victron, and Luxpower.</p>
</li>
<li>
<p data-path-to-node=""2,3,0""><b data-path-to-node=""2,3,0"" data-index-in-node=""0"">High-Performance Discharge:</b> It supports a maximum continuous discharge current of 140A (0.5C), providing enough sustained power to run multiple high-demand appliances like air conditioners and pumps simultaneously.</p>
</li>
<li>
<p data-path-to-node=""2,4,0""><b data-path-to-node=""2,4,0"" data-index-in-node=""0"">Superior Peak Power:</b> The battery is engineered to handle peak discharge currents of up to 200A for short durations, ensuring stability during the startup of heavy motorized loads.</p>
</li>
<li>
<p data-path-to-node=""2,5,0""><b data-path-to-node=""2,5,0"" data-index-in-node=""0"">Exceptional Lifecycle:</b> Designed for long-term daily cycling, the PowerGem Plus offers an industry-leading cycle life of over 6,000 cycles at 90% Depth of Discharge (DOD).</p>
</li>
<li>
<p data-path-to-node=""2,6,0""><b data-path-to-node=""2,6,0"" data-index-in-node=""0"">Intelligent Battery Management:</b> The integrated Smart BMS continuously monitors cell health, protecting the system against over-charging, over-discharging, short circuits, and extreme temperatures.</p>
</li>
<li>
<p data-path-to-node=""2,7,0""><b data-path-to-node=""2,7,0"" data-index-in-node=""0"">Elegant Floor-Standing Design:</b> The sleek, vertical form factor is designed for floor-standing installations, providing a clean and professional look in any power room without the need for complex racking.</p>
</li>
<li>
<p data-path-to-node=""2,8,0""><b data-path-to-node=""2,8,0"" data-index-in-node=""0"">Smart Communication Interface:</b> Equipped with CAN and RS485 communication ports, the battery ensures precise data synchronization and easy firmware updates via your solar inverter.</p>
</li>
<li>
<p data-path-to-node=""2,9,0""><b data-path-to-node=""2,9,0"" data-index-in-node=""0"">Massive Scalability:</b> You can easily expand your storage capacity by connecting up to 32 units in parallel, allowing for a total system energy of over 450kWh.</p>
</li>
<li>
<p data-path-to-node=""2,11,0""><b data-path-to-node=""2,11,0"" data-index-in-node=""0"">Maintenance-Free Longevity:</b> With a design life exceeding 10 years and zero maintenance requirements, it is a highly cost-effective and reliable alternative to traditional battery banks.</p>
</li>
<li>
<p data-path-to-node=""2,12,0""><b data-path-to-node=""2,12,0"" data-index-in-node=""0"">Certified Quality:</b> The HinaESS PowerGem Plus is fully certified under international standards, including CE, UN38.3, and IEC62619, ensuring top-tier safety and performance.</p>
</li>
</ul>","","","taxable","","0","","","0","0","","","","","1","","","30400.00","Lithium Batteries","Hina Ess, lithium batteries, Lithium Battery","","https://sasolarexperts.co.za/wp-content/uploads/2026/03/Lithium-Battery-Hina-Ess-PowerGem-Plus-14.3kWh-LiFePO4-second-image.png, https://sasolarexperts.co.za/wp-content/uploads/2026/03/Lithium-Battery-Hina-Ess-PowerGem-Plus-14.3kWh-LiFePO4.png","","","","","","","","","0","Hina ess","4120","https://sasolarexperts.co.za/product/hina-ess-powergem-plus-14-3kwh-lifepo4-lithium-battery/"
"","simple","","Volta Stage 1 Old Gen 5.1kwh wallmount Lithium Battery","1","0","visible","<h3 data-path-to-node=""0""><b data-path-to-node=""0"" data-index-in-node=""0"">Volta Stage 1 (Old Gen) 5.12kWh Wall-Mount Product Specifications</b></h3>
<ul data-path-to-node=""1"">
<li>
<p data-path-to-node=""1,0,0""><b data-path-to-node=""1,0,0"" data-index-in-node=""0"">Reliable LFP Technology:</b> The Volta Stage 1 is a classic, high-performance Lithium Iron Phosphate (LiFePO4) battery designed specifically for dependable residential and light commercial solar backup.</p>
</li>
</ul>","<h3 data-path-to-node=""0""><b data-path-to-node=""0"" data-index-in-node=""0"">Volta Stage 1 (Old Gen) 5.12kWh Wall-Mount Product Specifications</b></h3>
<ul data-path-to-node=""1"">
<li>
<p data-path-to-node=""1,0,0""><b data-path-to-node=""1,0,0"" data-index-in-node=""0"">Reliable LFP Technology:</b> The Volta Stage 1 is a classic, high-performance Lithium Iron Phosphate (LiFePO4) battery designed specifically for dependable residential and light commercial solar backup.</p>
</li>
<li>
<p data-path-to-node=""1,1,0""><b data-path-to-node=""1,1,0"" data-index-in-node=""0"">Optimal Energy Storage:</b> This unit provides a nominal energy capacity of 5.12kWh with a 100Ah rating, making it the standard choice for backing up essential household circuits.</p>
</li>
<li>
<p data-path-to-node=""1,2,0""><b data-path-to-node=""1,2,0"" data-index-in-node=""0"">Standard System Voltage:</b> Operating at a nominal 51.2V, the Stage 1 ensures full compatibility with the majority of 48V hybrid inverters on the market, including Deye, Sunsynk, and Victron.</p>
</li>
<li>
<p data-path-to-node=""1,3,0""><b data-path-to-node=""1,3,0"" data-index-in-node=""0"">Powerful 1C Discharge Rate:</b> A standout feature of the Stage 1 is its 100A maximum continuous discharge current (1C), allowing a single unit to power high-demand loads up to 5kW.</p>
</li>
<li>
<p data-path-to-node=""1,4,0""><b data-path-to-node=""1,4,0"" data-index-in-node=""0"">High-Surge Capability:</b> The battery is engineered to handle a peak discharge current of 150A for short durations, ensuring it can manage the startup spikes of motorized appliances like fridges or pumps.</p>
</li>
<li>
<p data-path-to-node=""1,5,0""><b data-path-to-node=""1,5,0"" data-index-in-node=""0"">Proven Cycle Life:</b> Built for daily cycling, this battery offers a robust lifespan of over 6,000 cycles at 80% Depth of Discharge (DOD) under standard operating conditions.</p>
</li>
<li>
<p data-path-to-node=""1,6,0""><b data-path-to-node=""1,6,0"" data-index-in-node=""0"">Intelligent Battery Management:</b> The integrated Smart BMS provides comprehensive protection against over-voltage, under-voltage, over-current, short circuits, and extreme temperature fluctuations.</p>
</li>
<li>
<p data-path-to-node=""1,7,0""><b data-path-to-node=""1,7,0"" data-index-in-node=""0"">Classic Wall-Mount Design:</b> The sleek, white wall-mounted enclosure is designed for easy installation and a clean aesthetic in garages or dedicated power rooms.</p>
</li>
<li>
<p data-path-to-node=""1,8,0""><b data-path-to-node=""1,8,0"" data-index-in-node=""0"">Full Communication Support:</b> Equipped with RS485 and CAN communication ports, the battery provides real-time data synchronization with your inverter for precise charging and monitoring.</p>
</li>
<li>
<p data-path-to-node=""1,9,0""><b data-path-to-node=""1,9,0"" data-index-in-node=""0"">Parallel Scalability:</b> You can easily increase your storage capacity by connecting up to 15 units in parallel, allowing your system to grow as your energy needs increase.</p>
</li>
<li>
<p data-path-to-node=""1,10,0""><b data-path-to-node=""1,10,0"" data-index-in-node=""0"">Temperature Resilience:</b> Designed to handle varied climates, the battery operates efficiently in discharge temperatures ranging from negative 20 degrees Celsius to 60 degrees Celsius.</p>
</li>
<li>
<p data-path-to-node=""1,11,0""><b data-path-to-node=""1,11,0"" data-index-in-node=""0"">Maintenance-Free Longevity:</b> With a design life exceeding 10 years and zero maintenance requirements, the Volta Stage 1 offers a highly cost-effective alternative to traditional lead-acid banks.</p>
</li>
</ul>","","","taxable","","0","","","0","0","","","","","1","","","17330.00","Lithium Batteries","lithium batteries, Lithium Battery, Volta","","https://sasolarexperts.co.za/wp-content/uploads/2026/03/Lithium-Battery-Volta-Stage-1-Old-Gen-5.1kwh-wallmount.png","","","","","","","","","0","Volta","4123","https://sasolarexperts.co.za/product/volta-stage-1-old-gen-5-1kwh-wallmount-lithium-battery/"
"","simple","","6.1kwh Greenrich Lithium Battery 48v","1","0","visible","<h3 data-path-to-node=""0""><b data-path-to-node=""0"" data-index-in-node=""0"">Greenrich 6.1kWh 48V Lithium Battery (UP6100) Product Specifications</b></h3>
<ul>
<li style=""list-style-type: none"">
<ul data-path-to-node=""1"">
<li>
<p data-path-to-node=""1,0,0""><b data-path-to-node=""1,0,0"" data-index-in-node=""0"">High-Performance LFP Technology:</b> The Greenrich UP6100 (AU9000) is a cutting-edge Lithium Iron Phosphate (LiFePO4) battery designed to provide superior energy storage for both residential and commercial solar applications.</p>
</li>
</ul>
</li>
</ul>","<h3 data-path-to-node=""0""><b data-path-to-node=""0"" data-index-in-node=""0"">Greenrich 6.1kWh 48V Lithium Battery (UP6100) Product Specifications</b></h3>
<ul>
<li style=""list-style-type: none"">
<ul data-path-to-node=""1"">
<li>
<p data-path-to-node=""1,0,0""><b data-path-to-node=""1,0,0"" data-index-in-node=""0"">High-Performance LFP Technology:</b> The Greenrich UP6100 (AU9000) is a cutting-edge Lithium Iron Phosphate (LiFePO4) battery designed to provide superior energy storage for both residential and commercial solar applications.</p>
</li>
<li>
<p data-path-to-node=""1,1,0""><b data-path-to-node=""1,1,0"" data-index-in-node=""0"">Large Energy Capacity:</b> This unit delivers a significant nominal energy capacity of 6.12kWh with a 119.6Ah rating, ensuring an extended backup duration for your essential loads.</p>
</li>
<li>
<p data-path-to-node=""1,2,0""><b data-path-to-node=""1,2,0"" data-index-in-node=""0"">Standard System Voltage:</b> It operates at a nominal 51.2V, ensuring seamless compatibility with a wide range of 48V hybrid inverters, including popular brands like Deye and Sunsynk.</p>
</li>
<li>
<p data-path-to-node=""1,3,0""><b data-path-to-node=""1,3,0"" data-index-in-node=""0"">Extreme Discharge Capability:</b> A major technical advantage is its high-power 1.5C discharge rate, supporting a maximum continuous discharge current of 200A for loads up to 9,000W.</p>
</li>
<li>
<p data-path-to-node=""1,4,0""><b data-path-to-node=""1,4,0"" data-index-in-node=""0"">Superior Peak Power:</b> The battery is engineered to handle a peak discharge current of 350A for short durations, providing the necessary surge power to start heavy motorized appliances.</p>
</li>
<li>
<p data-path-to-node=""1,5,0""><b data-path-to-node=""1,5,0"" data-index-in-node=""0"">Exceptional Lifecycle:</b> Designed for daily cycling, the UP6100 offers a robust lifespan of over 6,000 cycles at 90 percent Depth of Discharge.</p>
</li>
<li>
<p data-path-to-node=""1,6,0""><b data-path-to-node=""1,6,0"" data-index-in-node=""0"">Intelligent Battery Management:</b> The integrated Smart BMS provides comprehensive protection against over-voltage, under-voltage, short circuits, and extreme temperature fluctuations.</p>
</li>
<li>
<p data-path-to-node=""1,7,0""><b data-path-to-node=""1,7,0"" data-index-in-node=""0"">Comprehensive Temperature Protection:</b> The system includes advanced safety features for both low and high-temperature charge and discharge environments.</p>
</li>
<li>
<p data-path-to-node=""1,8,0""><b data-path-to-node=""1,8,0"" data-index-in-node=""0"">Environmental Resilience:</b> This battery operates efficiently in discharge temperatures ranging from negative 20 degrees Celsius to 55 degrees Celsius.</p>
</li>
<li>
<p data-path-to-node=""1,9,0""><b data-path-to-node=""1,9,0"" data-index-in-node=""0"">Versatile Communication:</b> Equipped with RS485, CAN, and RS232 ports, the battery ensures precise data synchronization and easy integration with your solar power system.</p>
</li>
<li>
<p data-path-to-node=""1,10,0""><b data-path-to-node=""1,10,0"" data-index-in-node=""0"">Compact and Robust Design:</b> The unit features a space-saving enclosure weighing approximately 57kg, suitable for neat installation in standard battery cabinets or racks.</p>
</li>
<li>
<p data-path-to-node=""1,11,0""><b data-path-to-node=""1,11,0"" data-index-in-node=""0"">Long-Term Peace of Mind:</b> Your investment is backed by a comprehensive 10-year manufacturer warranty, ensuring years of reliable and maintenance-free operation.</p>
</li>
</ul>
</li>
</ul>","","","taxable","","1","","","0","0","","","","","1","","","18900.00","Lithium Batteries","Greenrich, lithium batteries, Lithium Battery","","https://sasolarexperts.co.za/wp-content/uploads/2026/03/up6.1.png","","","","","","","","","0","Greenrich","4125","https://sasolarexperts.co.za/product/6-1kwh-greenrich-lithium-battery-48v/"
"","simple","","Deye 16kWh Lithium Battery SE-F16","1","0","visible","<h3 data-path-to-node=""0""><b data-path-to-node=""0"" data-index-in-node=""0"">Deye SE-F16 16.12kWh Wall-Mount Lithium Battery Product Specifications</b></h3>
<ul data-path-to-node=""1"">
<li>
<p data-path-to-node=""1,0,0""><b data-path-to-node=""1,0,0"" data-index-in-node=""0"">High-Capacity Energy Storage:</b> The Deye SE-F16 is a high-performance energy storage solution that delivers a massive 16.12kWh of total energy, providing long-duration backup for large households and small commercial applications.</p>
</li>
<li>
<p data-path-to-node=""1,1,0""><b data-path-to-node=""1,1,0"" data-index-in-node=""0"">Premium LiFePO4 Chemistry:</b> Built using Cobalt-Free Lithium Iron Phosphate technology, this battery offers the highest level of safety, environmental friendliness, and thermal stability.</p>
</li>
</ul>","<h3 data-path-to-node=""0""><b data-path-to-node=""0"" data-index-in-node=""0"">Deye SE-F16 16.12kWh Wall-Mount Lithium Battery Product Specifications</b></h3>
<ul data-path-to-node=""1"">
<li>
<p data-path-to-node=""1,0,0""><b data-path-to-node=""1,0,0"" data-index-in-node=""0"">High-Capacity Energy Storage:</b> The Deye SE-F16 is a high-performance energy storage solution that delivers a massive 16.12kWh of total energy, providing long-duration backup for large households and small commercial applications.</p>
</li>
<li>
<p data-path-to-node=""1,1,0""><b data-path-to-node=""1,1,0"" data-index-in-node=""0"">Premium LiFePO4 Chemistry:</b> Built using Cobalt-Free Lithium Iron Phosphate technology, this battery offers the highest level of safety, environmental friendliness, and thermal stability.</p>
</li>
<li>
<p data-path-to-node=""1,2,0""><b data-path-to-node=""1,2,0"" data-index-in-node=""0"">Impressive Power Density:</b> With a nominal capacity of 314Ah and a nominal voltage of 51.2V, the SE-F16 is engineered to handle substantial energy demands with ease.</p>
</li>
<li>
<p data-path-to-node=""1,3,0""><b data-path-to-node=""1,3,0"" data-index-in-node=""0"">Superior Discharge Performance:</b> It supports a maximum continuous discharge current of 230A, allowing it to power large loads like multiple air conditioners, geysers, and heavy pumps from a single battery.</p>
</li>
<li>
<p data-path-to-node=""1,4,0""><b data-path-to-node=""1,4,0"" data-index-in-node=""0"">Extended Life Cycle:</b> Designed for extreme longevity, the SE-F16 provides over 6,000 charge and discharge cycles at 90 percent Depth of Discharge at 25 degrees Celsius.</p>
</li>
<li>
<p data-path-to-node=""1,5,0""><b data-path-to-node=""1,5,0"" data-index-in-node=""0"">Wide Operating Voltage:</b> The battery operates efficiently within a voltage range of 44.8V to 57.6V, ensuring reliable power delivery across its entire state-of-charge spectrum.</p>
</li>
<li>
<p data-path-to-node=""1,6,0""><b data-path-to-node=""1,6,0"" data-index-in-node=""0"">High Surge Reliability:</b> It features a peak discharge current capability of 280A for ten seconds, ensuring your system remains stable during the high-current startup phases of motorized appliances.</p>
</li>
<li>
<p data-path-to-node=""1,7,0""><b data-path-to-node=""1,7,0"" data-index-in-node=""0"">Intelligent Battery Management:</b> The sophisticated integrated BMS and active fuse provide full protection against over-voltage, under-voltage, over-current, and short circuits while actively balancing cells.</p>
</li>
<li>
<p data-path-to-node=""1,8,0""><b data-path-to-node=""1,8,0"" data-index-in-node=""0"">Automated Networking:</b> This model features intelligent auto-addressing, which simplifies installation by removing the need for manual DIP switch configurations when connecting multiple units.</p>
</li>
<li>
<p data-path-to-node=""1,9,0""><b data-path-to-node=""1,9,0"" data-index-in-node=""0"">Robust Wall-Mount Design:</b> The space-saving enclosure is designed for clean wall mounting or floor-standing installation, offering a professional appearance for modern energy rooms.</p>
</li>
<li>
<p data-path-to-node=""1,10,0""><b data-path-to-node=""1,10,0"" data-index-in-node=""0"">Advanced Communication:</b> Equipped with CAN 2.0 and RS485 ports, it ensures seamless data synchronization and remote monitoring when paired with Deye or Sunsynk hybrid inverters.</p>
</li>
<li>
<p data-path-to-node=""1,11,0""><b data-path-to-node=""1,11,0"" data-index-in-node=""0"">Massive Scalability:</b> You can scale your system for larger industrial needs by connecting up to 32 units in parallel, reaching a total capacity of over 500kWh.</p>
</li>
<li>
<p data-path-to-node=""1,12,0""><b data-path-to-node=""1,12,0"" data-index-in-node=""0"">Environmental Resilience:</b> The SE-F16 operates reliably in discharge temperatures ranging from negative 20 degrees Celsius to 55 degrees Celsius.</p>
</li>
<li>
<p data-path-to-node=""1,13,0""><b data-path-to-node=""1,13,0"" data-index-in-node=""0"">Long-Term Assurance:</b> Backed by a comprehensive 10-year manufacturer warranty when used within its specified operating parameters.</p>
</li>
</ul>","","","taxable","","1","","","0","0","","","","","1","","","30500.00","Lithium Batteries","Deye, lithium batteries, Lithium Battery","","https://sasolarexperts.co.za/wp-content/uploads/2026/03/Lithium-Battery-Deye-SE-F16-16kWh-Wall-Mount-1.jpg","","","","","","","","","0","Deye","4130","https://sasolarexperts.co.za/product/deye-f-16kw-lithium-battery/"
"","simple","","Dyness 14.3kWh Powerbrick Lithium Battery","1","0","visible","<h3 data-path-to-node=""0""><b data-path-to-node=""0"" data-index-in-node=""0"">Dyness PowerBrick 14.3kWh LiFePO4 Battery Product Specifications</b></h3>
<ul data-path-to-node=""1"">
<li>
<p data-path-to-node=""1,0,0""><b data-path-to-node=""1,0,0"" data-index-in-node=""0"">High-Capacity Energy Storage:</b> The Dyness PowerBrick is a premium, large-format Lithium Iron Phosphate (LiFePO4) battery designed to provide massive backup power for large residential and light commercial solar installations.</p>
</li>
</ul>","<h3 data-path-to-node=""0""><b data-path-to-node=""0"" data-index-in-node=""0"">Dyness PowerBrick 14.3kWh LiFePO4 Battery Product Specifications</b></h3>
<ul data-path-to-node=""1"">
<li>
<p data-path-to-node=""1,0,0""><b data-path-to-node=""1,0,0"" data-index-in-node=""0"">High-Capacity Energy Storage:</b> The Dyness PowerBrick is a premium, large-format Lithium Iron Phosphate (LiFePO4) battery designed to provide massive backup power for large residential and light commercial solar installations.</p>
</li>
<li>
<p data-path-to-node=""1,1,0""><b data-path-to-node=""1,1,0"" data-index-in-node=""0"">Massive Energy Density:</b> This unit delivers a nominal energy capacity of 14.336kWh with a high-capacity 280Ah rating, ensuring your home or business remains powered through extended outages.</p>
</li>
<li>
<p data-path-to-node=""1,2,0""><b data-path-to-node=""1,2,0"" data-index-in-node=""0"">Advanced Cell Technology:</b> Built with 280Ah high-capacity LFP cells, the PowerBrick offers 60 percent less volume and 25 percent less weight compared to traditional energy storage solutions of the same capacity.</p>
</li>
<li>
<p data-path-to-node=""1,3,0""><b data-path-to-node=""1,3,0"" data-index-in-node=""0"">Superior Power Performance:</b> It supports a maximum continuous discharge current of 200A, allowing it to deliver up to 10kW of continuous power to handle multiple high-demand appliances simultaneously.</p>
</li>
<li>
<p data-path-to-node=""1,4,0""><b data-path-to-node=""1,4,0"" data-index-in-node=""0"">Enhanced Surge Capability:</b> The battery is engineered to handle a peak discharge current of 300A for up to two minutes at 25 degrees Celsius, providing exceptional stability for heavy motorized startups.</p>
</li>
<li>
<p data-path-to-node=""1,5,0""><b data-path-to-node=""1,5,0"" data-index-in-node=""0"">Industry-Leading Cycle Life:</b> Designed for extreme durability, the PowerBrick offers over 6,000 cycles and is backed by a 10-year design life under standard operating conditions.</p>
</li>
<li>
<p data-path-to-node=""1,6,0""><b data-path-to-node=""1,6,0"" data-index-in-node=""0"">Optimized Deep Discharge:</b> The system supports a 95 percent Depth of Discharge (DOD), allowing you to safely utilize almost the entire energy capacity of the battery for maximum efficiency.</p>
</li>
<li>
<p data-path-to-node=""1,7,0""><b data-path-to-node=""1,7,0"" data-index-in-node=""0"">Integrated Smart Monitoring:</b> Many units come equipped with a built-in WiFi module and mobile app support, enabling real-time system monitoring and over-the-air firmware updates.</p>
</li>
<li>
<p data-path-to-node=""1,8,0""><b data-path-to-node=""1,8,0"" data-index-in-node=""0"">Unmatched Scalability:</b> You can easily expand your energy independence by connecting up to 32 units in parallel, reaching a total system capacity suitable for large-scale energy projects.</p>
</li>
<li>
<p data-path-to-node=""1,9,0""><b data-path-to-node=""1,9,0"" data-index-in-node=""0"">Safety First Design:</b> The unit features a sophisticated integrated BMS that provides full protection against over-voltage, over-current, short circuits, and extreme temperature fluctuations.</p>
</li>
<li>
<p data-path-to-node=""1,10,0""><b data-path-to-node=""1,10,0"" data-index-in-node=""0"">Seamless Inverter Integration:</b> Equipped with CAN and RS485 communication ports, the PowerBrick is fully compatible with leading brands including Deye, Sunsynk, Victron, and Luxpower.</p>
</li>
<li>
<p data-path-to-node=""1,11,0""><b data-path-to-node=""1,11,0"" data-index-in-node=""0"">Effortless Mobility:</b> The stylish floor-standing cabinet features integrated bottom wheels, making it significantly easier for installers to position and move the 114kg unit during setup.</p>
</li>
<li>
<p data-path-to-node=""1,12,0""><b data-path-to-node=""1,12,0"" data-index-in-node=""0"">Environmental Resilience:</b> This robust battery operates efficiently in charging temperatures from 0 degrees Celsius to 55 degrees Celsius and discharging temperatures from negative 20 degrees Celsius to 55 degrees Celsius.</p>
</li>
<li>
<p data-path-to-node=""1,13,0""><b data-path-to-node=""1,13,0"" data-index-in-node=""0"">Certified Global Standards:</b> The PowerBrick is fully certified under UN38.3, CE-EMC, and IEC62619, ensuring the highest international levels of safety and quality for your peace of mind.</p>
</li>
</ul>","","","taxable","","1","","","0","0","","","","","1","","","29513.00","Lithium Batteries","Dyness, lithium batteries, Lithium Battery","","https://sasolarexperts.co.za/wp-content/uploads/2026/03/Lithium-Battery-Dyness-14.3kWh-Powerbrick.jpg","","","","","","","","","0","Dyness","4133","https://sasolarexperts.co.za/product/dyness-14-3kwh-powerbrick-plus-lithium-battery/"
"","simple","","Deye SE-F5 5.12kWh Lithium Battery","1","0","visible","<h3 data-path-to-node=""0""><b data-path-to-node=""0"" data-index-in-node=""0"">Deye SE-F5 5.12kWh Wall-Mount Lithium Battery Product Specifications</b></h3>
<ul data-path-to-node=""1"">
<li>
<p data-path-to-node=""1,0,0""><b data-path-to-node=""1,0,0"" data-index-in-node=""0"">High-Performance LFP Chemistry:</b> The Deye SE-F5 is engineered with premium Cobalt-Free Lithium Iron Phosphate (LiFePO4) technology, providing superior safety, thermal stability, and a long service life for residential energy storage.</p>
</li>
<li>
<p data-path-to-node=""1,1,0""><b data-path-to-node=""1,1,0"" data-index-in-node=""0"">Standard Energy Capacity:</b> This unit delivers a nominal energy capacity of 5.12kWh with a 100Ah capacity, offering a reliable and compact backup solution for essential household circuits.</p>
</li>
</ul>","<div id=""model-response-message-contentr_4f2e6422ee50e45f"" class=""markdown markdown-main-panel stronger enable-updated-hr-color"" dir=""ltr"" aria-live=""polite"">
<h3 data-path-to-node=""0""><b data-path-to-node=""0"" data-index-in-node=""0"">Deye SE-F5 5.12kWh Wall-Mount Lithium Battery Product Specifications</b></h3>
<ul data-path-to-node=""1"">
<li>
<p data-path-to-node=""1,0,0""><b data-path-to-node=""1,0,0"" data-index-in-node=""0"">High-Performance LFP Chemistry:</b> The Deye SE-F5 is engineered with premium Cobalt-Free Lithium Iron Phosphate (LiFePO4) technology, providing superior safety, thermal stability, and a long service life for residential energy storage.</p>
</li>
<li>
<p data-path-to-node=""1,1,0""><b data-path-to-node=""1,1,0"" data-index-in-node=""0"">Standard Energy Capacity:</b> This unit delivers a nominal energy capacity of 5.12kWh with a 100Ah capacity, offering a reliable and compact backup solution for essential household circuits.</p>
</li>
<li>
<p data-path-to-node=""1,2,0""><b data-path-to-node=""1,2,0"" data-index-in-node=""0"">Optimized System Voltage:</b> Operating at a nominal 51.2V with an operating voltage range of 44.8V to 57.6V, the SE-F5 ensures seamless integration with 48V hybrid inverters, specifically optimized for Deye and Sunsynk systems.</p>
</li>
<li>
<p data-path-to-node=""1,3,0""><b data-path-to-node=""1,3,0"" data-index-in-node=""0"">Superior 1.2C Discharge Rate:</b> A significant technical advantage of the SE-F5 is its 120A maximum continuous discharge rate (1.2C), allowing a single module to support higher power demands compared to standard 0.5C or 1C batteries.</p>
</li>
<li>
<p data-path-to-node=""1,4,0""><b data-path-to-node=""1,4,0"" data-index-in-node=""0"">Robust Charge Capability:</b> The battery supports a maximum continuous charge current of 100A and a peak charge current of 120A for ten seconds, enabling rapid recharging when solar or grid power is available.</p>
</li>
<li>
<p data-path-to-node=""1,5,0""><b data-path-to-node=""1,5,0"" data-index-in-node=""0"">Enhanced Surge Reliability:</b> It is capable of handling a peak discharge current of 150A for ten seconds, providing excellent stability during the high-current startup phases of motorized appliances like pumps or compressors.</p>
</li>
<li>
<p data-path-to-node=""1,6,0""><b data-path-to-node=""1,6,0"" data-index-in-node=""0"">Industry-Leading Lifecycle:</b> Designed for high-frequency daily use, this battery offers a cycle life of over 6,000 cycles at 80 percent Depth of Discharge at 25 degrees Celsius.</p>
</li>
<li>
<p data-path-to-node=""1,7,0""><b data-path-to-node=""1,7,0"" data-index-in-node=""0"">Intelligent Battery Management:</b> The sophisticated integrated BMS features active fuse protection and provides full-spectrum defense against over-voltage, under-voltage, over-current, short circuits, and extreme temperature fluctuations.</p>
</li>
<li>
<p data-path-to-node=""1,8,0""><b data-path-to-node=""1,8,0"" data-index-in-node=""0"">Automated Networking:</b> Featuring intelligent auto-addressing functionality, the SE-F5 simplifies system installation and maintenance by removing the need for manual DIP switch configurations when connecting multiple units.</p>
</li>
<li>
<p data-path-to-node=""1,9,0""><b data-path-to-node=""1,9,0"" data-index-in-node=""0"">Flexible Installation Design:</b> The space-saving enclosure is designed for versatile mounting options, including wall-mounted, floor-mounted, or stack-mounted configurations to suit any power room layout.</p>
</li>
<li>
<p data-path-to-node=""1,10,0""><b data-path-to-node=""1,10,0"" data-index-in-node=""0"">Advanced Smart Monitoring:</b> Equipped with CAN 2.0, RS485, and Bluetooth communication, the battery supports real-time local and remote monitoring via the Deye Cloud and mobile application.</p>
</li>
<li>
<p data-path-to-node=""1,11,0""><b data-path-to-node=""1,11,0"" data-index-in-node=""0"">Massive Scalability:</b> You can easily grow your energy independence by connecting up to 32 units in parallel, allowing for a maximum total system capacity of approximately 163kWh.</p>
</li>
<li>
<p data-path-to-node=""1,12,0""><b data-path-to-node=""1,12,0"" data-index-in-node=""0"">Environmental Resilience:</b> This robust battery operates reliably in charging temperatures from 0 degrees Celsius to 55 degrees Celsius and discharging temperatures from negative 20 degrees Celsius to 55 degrees Celsius.</p>
</li>
<li>
<p data-path-to-node=""1,13,0""><b data-path-to-node=""1,13,0"" data-index-in-node=""0"">Certified Quality and Warranty:</b> Fully certified under international standards including CE, UN38.3, and IEC62619, the SE-F5 is backed by a 10-year manufacturer warranty for long-term peace of mind.</p>
</li>
</ul>
</div>","","","taxable","","1","","","0","0","","","","","1","","","12500.00","Lithium Batteries","Deye, lithium batteries, Lithium Battery","","https://sasolarexperts.co.za/wp-content/uploads/2026/03/Lithium-Battery-Deye-SE-F5-5.12kWh-1.jpg","","","","","","","","","0","Deye","4138","https://sasolarexperts.co.za/product/deye-se-f5-5-12kwh-lithium-battery/"
"","simple","","15.36kwh Toplink lithium battery","1","0","visible","<h3 data-path-to-node=""0""><b data-path-to-node=""0"" data-index-in-node=""0"">Toplink 15.36kWh (51.2V 300Ah) LiFePO4 Battery Product Specifications</b></h3>
<ul data-path-to-node=""1"">
<li>
<p data-path-to-node=""1,0,0""><b data-path-to-node=""1,0,0"" data-index-in-node=""0"">High-Capacity Energy Reservoir:</b> The Toplink 15.36kWh is a powerful, high-density Lithium Iron Phosphate (LiFePO4) battery designed for large-scale residential and commercial energy storage.</p>
</li>
<li>
<p data-path-to-node=""1,1,0""><b data-path-to-node=""1,1,0"" data-index-in-node=""0"">Massive Energy Density:</b> This unit features a significant nominal energy capacity of 15.36kWh with a high 300Ah rating, providing an extensive backup window for heavy electrical loads.</p>
</li>
</ul>","<div id=""model-response-message-contentr_eccd754e30a90c3e"" class=""markdown markdown-main-panel stronger enable-updated-hr-color"" dir=""ltr"" aria-live=""polite"">
<h3 data-path-to-node=""0""><b data-path-to-node=""0"" data-index-in-node=""0"">Toplink 15.36kWh (51.2V 300Ah) LiFePO4 Battery Product Specifications</b></h3>
<ul data-path-to-node=""1"">
<li>
<p data-path-to-node=""1,0,0""><b data-path-to-node=""1,0,0"" data-index-in-node=""0"">High-Capacity Energy Reservoir:</b> The Toplink 15.36kWh is a powerful, high-density Lithium Iron Phosphate (LiFePO4) battery designed for large-scale residential and commercial energy storage.</p>
</li>
<li>
<p data-path-to-node=""1,1,0""><b data-path-to-node=""1,1,0"" data-index-in-node=""0"">Massive Energy Density:</b> This unit features a significant nominal energy capacity of 15.36kWh with a high 300Ah rating, providing an extensive backup window for heavy electrical loads.</p>
</li>
<li>
<p data-path-to-node=""1,2,0""><b data-path-to-node=""1,2,0"" data-index-in-node=""0"">Standard Low-Voltage System:</b> Operating at a nominal 51.2V, the battery is fully compatible with major 48V hybrid inverter brands, including Deye, Sunsynk, and Victron.</p>
</li>
<li>
<p data-path-to-node=""1,3,0""><b data-path-to-node=""1,3,0"" data-index-in-node=""0"">Robust Discharge Performance:</b> It supports a maximum continuous discharge current of 200A, enabling the system to deliver over 10kW of power to handle multiple high-demand appliances simultaneously.</p>
</li>
<li>
<p data-path-to-node=""1,4,0""><b data-path-to-node=""1,4,0"" data-index-in-node=""0"">Efficient Charging Capability:</b> The battery accepts a maximum continuous charge current of 150A, allowing for rapid recharging when solar or grid power is available.</p>
</li>
<li>
<p data-path-to-node=""1,5,0""><b data-path-to-node=""1,5,0"" data-index-in-node=""0"">Exceptional Cycle Life:</b> Engineered for extreme longevity, this model offers a cycle life of over 6,000 cycles at 90 percent Depth of Discharge under standard operating conditions.</p>
</li>
<li>
<p data-path-to-node=""1,6,0""><b data-path-to-node=""1,6,0"" data-index-in-node=""0"">Intelligent Battery Management:</b> The sophisticated integrated BMS provides full-spectrum protection against over-voltage, over-charging, deep discharge, and short circuits.</p>
</li>
<li>
<p data-path-to-node=""1,7,0""><b data-path-to-node=""1,7,0"" data-index-in-node=""0"">Visual Status Monitoring:</b> The unit is equipped with a comprehensive display system, including an SOC status indicator, LED indicators, and an LCD screen for real-time performance tracking.</p>
</li>
<li>
<p data-path-to-node=""1,8,0""><b data-path-to-node=""1,8,0"" data-index-in-node=""0"">Mobile Installation Design:</b> The floor-standing enclosure often features integrated heavy-duty wheels, allowing for effortless positioning and mobility during installation or maintenance.</p>
</li>
<li>
<p data-path-to-node=""1,9,0""><b data-path-to-node=""1,9,0"" data-index-in-node=""0"">Advanced Communication Support:</b> Featuring RS232, RS485, and CAN communication ports, the battery ensures seamless data integration and remote monitoring through your inverter system.</p>
</li>
<li>
<p data-path-to-node=""1,10,0""><b data-path-to-node=""1,10,0"" data-index-in-node=""0"">Massive Scalability:</b> You can expand your energy system to industrial levels by connecting up to 63 units in parallel, reaching a maximum total capacity of nearly 968kWh.</p>
</li>
<li>
<p data-path-to-node=""1,11,0""><b data-path-to-node=""1,11,0"" data-index-in-node=""0"">Environmental Resilience:</b> This robust battery is designed to operate efficiently in discharge temperatures ranging from negative 20 degrees Celsius to 60 degrees Celsius.</p>
</li>
<li>
<p data-path-to-node=""1,12,0""><b data-path-to-node=""1,12,0"" data-index-in-node=""0"">Certified Global Safety:</b> The Toplink 15.36kWh is fully certified under international standards, including CE and UN38.3, ensuring high-quality safety and performance.</p>
</li>
<li>
<p data-path-to-node=""1,13,0""><b data-path-to-node=""1,13,0"" data-index-in-node=""0"">Long-Term Reliability:</b> Backed by a comprehensive 5-year or 10-year manufacturer warranty (depending on the specific series), providing a decade of maintenance-free energy storage.</p>
</li>
</ul>
</div>","","","taxable","","0","","","0","0","","","","","1","","","24880.00","Lithium Batteries","lithium batteries, Lithium Battery, toplink","","https://sasolarexperts.co.za/wp-content/uploads/2026/03/15.36kwh-.png","","","","","","","","","0","TopLink","4140","https://sasolarexperts.co.za/product/15-36kw-toplink-battery/"
"","simple","","Revov 5.1kwh 48v  Lithium Battery","1","0","visible","<h3 data-path-to-node=""0""><b data-path-to-node=""0"" data-index-in-node=""0"">REVOV 5.1kWh (B100 / R100) 48V Lithium Battery Product Specifications</b></h3>
<ul data-path-to-node=""1"">
<li>
<p data-path-to-node=""1,0,0""><b data-path-to-node=""1,0,0"" data-index-in-node=""0"">High-Performance LFP Technology:</b> The REVOV 5.1kWh battery (available in B100 1st-Life and R100 2nd-Life models) utilizes advanced Lithium Iron Phosphate (LiFePO4) chemistry to provide safe, stable, and long-lasting energy storage.</p>
</li>
<li>
<p data-path-to-node=""1,1,0""><b data-path-to-node=""1,1,0"" data-index-in-node=""0"">Optimal Energy Storage:</b> This unit delivers a nominal energy capacity of 5.12kWh with a 100Ah rating, serving as a reliable backbone for residential and commercial solar backup systems.</p>
</li>
</ul>","<div id=""model-response-message-contentr_6d061324689216d9"" class=""markdown markdown-main-panel stronger enable-updated-hr-color"" dir=""ltr"" aria-live=""polite"">
<h3 data-path-to-node=""0""><b data-path-to-node=""0"" data-index-in-node=""0"">REVOV 5.1kWh (B100 / R100) 48V Lithium Battery Product Specifications</b></h3>
<ul data-path-to-node=""1"">
<li>
<p data-path-to-node=""1,0,0""><b data-path-to-node=""1,0,0"" data-index-in-node=""0"">High-Performance LFP Technology:</b> The REVOV 5.1kWh battery (available in B100 1st-Life and R100 2nd-Life models) utilizes advanced Lithium Iron Phosphate (LiFePO4) chemistry to provide safe, stable, and long-lasting energy storage.</p>
</li>
<li>
<p data-path-to-node=""1,1,0""><b data-path-to-node=""1,1,0"" data-index-in-node=""0"">Optimal Energy Storage:</b> This unit delivers a nominal energy capacity of 5.12kWh with a 100Ah rating, serving as a reliable backbone for residential and commercial solar backup systems.</p>
</li>
<li>
<p data-path-to-node=""1,2,0""><b data-path-to-node=""1,2,0"" data-index-in-node=""0"">Standard System Voltage:</b> Operating at a nominal 51.2V, it is designed for full compatibility with 48V hybrid inverters, including industry-leading brands like Sunsynk, Deye, and Victron.</p>
</li>
<li>
<p data-path-to-node=""1,3,0""><b data-path-to-node=""1,3,0"" data-index-in-node=""0"">Powerful 1C Discharge Rate:</b> A significant technical advantage is its 100A maximum continuous discharge current, allowing a single battery module to handle high-demand loads up to 5kW.</p>
</li>
<li>
<p data-path-to-node=""1,4,0""><b data-path-to-node=""1,4,0"" data-index-in-node=""0"">Exceptional Lifecycle:</b> Built for extreme durability, the REVOV series offers an impressive design life of over 7,000 cycles, ensuring more than a decade of reliable daily cycling.</p>
</li>
<li>
<p data-path-to-node=""1,5,0""><b data-path-to-node=""1,5,0"" data-index-in-node=""0"">Superior Depth of Discharge:</b> The battery is engineered to support up to 100 percent Depth of Discharge, allowing you to maximize the usable energy without compromising the unit&#8217;s lifespan.</p>
</li>
<li>
<p data-path-to-node=""1,6,0""><b data-path-to-node=""1,6,0"" data-index-in-node=""0"">Intelligent Battery Management:</b> The integrated Smart BMS provides comprehensive protection against over-voltage, under-voltage, short circuits, and extreme temperature fluctuations while maintaining cell balance.</p>
</li>
<li>
<p data-path-to-node=""1,7,0""><b data-path-to-node=""1,7,0"" data-index-in-node=""0"">Visual Status Monitoring:</b> Most models feature a built-in LCD screen that provides real-time information on the State of Charge, voltage, and battery health for easy monitoring.</p>
</li>
<li>
<p data-path-to-node=""1,8,0""><b data-path-to-node=""1,8,0"" data-index-in-node=""0"">Versatile Installation Options:</b> The compact and modular design is suitable for both wall-mounted and 19-inch rack-mounted installations, making it adaptable to any power room layout.</p>
</li>
<li>
<p data-path-to-node=""1,9,0""><b data-path-to-node=""1,9,0"" data-index-in-node=""0"">Advanced Communication Support:</b> Equipped with CAN-bus and RS485 communication ports, the battery ensures seamless data synchronization and optimized charging with your inverter.</p>
</li>
<li>
<p data-path-to-node=""1,10,0""><b data-path-to-node=""1,10,0"" data-index-in-node=""0"">Massive Scalability:</b> You can easily expand your system by connecting up to 16 units in parallel, reaching a total system capacity of over 80kWh.</p>
</li>
<li>
<p data-path-to-node=""1,11,0""><b data-path-to-node=""1,11,0"" data-index-in-node=""0"">Environmental Resilience:</b> This robust battery is designed to operate efficiently in discharge temperatures ranging from negative 20 degrees Celsius to 60 degrees Celsius.</p>
</li>
<li>
<p data-path-to-node=""1,12,0""><b data-path-to-node=""1,12,0"" data-index-in-node=""0"">Certified Quality and Warranty:</b> Fully certified for safety and performance, the REVOV 5.1kWh is backed by a comprehensive 10-year manufacturer warranty for long-term peace of mind.</p>
</li>
</ul>
</div>","","","taxable","","0","","","0","0","","","","","1","","","12225.00","Lithium Batteries","lithium batteries, Lithium Battery, Revov","","https://sasolarexperts.co.za/wp-content/uploads/2026/03/revov-5.1kwh-48v-Lithium-Battery.jpg","","","","","","","","","0","Revov","4142","https://sasolarexperts.co.za/product/revov-5-1kwh-48v-lithium-battery/"
"","simple","","Sinotec 5.1kWh 51.2V 100Ah Lithium Battery","1","0","visible","<p>5.1kWh (51.2V 100Ah) Lithium Battery Product Specifications<br />
High-Efficiency LFP Chemistry: This battery utilizes advanced Lithium Iron Phosphate (LiFePO4) technology, ensuring exceptional safety, thermal stability, and an environmentally friendly energy storage solution.</p>
<p>Reliable Energy Capacity: The unit provides a nominal energy capacity of 5.12kWh with a 100Ah rating, offering dependable backup power for essential household circuits and office equipment.</p>","<p>5.1kWh (51.2V 100Ah) Lithium Battery Product Specifications<br />
High-Efficiency LFP Chemistry: This battery utilizes advanced Lithium Iron Phosphate (LiFePO4) technology, ensuring exceptional safety, thermal stability, and an environmentally friendly energy storage solution.</p>
<p>Reliable Energy Capacity: The unit provides a nominal energy capacity of 5.12kWh with a 100Ah rating, offering dependable backup power for essential household circuits and office equipment.</p>
<p>Standard System Voltage: Operating at a nominal 51.2V, the battery is engineered for seamless compatibility with most 48V hybrid inverters, including popular South African brands like Deye, Sunsynk, and Victron.</p>
<p>Optimal Discharge Performance: It supports a maximum continuous discharge current of 100A (1C rate), allowing a single battery module to comfortably power loads up to 5kW during outages.</p>
<p>Deep-Cycle Longevity: Designed for daily use, this battery typically offers over 6,000 charge and discharge cycles at 80 percent to 90 percent Depth of Discharge, providing a service life of 10 years or more.</p>
<p>Intelligent Battery Management: The integrated Smart BMS continuously monitors cell performance, protecting the system against over-charging, over-discharging, short circuits, and extreme temperature fluctuations.</p>
<p>Versatile Mounting Design: Its compact and modular design is suitable for both standard 19-inch rack-mount installations and wall-mounted setups, providing flexibility for any power room.</p>
<p>Seamless Communication Interface: Equipped with CAN, RS485, and RS232 communication ports, the battery ensures precise data synchronization and easy monitoring through your inverter’s platform.</p>
<p>Plug-and-Play Scalability: You can easily expand your system by connecting multiple units in parallel (typically up to 16 modules) to grow your energy storage as your requirements increase.</p>
<p>Fast Charging Capability: The battery supports high charge currents (up to 100A peak), allowing for rapid replenishment of energy when solar or grid power is available.</p>
<p>Environmental Resilience: Engineered to handle varied conditions, the unit operates efficiently in discharge temperatures ranging from negative 20 degrees Celsius to 55 degrees Celsius.</p>
<p>Certified Global Standards: This battery technology is fully certified under international safety standards, including IEC62619, CE, and UN38.3, ensuring top-tier reliability for your home or business.</p>","","","taxable","","0","","","0","0","","","","","1","","","8400.00","Lithium Batteries","lithium batteries, Lithium Battery, Sinotec","","https://sasolarexperts.co.za/wp-content/uploads/2026/03/Lithium-Battery-5.1kWh-51.2V-100Ah-image-3.png, https://sasolarexperts.co.za/wp-content/uploads/2026/03/Lithium-Battery-5.1kWh-51.2V-100Ah.png, https://sasolarexperts.co.za/wp-content/uploads/2026/03/Lithium-Battery-5.1kWh-51.2V-100Ah-image-2.png","","","","","","","","","0","Sinotec","4147","https://sasolarexperts.co.za/product/sinotec-5-1kwh-51-2v-100ah-lithium-battery/"
"","simple","","10.24KWH Toplink lithium battery","1","0","visible","","<p><strong>TOPLINK 10.24kWh Lithium Battery</strong></p>
<p>The Toplink 10.24kWh Lithium Battery is a reliable and high-performance energy storage solution designed for residential, commercial, and backup power applications. Built with advanced LiFePO₄ technology, it delivers exceptional safety, long cycle life, and stable performance. Its intelligent BMS protects the battery while ensuring seamless communication with leading inverter brands. With a sleek modern design, integrated display, and high energy capacity, the Toplink 10.24kWh battery provides dependable power for homes, businesses, and solar energy systems, helping reduce electricity costs and maximize energy independence.</p>
<p><strong>Key Features</strong><br />
✔ 10.24kWh High-Capacity Energy Storage<br />
✔ Advanced LiFePO₄ Battery Technology<br />
✔ Intelligent Built-in BMS Protection<br />
✔ Long Service Life – 6000+ Cycles<br />
✔ Compatible with Most Major Inverter Brands<br />
✔ Real-Time LCD Monitoring Display<br />
✔ Safe, Stable &amp; Maintenance-Free Operation<br />
✔ Ideal for Homes, Offices &amp; Commercial Applications<br />
✔ Wall-Mount or Floor-Standing Installation<br />
✔ Designed for Solar &amp; Backup Power Systems</p>
<p><strong>Specifications</strong></p>
<ul>
<li>Battery Type: LiFePO₄ (Lithium Iron Phosphate)</li>
<li>Nominal Voltage: 51.2V</li>
<li>Capacity: 200Ah</li>
<li>Energy: 10.24kWh</li>
<li>Communication: CAN / RS485</li>
<li>Cycle Life: 6000+ Cycles @ 80% DOD</li>
<li>Design Life: Up to 15 Years</li>
<li>Protection: Smart BMS</li>
<li>Installation: Wall-Mount / Floor Standing</li>
<li>Warranty: 10 Years Company Repair Warranty</li>
</ul>
<p><strong>Powering Tomorrow, Today.</strong> ⚡🔋<br />
<strong>Manufactured by Toplink – Exclusively from SA Solar Experts.</strong></p>","","","taxable","","1","","","0","0","","","","","1","","","20100.00","Lithium Batteries","lithium batteries, toplink","","https://sasolarexperts.co.za/wp-content/uploads/2026/03/10.24KWH-.png","","","","","","","","","0","TopLink","4166","https://sasolarexperts.co.za/product/toplink-10-24kwh-battery-special-offer/"
"","simple","","JA Solar 625W Bifacial Mono Solar Panel","1","0","visible","<p>The <b data-path-to-node=""3"" data-index-in-node=""4"">DeepBlue 4.0 Pro</b> series represents the cutting edge of solar technology. <span class=""citation-15"">By utilizing </span><b data-path-to-node=""3"" data-index-in-node=""90""><span class=""citation-15"">N-Type TOPCon</span></b><span class=""citation-15""> cells and a </span><b data-path-to-node=""3"" data-index-in-node=""116""><span class=""citation-15"">Bifacial Double-Glass</span></b><span class=""citation-15 citation-end-15""> design, this panel generates power from both sides, significantly increasing your energy yield and providing a faster return on investment.</span></p>","<p>The JA Solar 625W Bi-Facial N-Type Solar Panel (Model: JAM66D45 LB N-TYPE) is engineered for high performance, reliability, and maximum energy generation. Designed with cutting-edge Multi-Busbar (MBB) Half-Cell Technology, this bi-facial solar panel enhances efficiency, durability, and energy yield, making it an ideal choice for residential, commercial, and utility-scale solar projects.</p>
<p>Superior Efficiency &amp; Power Output<br />
With an impressive cell conversion efficiency of up to 26%, the JA Solar 625W Bi-Facial Panel ensures superior power generation. The N-Type solar cells provide excellent temperature coefficients and significantly reduce Light-Induced Degradation (LID), ensuring stable and long-term performance.</p>
<p>Bi-Facial Technology for Higher Energy Yield<br />
Unlike conventional solar panels, this bi-facial solar panel captures sunlight from both the front and rear sides, generating additional power from reflected sunlight. This feature significantly increases the overall energy output, maximizing energy efficiency and return on investment (ROI).</p>
<p>Key Features &amp; Benefits:<br />
✔ Higher Power Generation – The advanced MBB Half-Cell Technology reduces resistance losses, improving overall energy yield.<br />
✔ Better Levelized Cost of Energy (LCOE) – Achieve lower energy costs over the panel’s lifetime with higher efficiency and minimal degradation.<br />
✔ N-Type with Very Low LID – Unlike P-Type panels, N-Type technology minimizes power loss due to degradation, ensuring long-term reliability.<br />
✔ Better Temperature Coefficient – Performs efficiently in high-temperature conditions, making it ideal for hot climates.<br />
✔ Superior Low Irradiance Response – Delivers enhanced performance even in low-light conditions such as cloudy weather or early morning/late evening hours.</p>
<p>Why Choose the JA Solar 625W Bi-Facial Panel?<br />
This bi-facial solar panel is perfect for large-scale solar installations where maximizing power generation is key. Whether you’re installing on rooftops, ground-mounted systems, or solar farms, its high efficiency and dual-side power generation ensure optimal energy output and faster ROI.</p>
<p>Upgrade your solar power system today with the JA Solar 625W Bi-Facial N-Type Solar Panel—a next-generation solution for sustainable and cost-effective energy!</p>
<p>Specifications :</p>
<p>Nominal Max. Power (Pmax) 625 W<br />
Open Circuit Voltage (Voc) 48.70V<br />
Opt. Operating Voltage (Vmp) 40.45 V<br />
Short Circuit Current (Isc) 16.15 A<br />
Opt. Operating Current (Imp) 15.45 A<br />
Module Efficiency (%) 23.1</p>
<p>Size :</p>
<p>2382 x 1134 x 30mm</p>
<p>Product Warranty: 12 Years.<br />
Power Warranty: 30 Years.<br />
Power Output Guarantee:<br />
Year 1: 99% of initial power.<br />
Year 30: 87.4% of initial power.<br />
Degradation Rate: 0.4% annual degradation after the first year.</p>","","","taxable","","0","","","0","0","","","","","1","","","1760.00","Solar Panels","JA Solar, JA solar panels","","https://sasolarexperts.co.za/wp-content/uploads/2026/04/625w-JA.png","","","","","","","","","0","JA Solar Panels","4195","https://sasolarexperts.co.za/product/ja-solar-625w-bifacial-mono/"
"","simple","","SVolt 48V 220AH 10.56KWH Lithium Battery","1","0","visible","<p>SVolt 48V 220AH 10.56KWH Lithium Battery SCN48220</p>
<p>The SVolt 48V 220AH 10.56KWH Lithium Battery SCN48220 is manufactured by a world-leading manufacturer SVOLT which is joined with the Haval Motor Group which we all know are extremely recognized for their vehicles, using A-Grade Battery cells. This allows superior performance, capacity, and reliability. Using state of high power A-Grade cell technology, the Lithium Battery is designed for environmentally sensitive areas and is committed to recycling.</p>","<p>SVolt 48V 220AH 10.56KWH Lithium Battery SCN48220</p>
<p>The SVolt 48V 220AH 10.56KWH Lithium Battery SCN48220 is manufactured by a world-leading manufacturer SVOLT which is joined with the Haval Motor Group which we all know are extremely recognized for their vehicles, using A-Grade Battery cells. This allows superior performance, capacity, and reliability. Using state of high power A-Grade cell technology, the Lithium Battery is designed for environmentally sensitive areas and is committed to recycling.</p>
<p>The SVOLT A-Grade Lithium Battery is widely used in industrial, residential, commercial, and private applications. The maintenance-free construction and advanced design features make the Lithium Battery the definitive choice for a wide variety of markets – Like solar and renewable energy storage for electric vehicles, industrial equipment, medical equipment, telecommunications, TVs, and UPS systems.</p>
<p>Features – SVolt 48V 220AH 10.56KWH Lithium Battery SCN48220:<br />
A-Grade Cell Technology<br />
Maintenance-free<br />
Environmental Friendly<br />
Wide Variety of Markets<br />
Renewable Energy<br />
Built-in Battery Management System</p>
<p>Wide Variety of Markets<br />
Renewable Energy<br />
Built-in Battery Management System<br />
5-year Warranty<br />
Specifications – SVolt 48V 220AH 10.56KWH Lithium Battery SCN48220:<br />
Energy: 10.56kWh<br />
Battery Type-Chemistry: LiFePO4<br />
Nominal Voltage: 48V<br />
Nominal Capacity: 220Ah<br />
Rated Energy: 10.56kWh<br />
Terminal Type: SCREW<br />
Case Material: SPCC<br />
BMS Built-in: Yes<br />
LCD Screen<br />
Internal Resistance: &lt;25mΩ Efficiency – Round Trip: &gt;95%<br />
Self Discharge per Month: &lt;3% Max Parallel Connectors: 16Pcs Series Connections: Not Allowed Cycle Life: &gt;6000 Cycles<br />
Discharge Temperature: -20°C to 60°C<br />
Charge Temperature: 0°C to 55°C<br />
Storage Temperature: -10°C to 30°C<br />
Voltage Window: 40.5V – 54.75V<br />
Recommended Charge Voltage: 52.5 ±0.20V<br />
Max Charge Voltage: 54.75 ±0.20V<br />
Recommended Charge Current: 50A<br />
Max Continuous Charge Current: 200A<br />
Recommended Discharge Voltage: 42 ±0.20V<br />
Max Discharging Voltage: 40.05 ±0.20V<br />
Max Continuous Discharge Current: 200A<br />
Peak Discharge Current: 250A<br />
Dimensions: L 794 x W 499 x H420 mm<br />
Weight: 101.8Kg</p>","","","taxable","","1","","","0","0","","","","","1","","","22800.00","Lithium Batteries","Lithium Battery, svolt","","https://sasolarexperts.co.za/wp-content/uploads/2026/04/SVolt-10.56kwh-Lithium-Battery-48V-220AH-SCN48220.webp","","","","","","","","","0","SVolt","4203","https://sasolarexperts.co.za/product/svolt-48v-220ah-10-56kwh-lithium-battery/"
"","simple","","Luxpower Eco Beast All -in-One Inverter Battery Combo 6kW-10kWh","1","0","visible","<p>The Luxpower Eco Beast is a cutting-edge all-in-one energy storage system combining a powerful 6kW hybrid solar inverter with a 10kWh battery bank and is crafted to cater to both residential and small commercial needs. The Eco Beast ensures maximum power efficiency by seamlessly integrating solar energy, battery storage, and grid power, giving you complete energy flexibility.</p>","<p>The Luxpower Eco Beast is a cutting-edge all-in-one energy storage system combining a powerful 6kW hybrid solar inverter with a 10kWh battery bank and is crafted to cater to both residential and small commercial needs. The Eco Beast ensures maximum power efficiency by seamlessly integrating solar energy, battery storage, and grid power, giving you complete energy flexibility.</p>
<h3><strong>Key Features:</strong></h3>
<ul>
<li><strong>Hybrid System:</strong> Combines solar, battery, and grid energy for optimal power usage.</li>
<li><strong>Smart Monitoring:</strong> Equipped with battery module-level monitoring, remote firmware updates, and real-time energy management.</li>
<li><strong>On/Off-Grid Switching:</strong> Seamlessly switches between grid and off-grid power sources.</li>
<li><strong>Robust Power Handling:</strong> Capable of handling up to 9kW of PV input, with dual MPPT inputs for increased efficiency.</li>
<li><strong>Remote Management:</strong> Control and monitor your system remotely via Wi-Fi/RS485/CAN connectivity.</li>
</ul>
<h3><strong>Specifications:</strong></h3>
<ul>
<li><strong>PV Input:</strong> Max. PV array power of 9kW with 2 MPPTs, suitable for maximizing energy harvesting.</li>
<li><strong>Battery System:</strong> 10kWh Lithium-ion battery, expandable with up to 8 units in parallel for flexible energy storage.</li>
<li><strong>Inverter Performance:</strong> Rated power output of 6kW with pure sine wave output and peak efficiency of 93%.</li>
<li><strong>Switching Time:</strong> Typical switching time is less than 10 ms, ensuring a near-instant response during power outages.</li>
<li><strong>Protection &amp; Certification:</strong> IP20 rating, CE and UN38.3 certified, ensuring safety and reliability.</li>
<li><strong>Cooling:</strong> Smart cooling system for efficient thermal management.</li>
<li><strong>Dimensions &amp; Weight:</strong> Inverter dimensions (580mm x 434mm x 165mm), battery dimensions (580mm x 1300mm x 165mm), and combined weight of 125.4 kg.</li>
</ul>
<p>Whether you’re looking to save on electricity costs, ensure backup power during outages, or reduce your carbon footprint, the Luxpower Eco Beast is the versatile, efficient, and eco-friendly choice for those serious about energy management.</p>","","","taxable","","1","","","0","0","","","","","1","","","31423.00","Batteries, Inverters","battery, inverter, LuxPower","","https://sasolarexperts.co.za/wp-content/uploads/2026/04/Luxpower-Ecco-beast-All-in-one-6kw-inverter-and-10kw-batter.png","","","","","","","","","0","Luxpower","4217","https://sasolarexperts.co.za/product/luxpower-eco-beast-all-in-one-inverter-battery-combo-6kw-10kwh/"
"","simple","","4kva Must 24V hybrid Inverter","1","0","visible","<p>The <strong data-start=""134"" data-end=""185"">MUST PV1800 PREM Series (Model: PV18-4024 PREM)</strong> is a high-efficiency, multi-function <strong data-start=""223"" data-end=""240"">MUST inverter</strong> that integrates a powerful inverter, a 100A MPPT solar charge controller, and a battery charger—all in one compact, user-friendly unit. Designed for off-grid and hybrid solar systems, this inverter is an ideal choice for homeowners and installers looking for reliability, flexibility, and smart energy control.</p>","<p data-start=""0"" data-end=""128""><strong data-start=""0"" data-end=""92"">MUST Inverter 4KW 24V with 100A MPPT &amp; WiFi – PV1800 PREM Series (Model: PV18-4024 PREM)</strong><br data-start=""92"" data-end=""95"" /><strong data-start=""95"" data-end=""128"">Reliable Power, Smart Control</strong></p>
<p data-start=""130"" data-end=""551"">The <strong data-start=""134"" data-end=""185"">MUST PV1800 PREM Series (Model: PV18-4024 PREM)</strong> is a high-efficiency, multi-function <strong data-start=""223"" data-end=""240"">MUST inverter</strong> that integrates a powerful inverter, a 100A MPPT solar charge controller, and a battery charger—all in one compact, user-friendly unit. Designed for off-grid and hybrid solar systems, this inverter is an ideal choice for homeowners and installers looking for reliability, flexibility, and smart energy control.</p>
<p data-start=""553"" data-end=""986"">With a <strong data-start=""560"" data-end=""585"">pure sine wave output</strong> and a robust <strong data-start=""599"" data-end=""634"">400V/450V open circuit PV input</strong>, the system ensures maximum solar energy utilization. It can also <strong data-start=""701"" data-end=""730"">operate without a battery</strong>, offering greater adaptability in various energy scenarios. The <strong data-start=""795"" data-end=""817"">built-in 100A MPPT</strong> solar charger maximizes energy harvest from solar panels, while <strong data-start=""882"" data-end=""901"">dual AC outputs</strong> allow smart load management—prioritizing essential appliances when power is limited.</p>
<p data-start=""988"" data-end=""1011"">Smart features include:</p>
<ul data-start=""1012"" data-end=""1328"">
<li data-start=""1012"" data-end=""1070"">
<p data-start=""1014"" data-end=""1070""><strong data-start=""1014"" data-end=""1029"">LCD Display</strong> for real-time system settings and status</p>
</li>
<li data-start=""1071"" data-end=""1136"">
<p data-start=""1073"" data-end=""1136""><strong data-start=""1073"" data-end=""1109"">Built-in WiFi &amp; Bluetooth module</strong> for easy remote monitoring</p>
</li>
<li data-start=""1137"" data-end=""1200"">
<p data-start=""1139"" data-end=""1200""><strong data-start=""1139"" data-end=""1168"">BMS communication via CAN</strong> for lithium battery integration</p>
</li>
<li data-start=""1201"" data-end=""1246"">
<p data-start=""1203"" data-end=""1246""><strong data-start=""1203"" data-end=""1246"">USB, RS485, and CAN communication ports</strong></p>
</li>
<li data-start=""1247"" data-end=""1328"">
<p data-start=""1249"" data-end=""1328""><strong data-start=""1249"" data-end=""1272"">Cold start function</strong>, overload, short circuit, and deep discharge protection</p>
</li>
</ul>
<p data-start=""1330"" data-end=""1547"">Whether used in a solar system, battery backup setup, or a combination of both, the <strong data-start=""1414"" data-end=""1439"">MUST inverter 4KW 24V</strong> delivers consistent and intelligent power supply, ensuring energy independence with modern control options.</p>
<p>&nbsp;</p>","","","taxable","","1","","","0","0","","","","","1","","","4300.00","Inverters","inverter, Must","","https://sasolarexperts.co.za/wp-content/uploads/2026/04/MUST_4KW_24V_INVERTER-removebg-preview.png","","","","","","","","","0","Must","4219","https://sasolarexperts.co.za/product/must-4kw-24v-inverter/"
"","simple","","16.07kwh Dyness powerbrick plus lithium battery","1","0","visible","<p>The <strong data-start=""70"" data-end=""112"">DYNESS PowerBrick PLUS 16.07kWh Battery</strong> is a high-performance, low-voltage energy storage solution designed for reliable residential and light commercial applications. Built with advanced LiFePO4 technology, this <strong data-start=""286"" data-end=""296"">DYNESS</strong> battery offers superior safety, long lifespan, and consistent power delivery. Whether used for backup power or integrated into a solar system, the PowerBrick Plus ensures dependable energy storage to keep your home running smoothly.</p>","<h2 data-section-id=""8ej1mg"" data-start=""0"" data-end=""41"">DYNESS PowerBrick PLUS 16.07kWh Battery</h2>
<h3 data-section-id=""f0xuy6"" data-start=""43"" data-end=""65"">Product Overview</h3>
<p data-start=""66"" data-end=""528"">The <strong data-start=""70"" data-end=""112"">DYNESS PowerBrick PLUS 16.07kWh Battery</strong> is a high-performance, low-voltage energy storage solution designed for reliable residential and light commercial applications. Built with advanced LiFePO4 technology, this <strong data-start=""286"" data-end=""296"">DYNESS</strong> battery offers superior safety, long lifespan, and consistent power delivery. Whether used for backup power or integrated into a solar system, the PowerBrick Plus ensures dependable energy storage to keep your home running smoothly.</p>
<p data-start=""530"" data-end=""869"">With a base capacity of approximately 16kWh and the ability to scale up to an impressive 803kWh by connecting up to 50 units in parallel, this system is perfect for both current and future energy needs. Its IP65-rated enclosure allows for flexible indoor or outdoor installation, providing durability and protection against dust and water.</p>
<p data-start=""871"" data-end=""1164"">Designed with high-capacity 314Ah cells, the <strong data-start=""916"" data-end=""941"">DYNESS PowerBrick PLUS</strong> delivers stable performance and an extended cycle life of over 8000 cycles, making it a cost-effective long-term investment. Its compact and robust structure ensures efficient space usage while maintaining powerful output.</p>
<h3 data-section-id=""1sboupi"" data-start=""1171"" data-end=""1189"">Key Features</h3>
<ul data-start=""1190"" data-end=""1662"">
<li data-section-id=""d2pmao"" data-start=""1190"" data-end=""1263"">High-capacity <strong data-start=""1206"" data-end=""1225"">16.07kWh DYNESS</strong> battery for reliable energy storage</li>
<li data-section-id=""ahyjxu"" data-start=""1264"" data-end=""1330"">Scalable system: up to <strong data-start=""1289"" data-end=""1328"">50 units in parallel (up to 803kWh)</strong></li>
<li data-section-id=""1fuzcf6"" data-start=""1331"" data-end=""1400"">Advanced <strong data-start=""1342"" data-end=""1364"">LiFePO4 technology</strong> for enhanced safety and longevity</li>
<li data-section-id=""vw27lw"" data-start=""1401"" data-end=""1440"">Long lifespan with <strong data-start=""1422"" data-end=""1438"">≥8000 cycles</strong></li>
<li data-section-id=""1xvrn77"" data-start=""1441"" data-end=""1507""><strong data-start=""1443"" data-end=""1469"">IP65 protection rating</strong> for indoor and outdoor installation</li>
<li data-section-id=""1tz9x5r"" data-start=""1508"" data-end=""1575"">Built with <strong data-start=""1521"" data-end=""1550"">314Ah high-capacity cells</strong> for stable performance</li>
<li data-section-id=""1i8k476"" data-start=""1576"" data-end=""1619"">Compact design: <strong data-start=""1594"" data-end=""1617"">43.5 × 23.5 × 85 cm</strong></li>
<li data-section-id=""1mgbr60"" data-start=""1620"" data-end=""1662"">Durable build with a weight of <strong data-start=""1653"" data-end=""1662"">119kg</strong></li>
<li data-section-id=""1mgbr60"" data-start=""1620"" data-end=""1662"">Wheels are optional extra for Battery [<strong>contact sales department to enquire</strong>]</li>
</ul>
<h3 data-section-id=""17tovxr"" data-start=""1669"" data-end=""1687"">Applications</h3>
<ul data-start=""1688"" data-end=""1825"">
<li data-section-id=""b2p38i"" data-start=""1688"" data-end=""1724"">Residential solar energy storage</li>
<li data-section-id=""1fe0nrj"" data-start=""1725"" data-end=""1749"">Backup power systems</li>
<li data-section-id=""1cjbogq"" data-start=""1750"" data-end=""1787"">Off-grid and hybrid installations</li>
<li data-section-id=""15513ab"" data-start=""1788"" data-end=""1825"">Small commercial energy solutions</li>
</ul>
<h3 data-section-id=""1iy0r9w"" data-start=""1832"" data-end=""1856"">Why Choose DYNESS?</h3>
<p data-start=""1857"" data-end=""2130"">The <strong data-start=""1861"" data-end=""1903"">DYNESS PowerBrick PLUS 16.07kWh Battery</strong> offers a perfect balance of power, scalability, and durability. With its flexible expansion capabilities and long-lasting performance, it is an ideal choice for anyone looking to invest in a future-proof energy storage system.</p>","","","taxable","","1","","","0","0","","","","","1","","","32600.00","Batteries","batteries, battery, Dyness","","https://sasolarexperts.co.za/wp-content/uploads/2026/04/Dyness_power_brick_plus_16.07kwh_battery-removebg-preview.png","","","","","","","","","0","Dyness","4222","https://sasolarexperts.co.za/product/dyness-power-brick-plus-16-07kwh-battery/"
"","simple","","10.2kva SUN (S-2502) Hybrid Solar Inverter","1","0","visible","<p>Key Features<br />
* Pure Sine Wave Output: Provides stable and reliable power for sensitive electronics.<br />
* Hybrid Functionality: Manages power from Solar, AC (Grid), and Battery sources.<br />
* Smart LCD Display: Allows for easy monitoring and system control.<br />
* Multiple Protections: Built-in safeguards for safety and durability.</p>","<p>Key Features<br />
* Pure Sine Wave Output: Provides stable and reliable power for sensitive electronics.<br />
* Hybrid Functionality: Manages power from Solar, AC (Grid), and Battery sources.<br />
* Smart LCD Display: Allows for easy monitoring and system control.<br />
* Multiple Protections: Built-in safeguards for safety and durability.<br />
* Use Cases: Designed as a load-shedding solution, for uninterrupted power supply, and to save on electricity bills for homes and businesses.<br />
Technical Specifications<br />
General &amp; PV Input<br />
* Model: S-2502 (White and Black)<br />
* Operating Temp: -10°C to 50°C<br />
* Nominal Operating Voltage: 360Vdc<br />
* Maximum PV Voltage (Vmax): 500Vdc<br />
* PV Input Voltage Range: 90~450Vdc<br />
* Maximum PV Input Power: 5400W + 5400W<br />
* Max Solar Charging Current: 160A<br />
Battery &amp; AC Input<br />
* Battery Voltage: 48VDC<br />
* Maximum Battery Current: 212.5A<br />
* Nominal AC Input Voltage: 230Vac<br />
* Maximum Input Current: 60A<br />
* Surge Power: 20400VA<br />
Output Data<br />
* Grid/AC Output Voltage: 220/230/240Vac<br />
* Efficiency: Maximum conversion efficiency of 98%<br />
* Full Load Power: 10200W<br />
* Main Load Cut Off/Return: 52VDC / 54VDC</p>
<p>Warranty: 1-Year Repair Warranty</p>","","","taxable","","0","","","0","0","","","","","1","","","7799.00","Inverters","inverter, sun","","https://sasolarexperts.co.za/wp-content/uploads/2026/04/sun-10.2kw-hybrid-solar-inverter.jpeg","","","","","","","","","0","SUN","4238","https://sasolarexperts.co.za/product/sun-s-2502-hybrid-solar-inverter/"
"","simple","","16.07KWH Dyness powerbrick Max lithium battery","1","0","visible","<h3 data-path-to-node=""0""><b data-path-to-node=""0"" data-index-in-node=""0"">Dyness PowerBrick Max (16.07kWh) Product Specifications</b></h3>
<ul data-path-to-node=""1"">
<li>
<p data-path-to-node=""1,0,0""><b data-path-to-node=""1,0,0"" data-index-in-node=""0"">Battery Type:</b><span class=""citation-196 citation-end-196""> Lithium Iron Phosphate (LiFePO4)</span></p>
<div class=""source-inline-chip-container ng-star-inserted""></div>
</li>
<li>
<p data-path-to-node=""1,1,0""><b data-path-to-node=""1,1,0"" data-index-in-node=""0""><span class=""citation-195"">Nominal Energy:</span></b><span class=""citation-195 citation-end-195""> 16.07 kWh</span></p>
<div class=""source-inline-chip-container ng-star-inserted""></div>
</li>
<li>
<p data-path-to-node=""1,2,0""><b data-path-to-node=""1,2,0"" data-index-in-node=""0""><span class=""citation-194"">Usable Energy:</span></b><span class=""citation-194 citation-end-194""> 15.27 kWh</span></p>
<div class=""source-inline-chip-container ng-star-inserted""></div>
</li>
<li>
<p data-path-to-node=""1,3,0""><b data-path-to-node=""1,3,0"" data-index-in-node=""0""><span class=""citation-193"">Nominal Capacity:</span></b><span class=""citation-193 citation-end-193""> 314 Ah</span></p>
<div class=""source-inline-chip-container ng-star-inserted""></div>
</li>
<li>
<p data-path-to-node=""1,4,0""><b data-path-to-node=""1,4,0"" data-index-in-node=""0""><span class=""citation-192"">Nominal Voltage:</span></b><span class=""citation-192 citation-end-192""> 51.2 V</span></p>
</li>
</ul>","<h3 data-path-to-node=""0""><b data-path-to-node=""0"" data-index-in-node=""0"">Dyness PowerBrick Max (16.07kWh) Product Specifications</b></h3>
<ul data-path-to-node=""1"">
<li>
<p data-path-to-node=""1,0,0""><b data-path-to-node=""1,0,0"" data-index-in-node=""0"">Battery Type:</b><span class=""citation-196 citation-end-196""> Lithium Iron Phosphate (LiFePO4)</span></p>
<div class=""source-inline-chip-container ng-star-inserted""></div>
</li>
<li>
<p data-path-to-node=""1,1,0""><b data-path-to-node=""1,1,0"" data-index-in-node=""0""><span class=""citation-195"">Nominal Energy:</span></b><span class=""citation-195 citation-end-195""> 16.07 kWh</span></p>
<div class=""source-inline-chip-container ng-star-inserted""></div>
</li>
<li>
<p data-path-to-node=""1,2,0""><b data-path-to-node=""1,2,0"" data-index-in-node=""0""><span class=""citation-194"">Usable Energy:</span></b><span class=""citation-194 citation-end-194""> 15.27 kWh</span></p>
<div class=""source-inline-chip-container ng-star-inserted""></div>
</li>
<li>
<p data-path-to-node=""1,3,0""><b data-path-to-node=""1,3,0"" data-index-in-node=""0""><span class=""citation-193"">Nominal Capacity:</span></b><span class=""citation-193 citation-end-193""> 314 Ah</span></p>
<div class=""source-inline-chip-container ng-star-inserted""></div>
</li>
<li>
<p data-path-to-node=""1,4,0""><b data-path-to-node=""1,4,0"" data-index-in-node=""0""><span class=""citation-192"">Nominal Voltage:</span></b><span class=""citation-192 citation-end-192""> 51.2 V</span></p>
<div class=""source-inline-chip-container ng-star-inserted""></div>
</li>
<li>
<p data-path-to-node=""1,5,0""><b data-path-to-node=""1,5,0"" data-index-in-node=""0""><span class=""citation-191"">Operating Voltage Range:</span></b><span class=""citation-191 citation-end-191""> 44.8 V to 57.6 V</span></p>
<div class=""source-inline-chip-container ng-star-inserted""></div>
</li>
<li>
<p data-path-to-node=""1,6,0""><b data-path-to-node=""1,6,0"" data-index-in-node=""0""><span class=""citation-190"">Recommended Continuous Charge &amp; Discharge Current:</span></b><span class=""citation-190 citation-end-190""> 140 A</span></p>
<div class=""source-inline-chip-container ng-star-inserted""></div>
</li>
<li>
<p data-path-to-node=""1,7,0""><b data-path-to-node=""1,7,0"" data-index-in-node=""0"">Max. Charge &amp; Discharge Current:</b><span class=""citation-189 citation-end-189""> 200 A</span></p>
<div class=""source-inline-chip-container ng-star-inserted""></div>
</li>
<li>
<p data-path-to-node=""1,8,0""><b data-path-to-node=""1,8,0"" data-index-in-node=""0""><span class=""citation-188"">Peak Discharge Current:</span></b><span class=""citation-188 citation-end-188""> 300 A (for 2 minutes at 25 degrees Celsius)</span></p>
<div class=""source-inline-chip-container ng-star-inserted""></div>
</li>
<li>
<p data-path-to-node=""1,9,0""><b data-path-to-node=""1,9,0"" data-index-in-node=""0""><span class=""citation-187"">Depth of Discharge (DOD):</span></b><span class=""citation-187 citation-end-187""> 95 percent</span></p>
<div class=""source-inline-chip-container ng-star-inserted""></div>
</li>
<li>
<p data-path-to-node=""1,10,0""><b data-path-to-node=""1,10,0"" data-index-in-node=""0"">Cycle Life:</b><span class=""citation-186 citation-end-186""> Greater than or equal to 8,000 cycles</span></p>
<div class=""source-inline-chip-container ng-star-inserted""></div>
</li>
<li>
<p data-path-to-node=""1,11,0""><b data-path-to-node=""1,11,0"" data-index-in-node=""0"">Communication Interface:</b><span class=""citation-185 citation-end-185""> CAN and RS485</span></p>
<div class=""source-inline-chip-container ng-star-inserted""></div>
</li>
<li>
<p data-path-to-node=""1,12,0""><b data-path-to-node=""1,12,0"" data-index-in-node=""0""><span class=""citation-184"">Dimensions (W x D x H):</span></b><span class=""citation-184 citation-end-184""> 435 mm x 233 mm x 857 mm</span></p>
<div class=""source-inline-chip-container ng-star-inserted""></div>
</li>
<li>
<p data-path-to-node=""1,13,0""><b data-path-to-node=""1,13,0"" data-index-in-node=""0""><span class=""citation-183"">Net Weight:</span></b><span class=""citation-183 citation-end-183""> 116 kg</span></p>
<div class=""source-inline-chip-container ng-star-inserted""></div>
</li>
<li>
<p data-path-to-node=""1,14,0""><b data-path-to-node=""1,14,0"" data-index-in-node=""0""><span class=""citation-182"">Protection Level:</span></b><span class=""citation-182 citation-end-182""> IP20 (Optimized for indoor installation)</span></p>
<div class=""source-inline-chip-container ng-star-inserted""></div>
</li>
<li>
<p data-path-to-node=""1,15,0""><b data-path-to-node=""1,15,0"" data-index-in-node=""0""><span class=""citation-181"">Safety Features:</span></b><span class=""citation-181 citation-end-181""> Built-in aerosol fire extinguisher (suppresses abnormal temperatures within 5 seconds)</span></p>
<div class=""source-inline-chip-container ng-star-inserted""></div>
</li>
<li>
<p data-path-to-node=""1,16,0""><b data-path-to-node=""1,16,0"" data-index-in-node=""0"">Scalability:</b><span class=""citation-180 citation-end-180""> Supports up to 50 units in parallel (16 kWh to 803 kWh) without an external hub</span></p>
<div class=""source-inline-chip-container ng-star-inserted""></div>
</li>
<li>
<p id=""p-rc_672e702e2a18b791-211"" data-path-to-node=""1,17,0""><b data-path-to-node=""1,17,0"" data-index-in-node=""0""><span class=""citation-179"">Warranty:</span></b><span class=""citation-179 citation-end-179""> 10-Year Manufacturer Warranty</span></p>
</li>
</ul>","","","taxable","","1","","","0","0","","","","","1","","","32100.00","Lithium Batteries","Dyness, lithium batteries, Lithium Battery","","https://sasolarexperts.co.za/wp-content/uploads/2026/05/1p-removebg-preview.png","","","","","","","","","0","Dyness","4280","https://sasolarexperts.co.za/product/16-07kw-dyness-powerbrick-max/"
"","simple","","595W SERAPHIM BIFACIAL PANEL","1","0","visible","<ul>
<li>
<p data-path-to-node=""2,0,0""><b data-path-to-node=""2,0,0"" data-index-in-node=""0"">High-Output Power:</b> 595W Maximum Power (Pmax) utilizing advanced N-Type TOPCon cell technology.</p>
</li>
<li>
<p data-path-to-node=""2,1,0""><b data-path-to-node=""2,1,0"" data-index-in-node=""0"">Bifacial Advantage:</b> Dual-glass design captures sunlight from both the front and rear sides, offering 80% ±5% bifaciality for significantly increased energy yield.</p>
</li>
</ul>","<ul>
<li>
<p data-path-to-node=""2,0,0""><b data-path-to-node=""2,0,0"" data-index-in-node=""0"">High-Output Power:</b> 595W Maximum Power (Pmax) utilizing advanced N-Type TOPCon cell technology.</p>
</li>
<li>
<p data-path-to-node=""2,1,0""><b data-path-to-node=""2,1,0"" data-index-in-node=""0"">Bifacial Advantage:</b> Dual-glass design captures sunlight from both the front and rear sides, offering 80% ±5% bifaciality for significantly increased energy yield.</p>
</li>
<li>
<p data-path-to-node=""2,2,0""><b data-path-to-node=""2,2,0"" data-index-in-node=""0"">Peak Efficiency:</b> High module efficiency of 23.03% for maximum power generation in limited spaces.</p>
</li>
<li>
<p data-path-to-node=""2,3,0""><b data-path-to-node=""2,3,0"" data-index-in-node=""0"">Extreme Durability:</b> Dual 2.0mm heat-strengthened glass construction with an IP68-rated junction box; withstands 5400Pa (front) and 2400Pa (rear) mechanical loads.</p>
</li>
<li>
<p data-path-to-node=""2,4,0""><b data-path-to-node=""2,4,0"" data-index-in-node=""0"">Industry-Leading Warranty:</b> 15-Year Product Warranty + 30-Year Linear Power Warranty (87.4% output guaranteed after 30 years).</p>
</li>
<li>
<p data-path-to-node=""2,5,0""><b data-path-to-node=""2,5,0"" data-index-in-node=""0"">Advanced Tech:</b> Multi-Busbar technology reduces hot-spot risks, improves current collection, and enhances performance in low-light/harsh conditions.</p>
</li>
</ul>","","","taxable","","1","","","0","0","","","","","1","","","1870.00","Solar Panels","Seraphim solar panels, solar panels","","https://sasolarexperts.co.za/wp-content/uploads/2026/05/shopping.webp","","","","","","","","","0","Seraphim","4325","https://sasolarexperts.co.za/product/seraphim-595w-bificial-solar-panel/"
"","simple","","Dyness Stack100 (S51100) 61.44kwh battery set","1","0","visible","<p><strong>Dyness STACK100 61.44kWh High Voltage Battery System</strong></p>
<p>The Dyness STACK100 61.44kWh is a premium high-voltage lithium battery solution comprising <strong>12 × S51100 battery modules and 1 × BMU</strong>, delivering reliable, scalable energy storage for residential, commercial, and industrial applications. Featuring advanced LiFePO₄ technology, 95% DoD, and a 10-year warranty, it ensures long-lasting performance and seamless integration with leading inverter brands. 🔋⚡️</p>","<h3>Dyness STACK100 61.44kWh High Voltage Lithium Battery System</h3>
<p>The <strong>Dyness STACK100 61.44kWh High Voltage Battery System</strong> is a premium commercial and residential energy storage solution designed to deliver exceptional performance, reliability, and scalability. Built with advanced <strong>LiFePO₄ (Lithium Iron Phosphate)</strong> technology, this system provides safe, efficient, and long-lasting energy storage for solar and backup power applications.</p>
<p>This complete system includes <strong>12 × Dyness S51100 5.12kWh Battery Modules</strong> and <strong>1 × Dyness BMU (Battery Management Unit)</strong>, delivering a total storage capacity of <strong>61.44kWh</strong>. Its modular stackable design allows for easy installation, future expansion, and seamless integration with leading inverter brands including Deye, Sunsynk, Solis, GoodWe, Growatt, and many more.</p>
<p>With over <strong>6,000 cycles</strong>, a <strong>95% Depth of Discharge (DoD)</strong>, intelligent battery management, and a <strong>10-year manufacturer warranty</strong>, the Dyness STACK100 offers dependable power for large homes, offices, warehouses, farms, factories, and commercial facilities.</p>
<h3>Key Features</h3>
<p>✔ Total Capacity: <strong>61.44kWh</strong><br />
✔ Includes <strong>12 × S51100 Battery Modules + 1 × BMU</strong><br />
✔ Advanced LiFePO₄ Battery Technology<br />
✔ 95% Depth of Discharge (DoD)<br />
✔ 6,000+ Cycle Life<br />
✔ Intelligent Battery Management System (BMS)<br />
✔ Modular Stackable Design<br />
✔ High Voltage Energy Storage Solution<br />
✔ Compatible with Leading Hybrid Inverters<br />
✔ Safe, Reliable &amp; Maintenance-Friendly<br />
✔ 10-Year Manufacturer Warranty</p>
<h3>What&#8217;s Included</h3>
<ul>
<li>12 × Dyness S51100 5.12kWh Lithium Battery Modules</li>
<li>1 × Dyness BMU (Battery Management Unit)</li>
<li>Total System Capacity: 61.44kWh</li>
<li>High Voltage Stack Configuration</li>
</ul>
<h3>Ideal Applications</h3>
<ul>
<li>Large Residential Properties</li>
<li>Commercial Buildings</li>
<li>Warehouses</li>
<li>Offices</li>
<li>Schools</li>
<li>Farms</li>
<li>Factories</li>
<li>Solar Backup Systems</li>
<li>Peak Shaving &amp; Energy Management</li>
</ul>
<p><strong>Dyness STACK100 – Powerful, scalable, and reliable energy storage designed for the future of commercial and residential solar power.</strong> 🔋⚡️</p>","","","taxable","","1","","","0","0","","","","","1","","","189900.00","Lithium Batteries","Dyness, HV Battery sets, lithium batteries","","https://sasolarexperts.co.za/wp-content/uploads/2026/06/stack100-1.png, https://sasolarexperts.co.za/wp-content/uploads/2026/06/stack-100-2.png, https://sasolarexperts.co.za/wp-content/uploads/2026/06/stack-100-3.png, https://sasolarexperts.co.za/wp-content/uploads/2026/06/STACK-51100-SPEC.png","","","","","","","","","0","Dyness","4429","https://sasolarexperts.co.za/product/dyness-stack100-s51100-61-44kwh-battery-set/"
"","simple","","Dyness Stack280 (S51280) 215.04kwh HV Battery set","1","0","visible","<p><strong>Dyness STACK280 215.04kWh High Voltage Lithium Battery System consisting of 15 × S51280 battery modules and 1 × BDU. Featuring advanced LiFePO₄ technology, 8000+ cycle life, intelligent BMS, built-in fire suppression, and a scalable plug-and-play design for commercial and industrial energy storage applications.</strong></p>","<h3>Dyness STACK280 S51280 – 215.04kWh High Voltage Battery System</h3>
<p>The <strong>Dyness STACK280 215.04kWh</strong> is a premium commercial and industrial high-voltage energy storage solution designed for large-scale solar, backup power, peak shaving, and energy management applications. Built with advanced <strong>LiFePO₄ (LFP)</strong> technology, it delivers exceptional safety, reliability, and long-term performance. The system features a modular plug-and-play stacking design for quick installation and future expansion. (<a title=""STACK280-Commercial and Industrial Stacked Energy ..."" href=""https://za.dyness.com/stack280-integrated-photovoltaic-storage-system?utm_source=chatgpt.com"">za.dyness.com</a>)</p>
<h3>What&#8217;s Included</h3>
<p>✅ <strong>15 × Dyness S51280 Battery Modules</strong><br />
✅ <strong>1 × Dyness BDU (Battery Distribution Unit)</strong><br />
✅ Total Storage Capacity: <strong>215.04kWh</strong><br />
✅ High Voltage Stack Configuration</p>
<h3>Key Specifications</h3>
<ul>
<li>Battery Model: Dyness S51280</li>
<li>Battery Chemistry: LiFePO₄ (LFP)</li>
<li>Capacity per Module: <strong>14.336kWh</strong></li>
<li>Module Voltage: <strong>51.2V</strong></li>
<li>Module Capacity: <strong>280Ah</strong></li>
<li>Total System Capacity: <strong>215.04kWh</strong></li>
<li>Usable Energy: <strong>204.3kWh</strong></li>
<li>Cycle Life: <strong>8000+ Cycles</strong></li>
<li>Depth of Discharge (DoD): <strong>95%</strong></li>
<li>Communication: CAN / RS485</li>
<li>Cooling Method: Forced Air Cooling</li>
<li>Protection Rating: IP20</li>
<li>Warranty: <strong>10 Years</strong></li>
</ul>
<h3>Features</h3>
<p>✔ Includes <strong>15 × S51280 Modules + 1 × BDU</strong><br />
✔ 215.04kWh Commercial Energy Storage System<br />
✔ High-Efficiency LiFePO₄ Technology<br />
✔ 8000+ Cycle Life<br />
✔ Built-In Aerosol Fire Suppression System<br />
✔ Plug-and-Play Stack Design<br />
✔ Supports Up To 12 Clusters In Parallel<br />
✔ Expandable Up To 2.58MWh<br />
✔ Intelligent Battery Management System (BMS)<br />
✔ Compatible With Leading High-Voltage Hybrid Inverters<br />
✔ Ideal For Factories, Warehouses, Farms, Offices &amp; Commercial Facilities</p>
<p>&nbsp;</p>","","","taxable","","1","","","0","0","","","","","1","","","474000.00","Lithium Batteries","Dyness, HV Battery sets, lithium batteries","","https://sasolarexperts.co.za/wp-content/uploads/2026/06/stack-280-1.png, https://sasolarexperts.co.za/wp-content/uploads/2026/06/stack-280-2.png, https://sasolarexperts.co.za/wp-content/uploads/2026/06/ChatGPT-Image-Jun-22-2026-08_22_21-PM.png, https://sasolarexperts.co.za/wp-content/uploads/2026/06/STACK-51280-SPEC.png","","","","","","","","","0","Dyness","4436","https://sasolarexperts.co.za/product/dyness-stack280-s51280-215-04kwh-hv-battery-set/"
"","simple","","DEYE BOS-A 76.8KWH HV BATTERY SET","1","0","visible","<p><strong>The Deye BOS-A 76.8kWh High Voltage Battery System consists of 10 × 7.68kWh lithium battery modules and 1 × HV PDU, delivering reliable, scalable energy storage for commercial, industrial, and large residential solar applications. Built with premium LiFePO₄ technology, it offers 6000+ cycles, intelligent battery management, and a 10-year warranty.</strong></p>","<h3>Deye BOS-A 76.8kWh High Voltage Lithium Battery System</h3>
<p>The <strong>Deye BOS-A 76.8kWh Energy Storage System</strong> is a premium commercial-grade high-voltage battery solution designed for large homes, businesses, warehouses, farms, and industrial facilities. Utilizing advanced <strong>LiFePO₄ (Lithium Iron Phosphate)</strong> technology, it delivers exceptional safety, reliability, and long-term performance for solar self-consumption, backup power, and energy management applications. (<a title=""BOS-A"" href=""https://deyeess.com/product/bos-a/?utm_source=chatgpt.com"">Deye ESS</a>)</p>
<h3>What&#8217;s Included</h3>
<p>✅ <strong>10 × Deye BOS-A 7.68kWh Battery Modules</strong><br />
✅ <strong>1 × Deye HV Control Box / PDU</strong><br />
✅ Battery Interconnection Cables<br />
✅ Total Storage Capacity: <strong>76.8kWh</strong></p>
<h3>Key Features</h3>
<p>✔ Total Capacity: <strong>76.8kWh</strong><br />
✔ Advanced LiFePO₄ Battery Technology<br />
✔ 6000+ Cycle Life<br />
✔ Intelligent Battery Management System (BMS)<br />
✔ High Voltage Commercial ESS Solution<br />
✔ Modular &amp; Scalable Design<br />
✔ Fast Installation &amp; Easy Maintenance<br />
✔ Up to 95% Depth of Discharge<br />
✔ Compatible with Deye Commercial Hybrid Inverters<br />
✔ 10-Year Manufacturer Warranty</p>","","","taxable","","1","","","0","0","","","","","1","","","250580.00","Lithium Batteries","Deye, HV Battery sets, lithium batteries","","https://sasolarexperts.co.za/wp-content/uploads/2026/06/DEYE-BOS-A.png","","","","","","","","","0","Deye","4442","https://sasolarexperts.co.za/product/deye-bos-a-76-8kwh-hv-battery-set/"
"","simple","","620W ConderEnergy bifacial solar panel","1","0","visible","<p>The Conderenergy 620W Bifacial Solar Panel features advanced N-Type TOPCon technology for outstanding efficiency and reliable performance. Its bifacial design captures sunlight from both sides, increasing energy production while delivering excellent durability, low degradation, and long-term performance for residential, commercial, and industrial solar installations.</p>","<p>CONDERENERGY 620W BIFACIAL SOLAR PANEL</p>
<p>DESCRIPTION</p>
<p>The Conderenergy 620W Bifacial Solar Panel is a high-performance N-Type TOPCon module designed for residential, commercial, and industrial solar installations. Featuring advanced bifacial technology, it captures sunlight from both the front and rear sides to maximize energy production and improve overall system efficiency. Built with premium materials, tempered glass, and a corrosion-resistant aluminum frame, it delivers exceptional durability, reliability, and long-term performance in all weather conditions.</p>
<p>KEY SPECIFICATIONS</p>
<p>• Rated Power: 620W<br />
• Panel Type: Monocrystalline Bifacial<br />
• Cell Technology: N-Type TOPCon<br />
• Module Efficiency: Up to 22.9%<br />
• Maximum Power Voltage (Vmp): 40.82V<br />
• Maximum Power Current (Imp): 15.2A<br />
• Open Circuit Voltage (Voc): 49V<br />
• Short Circuit Current (Isc): 16A<br />
• Power Tolerance: 0 ~ +5W<br />
• Maximum System Voltage: 1500V DC<br />
• Operating Temperature: -40°C to +85°C<br />
• Front Glass: High-Transmission Tempered Glass<br />
• Frame: Anodized Aluminum Alloy<br />
• Junction Box: IP68 Rated<br />
• Connector: MC4 Compatible<br />
• Maximum Snow Load: 5400 Pa<br />
• Maximum Wind Load: 2400 Pa</p>
<p>FEATURES</p>
<p>• High-efficiency N-Type TOPCon cell technology<br />
• Advanced bifacial design for higher energy yield<br />
• Excellent performance in low-light conditions<br />
• PID-resistant for enhanced reliability<br />
• Strong resistance to harsh weather conditions<br />
• Low annual power degradation<br />
• Suitable for residential, commercial, and utility-scale projects<br />
• Long lifespan with stable power output</p>","","","taxable","","1","","","0","0","","","","","1","","1590.00","1620.00","Solar Panels","bifacial, Solar Panel","","https://sasolarexperts.co.za/wp-content/uploads/2026/07/620w-condere-panels.png","","","","","","","","","0","ConderEnergy","4454","https://sasolarexperts.co.za/product/620w-conderenergy-bifacial-solar-panel/"
"","simple","","605W LONGI BIFACIAL SOLAR PANEL","1","0","visible","<p>The LONGi 605W Bifacial Solar Panel combines advanced N-Type TOPCon technology with a high-efficiency bifacial design to maximize energy production. Engineered for durability and reliability, it offers excellent low-light performance, low degradation, and outstanding long-term power output for residential, commercial, and utility-scale solar installations.</p>","<p>LONGi 605W BIFACIAL SOLAR PANEL</p>
<p>DESCRIPTION</p>
<p>The LONGi 605W Bifacial Solar Panel is a high-performance module featuring advanced N-Type HPBC/TOPCon technology for exceptional efficiency and long-term reliability. Its bifacial design captures sunlight from both the front and rear sides, increasing energy generation and improving overall system performance. Built with durable double-glass construction and a corrosion-resistant aluminum frame, it is ideal for residential, commercial, industrial, and utility-scale solar projects, delivering excellent performance even in low-light conditions.</p>
<p>KEY SPECIFICATIONS</p>
<p>• Rated Power: 605W<br />
• Panel Type: Monocrystalline Bifacial<br />
• Cell Technology: N-Type TOPCon<br />
• Module Efficiency: Up to 23.4%<br />
• Maximum Power Voltage (Vmp): 45.20V<br />
• Maximum Power Current (Imp): 13.39A<br />
• Open Circuit Voltage (Voc): 53.60V<br />
• Short Circuit Current (Isc): 14.18A<br />
• Power Tolerance: 0 ~ +5W<br />
• Maximum System Voltage: 1500V DC<br />
• Maximum Series Fuse Rating: 30A<br />
• Operating Temperature: -40°C to +85°C<br />
• Front Glass: 2.0mm Tempered Glass<br />
• Rear Glass: 2.0mm Tempered Glass<br />
• Frame: Anodized Aluminum Alloy<br />
• Junction Box: IP68 Rated<br />
• Connector: MC4 Compatible<br />
• Maximum Snow Load: 5400 Pa<br />
• Maximum Wind Load: 2400 Pa</p>
<p>FEATURES</p>
<p>• Advanced N-Type TOPCon cell technology<br />
• High-efficiency bifacial energy generation<br />
• Excellent low-light performance<br />
• Low annual power degradation<br />
• PID-resistant for enhanced reliability<br />
• Double-glass construction for superior durability<br />
• Corrosion-resistant aluminum frame<br />
• High resistance to harsh weather conditions<br />
• Suitable for residential, commercial, industrial, and utility-scale installations<br />
• Long service life with outstanding energy yield</p>","","","taxable","","1","","","0","0","","","","","1","","","1697.00","Solar Panels","bifacial, solar panels","","https://sasolarexperts.co.za/wp-content/uploads/2026/07/605W-LONGI.png","","","","","","","","","0","LONGI","4461","https://sasolarexperts.co.za/product/605w-longi-bifacial-solar-panel/"
"","simple","","635W LONGI Bifacial solar panel","1","0","visible","<p>The LONGi 635W Bifacial Solar Panel combines advanced N-Type TOPCon technology with a high-efficiency bifacial design to maximize energy production. Built for durability and long-term reliability, it delivers outstanding low-light performance, low degradation, and superior power output for residential, commercial, and utility-scale solar installations</p>","<p>LONGi 635W BIFACIAL SOLAR PANEL</p>
<p>DESCRIPTION</p>
<p>The LONGi 635W Bifacial Solar Panel is a premium high-output module engineered with advanced N-Type TOPCon technology for exceptional efficiency, durability, and long-term reliability. Its bifacial design captures sunlight from both the front and rear surfaces, increasing total energy generation and maximizing system performance. Featuring double-glass construction, a corrosion-resistant aluminum frame, and an IP68-rated junction box, this panel is designed to perform in the toughest environments, making it ideal for residential, commercial, industrial, and utility-scale solar installations.</p>
<p>KEY SPECIFICATIONS</p>
<p>• Rated Power: 635W<br />
• Panel Type: Monocrystalline Bifacial<br />
• Cell Technology: N-Type TOPCon<br />
• Module Efficiency: Up to 23.5%<br />
• Maximum Power Voltage (Vmp): 47.25V<br />
• Maximum Power Current (Imp): 13.44A<br />
• Open Circuit Voltage (Voc): 56.10V<br />
• Short Circuit Current (Isc): 14.35A<br />
• Power Tolerance: 0 ~ +5W<br />
• Maximum System Voltage: 1500V DC<br />
• Maximum Series Fuse Rating: 30A<br />
• Operating Temperature: -40°C to +85°C<br />
• Front Glass: 2.0mm Tempered Glass<br />
• Rear Glass: 2.0mm Tempered Glass<br />
• Frame: Anodized Aluminum Alloy<br />
• Junction Box: IP68 Rated<br />
• Connector: MC4 Compatible<br />
• Maximum Snow Load: 5400 Pa<br />
• Maximum Wind Load: 2400 Pa</p>
<p>FEATURES</p>
<p>• Advanced N-Type TOPCon cell technology<br />
• High-efficiency bifacial energy generation<br />
• Up to 23.5% module efficiency<br />
• Excellent low-light performance<br />
• Double-glass construction for superior durability<br />
• Low annual power degradation<br />
• PID-resistant for long-term reliability<br />
• Corrosion-resistant aluminum frame<br />
• High resistance to wind, snow, and harsh weather<br />
• Ideal for residential, commercial, industrial, and utility-scale solar projects</p>","","","taxable","","1","","","0","0","","","","","1","","","1749.00","Solar Panels","bifacial, Solar Panel","","https://sasolarexperts.co.za/wp-content/uploads/2026/07/635w-longi.png","","","","","","","","","0","LONGI","4463","https://sasolarexperts.co.za/product/635w-longi-bifacial-solar-panel/"
"","simple","","Luxpower 12kva Eco hybrid (Sna12000) with breaker inverter","1","0","visible","<p>The LuxPower SNA12000 Hybrid Inverter with built-in AC breaker delivers reliable 12kW backup power, intelligent energy management, and advanced solar performance. Designed for maximum efficiency, it supports lithium batteries, dual MPPT tracking, Wi-Fi monitoring, and seamless power switching for residential and commercial solar systems.</p>","<p>LUXPOWER SNA12000 HYBRID INVERTER WITH AC BREAKER</p>
<p>DESCRIPTION</p>
<p>The LuxPower SNA12000 Hybrid Inverter with integrated AC breaker is a powerful 12kW single-phase energy storage solution designed for residential and light commercial applications. It seamlessly manages solar, battery, grid, and generator power to ensure reliable backup and maximum energy efficiency. Featuring built-in Wi-Fi monitoring, advanced battery compatibility, and an integrated AC breaker for enhanced electrical protection, the SNA12000 delivers safe, intelligent, and uninterrupted power while reducing electricity costs. Its robust design, high charging capability, and easy installation make it an ideal choice for modern solar energy systems.</p>
<p>KEY SPECIFICATIONS</p>
<p>• Rated Output Power: 12,000W (12kW)<br />
• Inverter Type: Hybrid, Single Phase<br />
• Built-in AC Breaker<br />
• Pure Sine Wave Output<br />
• Dual MPPT Solar Charge Controller<br />
• Maximum PV Input Voltage: 500V DC<br />
• Battery Voltage: 48V<br />
• Compatible with Lithium &amp; Lead-Acid Batteries<br />
• Parallel Operation Supported<br />
• UPS Switching Time: &lt;10ms<br />
• Built-in Wi-Fi Monitoring<br />
• IP20 Protection Rating<br />
• LCD Display with Intelligent Controls<br />
• Natural Cooling with Smart Fan Control</p>
<p>FEATURES</p>
<p>• Integrated AC breaker for added protection<br />
• Dual MPPT technology for maximum solar harvesting<br />
• Seamless UPS backup during power outages<br />
• Supports lithium and lead-acid batteries<br />
• Intelligent battery charging and management<br />
• Generator compatible<br />
• Remote monitoring via Wi-Fi app<br />
• High efficiency with low standby consumption<br />
• Easy installation and user-friendly operation<br />
• Ideal for homes, offices, and small commercial applications</p>","","","taxable","","1","","","0","0","","","","","1","","","18900.00","Inverters","inverter, LuxPower, sna12000","","https://sasolarexperts.co.za/wp-content/uploads/2026/07/12kva-lux-big.jpeg","","","","","","","","","0","Luxpower","4465","https://sasolarexperts.co.za/product/luxpower-12kva-eco-hybrid-sna12000-with-breaker-inverter/"
"","simple","","Luxpower 12kva Eco hybrid (Sna12000) without breaker Inverter","1","0","visible","<p>The LuxPower SNA12000 12kVA Hybrid Inverter delivers powerful, efficient, and reliable energy management for modern solar systems. With dual MPPT tracking, Wi-Fi monitoring, battery compatibility, and seamless backup power, it is the ideal solution for homes and businesses seeking dependable solar performance.</p>","<p>LUXPOWER SNA12000 12kVA HYBRID INVERTER</p>
<p>DESCRIPTION</p>
<p>The LuxPower SNA12000 12kVA Hybrid Inverter is a high-performance single-phase energy storage solution designed for residential and light commercial solar systems. It intelligently manages power from solar panels, batteries, the utility grid, and generators to provide reliable backup power and maximize energy savings. Featuring dual MPPT technology, built-in Wi-Fi monitoring, and compatibility with both lithium and lead-acid batteries, the SNA12000 delivers exceptional efficiency, stable performance, and seamless power switching during outages.</p>
<p>KEY SPECIFICATIONS</p>
<p>• Rated Output Power: 12kVA (12,000W)<br />
• Inverter Type: Hybrid, Single Phase<br />
• Pure Sine Wave Output<br />
• Dual MPPT Solar Charge Controller<br />
• Maximum PV Input Voltage: 500V DC<br />
• Battery Voltage: 48V<br />
• Compatible with Lithium &amp; Lead-Acid Batteries<br />
• Parallel Operation Supported<br />
• UPS Switching Time: &lt;10ms<br />
• Built-in Wi-Fi Monitoring<br />
• LCD Display<br />
• IP20 Protection Rating<br />
• Intelligent Battery Management System<br />
• Generator Compatible</p>
<p>FEATURES</p>
<p>• Dual MPPT technology for maximum solar efficiency<br />
• Seamless UPS backup during power outages<br />
• Supports lithium and lead-acid batteries<br />
• Intelligent battery charging and management<br />
• Built-in Wi-Fi for remote monitoring<br />
• Generator support for extended backup<br />
• High conversion efficiency<br />
• Parallel operation for increased system capacity<br />
• User-friendly LCD display and controls<br />
• Ideal for residential and commercial solar applications</p>","","","taxable","","1","","","0","0","","","","","1","","","16290.00","Inverters","inverter, LuxPower, sna12000","","https://sasolarexperts.co.za/wp-content/uploads/2026/07/12kva-luxpower-small.png","","","","","","","","","0","Luxpower","4467","https://sasolarexperts.co.za/product/luxpower-12kva-eco-hybrid-sna12000-without-breaker-inverter/"
"","simple","","Dyness 5.12kwh DL0.5C V2 lithium battery","1","0","visible","<p>The Dyness DL5.0C V2 5.12kWh Lithium Battery delivers reliable, high-performance energy storage with advanced LiFePO₄ technology, intelligent BMS protection, 1C discharge capability, and over 6,000 charge cycles. Its modular design, wide inverter compatibility, and scalable capacity make it the perfect solution for residential and commercial solar energy systems.</p>","<p>DYNESS DL5.0C V2 (5.12kWh) LITHIUM BATTERY</p>
<p>DESCRIPTION</p>
<p>The Dyness DL5.0C V2 is a premium 5.12kWh Lithium Iron Phosphate (LiFePO₄) battery designed for residential and light commercial energy storage systems. Engineered with advanced safety features and an intelligent Battery Management System (BMS), it provides reliable backup power, long cycle life, and high-performance energy storage. Supporting remote monitoring, flexible installation, and expansion of up to 50 batteries in parallel, the DL5.0C V2 is compatible with most leading hybrid and off-grid inverter brands, making it an ideal solution for modern solar power systems.</p>
<p>KEY SPECIFICATIONS</p>
<p>• Model: DL5.0C V2<br />
• Battery Chemistry: Lithium Iron Phosphate (LiFePO₄)<br />
• Nominal Energy: 5.12kWh<br />
• Nominal Capacity: 100Ah<br />
• Nominal Voltage: 51.2V<br />
• Operating Voltage: 44.8V – 57.6V<br />
• Recommended Charge/Discharge Rate: 0.5C<br />
• Maximum Continuous Charge Current: 75A<br />
• Maximum Continuous Discharge Current: 100A (1C)<br />
• Peak Charge/Discharge Current: 110A (15 seconds)<br />
• Depth of Discharge (DoD): 90%<br />
• Cycle Life: ≥6,000 Cycles<br />
• Communication: CAN / RS485 / RS232<br />
• Protection Rating: IP20<br />
• Dimensions (W × D × H): 558 × 545 × 150 mm<br />
• Weight: Approximately 54kg<br />
• Charging Temperature: 0°C to 55°C<br />
• Discharging Temperature: -20°C to 55°C<br />
• Expandable: Up to 50 batteries in parallel<br />
• Compatible with Hybrid &amp; Off-Grid Systems<br />
• Compatible with Deye, Sunsynk, Victron, Growatt, GoodWe, LuxPower, Solis and many other leading inverter brands.</p>
<p>FEATURES</p>
<p>• High-performance LiFePO₄ battery technology<br />
• 1C continuous charge and discharge capability<br />
• Intelligent Battery Management System (BMS)<br />
• Overcharge, over-discharge and short-circuit protection<br />
• Remote monitoring and firmware updates (optional)<br />
• Modular design for easy system expansion<br />
• Supports up to 50 batteries in parallel<br />
• Wall-mounted, floor-standing or stacked installation<br />
• Long lifespan with over 6,000 charge cycles<br />
• Wide compatibility with leading inverter brands<br />
• Maintenance-free operation<br />
• Reliable backup power for residential and commercial applications<br />
• High safety and thermal stability with LiFePO₄ chemistry</p>
<p>&nbsp;</p>
<p>&nbsp;</p>","","","taxable","","1","","","0","0","","","","","1","","","12990.00","Lithium Batteries","Dyness, lithium batteries","","https://sasolarexperts.co.za/wp-content/uploads/2026/07/dyness-v2.png","","","","","","","","","0","Dyness","4470","https://sasolarexperts.co.za/product/dyness-5-12kwh-dl0-5c-v2-lithium-battery/"
"","simple","18025","Toplink 590W Bifacial solar panel","1","0","visible","<p>The <strong>Toplink 590W Bifacial Solar Panel</strong>, proudly manufactured by <strong>SA Solar Experts</strong>, is engineered for maximum energy production, high efficiency, and long-lasting reliability. Its advanced bifacial technology captures sunlight from both sides of the panel, delivering increased power output and excellent performance for residential, commercial, and industrial solar installations.</p>","<p>TOPLINK 590W BIFACIAL SOLAR PANEL</p>
<p>Specifications</p>
<p>• Rated Maximum Power (Pmax): 590W<br />
• Cell Type: N-Type TOPCon Monocrystalline<br />
• Module Technology: Bifacial Dual Glass<br />
• Maximum Module Efficiency: Up to 22.8%<br />
• Power Tolerance: 0 ~ +5W<br />
• Maximum System Voltage: 1500V DC (IEC)<br />
• Operating Temperature: -40°C to +85°C<br />
• Front Glass: 2.0mm Tempered Low-Iron Glass<br />
• Rear Glass: 2.0mm Tempered Glass<br />
• Frame: Anodized Aluminium Alloy<br />
• Junction Box: IP68 Rated<br />
• Cable: 4mm² Solar Cable<br />
• Connector: MC4 Compatible<br />
• Wind Load: Up to 2400 Pa<br />
• Snow Load: Up to 5400 Pa<br />
• Fire Rating: Class C<br />
• Application Class: Class A</p>
<p>Performance Features-TOPLINK 590W BIFACIAL SOLAR PANEL</p>
<p>• Advanced N-Type TOPCon cell technology<br />
• Bifacial design captures reflected sunlight for increased energy generation<br />
• Excellent low-light performance<br />
• Lower degradation and higher long-term energy yield<br />
• PID-resistant<br />
• Salt mist and ammonia corrosion resistant<br />
• Suitable for residential, commercial, agricultural, and industrial installations<br />
• Designed for South African weather conditions</p>
<p>Warranty</p>
<p>• 10-Year Product Warranty<br />
• 30-Year Linear Performance Warranty</p>","","","taxable","","1","","","0","0","","","","","1","","","1514.00","Solar Panels","bifacia, toplink solar panels","","https://sasolarexperts.co.za/wp-content/uploads/2026/07/590w-toplink.png","","","","","","","","","0","TopLink","4485","https://sasolarexperts.co.za/product/toplink-590w-bifacial-solar-panel/"
"","simple","","Volta Stage 1 (old gen) 5.12kwh lithium battery","1","0","visible","<p>The Volta Stage 1 Old Generation is a dependable 5.12kWh LiFePO₄ lithium battery designed to provide efficient and reliable energy storage for residential and commercial solar systems. Built with an advanced Battery Management System (BMS) protection, it delivers stable performance, long service life, and enhanced safety. Compatible with most leading hybrid inverters, the Volta Stage 1 is an excellent solution for backup power, load shedding, and off-grid applications, offering dependable energy whenever you need it.</p>","<p>• Model: Volta Stage 1 (Old Generation)<br />
• Battery Chemistry: Lithium Iron Phosphate (LiFePO₄)<br />
• Nominal Energy: 5.12kWh<br />
• Nominal Voltage: 51.2V<br />
• Nominal Capacity: 100Ah<br />
• Standard Charge Voltage: 56V<br />
• Maximum Discharge Current: 100A<br />
• Discharge Cut-Off Voltage: 44.8V<br />
• Cycle Life: ≥6,000 Cycles @ 80% DoD<br />
• Parallel Support: Up to 8 Units<br />
• Communication: RS485, RS232, CAN<br />
• Operating Temperature:<br />
&#8211; Charge: 0°C to 65°C<br />
&#8211; Discharge: -20°C to 65°C<br />
• Installation: Wall Mounted / Floor Standing<br />
• Dimensions: 480 × 600 × 150 mm<br />
• Weight: Approximately 58kg<br />
• Certifications: UN38.3, MSDS<br />
• Warranty: 5 Years</p>
<p>• 5.12kWh Energy Storage<br />
• Safe LiFePO₄ Battery Technology<br />
• Intelligent Built-in Battery Management System (BMS)<br />
• More Than 6,000 Charge/Discharge Cycles<br />
• Supports Up to 8 Batteries in Parallel<br />
• Compatible with Most Leading Hybrid Inverters<br />
• RS485, RS232 &amp; CAN Communication<br />
• Fast Charging and High Discharge Performance<br />
• Low Maintenance Design<br />
• Ideal for Residential and Commercial Solar Systems<br />
• Wall-Mounted or Floor-Standing Installation<br />
• Reliable Backup During Load Shedding</p>","","","taxable","","1","","","0","0","","","","","1","","","16900.00","Lithium Batteries","Lithium Battery, Volta","","https://sasolarexperts.co.za/wp-content/uploads/2026/07/volta-stage-1-old.png","","","","","","","","","0","Volta","4488","https://sasolarexperts.co.za/product/volta-stage-1-old-gen-5-12kwh-lithium-battery/"
"","simple","","Deye 5kW 48V Single Phase Hybrid Inverter","1","0","visible","","<p>The Deye 5kW 48V Single Phase Hybrid Inverter</p>
<p>versatile energy-management solution designed for residential solar installations requiring efficient integration of solar panels, battery storage and grid power. With a 5kW output capacity and 48V battery architecture, it can form the central component of a modern home solar and backup-power system.</p>
<p>The hybrid design allows solar energy to be used to supply household loads while excess generation can be directed towards battery charging, depending on the system configuration and operating settings. Furthermore, stored battery energy can be used when solar production is unavailable, helping households improve the availability of backup power.</p>
<p>The 48V battery platform is widely used in residential energy-storage systems and can be paired with compatible lithium battery solutions. As a result, the inverter provides flexibility for homeowners building or upgrading a battery-backed solar installation.</p>
<p>The single-phase configuration makes this Deye inverter suitable for compatible residential electrical installations. It can be used for applications ranging from everyday solar self-consumption to backup power and energy-storage systems.</p>
<p>For South African homes dealing with changing grid availability and increasing electricity costs, a properly designed hybrid solar system can provide greater control over when solar and stored energy are used. The Deye 5kW hybrid inverter can therefore serve as an important component in a complete residential energy solution.</p>
<p>Key Benefits</p>
<p>5kW power output for suitable residential applications<br />
48V battery system for compatible lithium and battery-storage solutions<br />
Single-phase hybrid inverter<br />
Integrates solar generation, battery storage and grid power<br />
Suitable for home solar and backup-power systems<br />
Supports energy-storage applications<br />
Designed for use with compatible solar panels and batteries<br />
Suitable for new solar installations or system upgrades<br />
Helps maximise the use of available solar energy<br />
Ideal Applications</p>
<p>The Deye 5kW 48V Single Phase Hybrid Inverter can be used for:</p>
<p>Residential solar systems<br />
Home backup power<br />
Solar-plus-battery installations<br />
Hybrid inverter systems<br />
Grid-connected energy storage<br />
Solar self-consumption systems<br />
Existing-system upgrades where compatibility requirements are met</p>","","","taxable","","1","","","0","0","","","","","1","","13900.00","15000.00","Inverters","","","https://sasolarexperts.co.za/wp-content/uploads/2026/09/5kw-deye.png","","","","","","","","","0","Deye","4519","https://sasolarexperts.co.za/product/deye-5kw-48v-single-phase-hybrid-inverter/"
"","simple","","JA Solar 715W Bifacial Mono Solar Panel","1","0","visible","<p><strong>Key Performance Features</strong><br />
Ultra-High Output: 715W peak power using high-efficiency N-Type cells.</p>
<ul>
<li>Bifacial Power Gain: Generates up to 10%–30% additional energy from the rear side (80% ± 10% Bifaciality).</li>
<li>N-Type TOPCon Technology: Exceptional low-light response, better temperature coefficient (-0.29%/°C), and significantly lower Light Induced Degradation (LID).</li>
<li>Robust Glass-Glass Build: Dual 2.0mm heat-strengthened glass ensures maximum durability and PID resistance.</li>
<li>Extended Reliability: 12-Year Product Warranty and a 30-Year Linear Power Warranty (guaranteeing 87.4% output after 30 years).</li>
</ul>","<p><strong>Key Performance Features</strong><br />
Ultra-High Output: 715W peak power using high-efficiency N-Type cells.</p>
<ul>
<li>Bifacial Power Gain: Generates up to 10%–30% additional energy from the rear side (80% ± 10% Bifaciality).</li>
<li>N-Type TOPCon Technology: Exceptional low-light response, better temperature coefficient (-0.29%/°C), and significantly lower Light Induced Degradation (LID).</li>
<li>Robust Glass-Glass Build: Dual 2.0mm heat-strengthened glass ensures maximum durability and PID resistance.</li>
<li>Extended Reliability: 12-Year Product Warranty and a 30-Year Linear Power Warranty (guaranteeing 87.4% output after 30 years).</li>
</ul>
<p>📊 Technical Specifications (Datasheet)</p>
<p>Electrical Parameter (STC),Value<br />
Rated Maximum Power (Pmax),715 W<br />
Open Circuit Voltage (Voc),48.80 V<br />
Maximum Power Voltage (Vmp),41.00 V<br />
Short Circuit Current (Isc),18.55 A<br />
Maximum Power Current (Imp),17.44 A<br />
Module Efficiency,23.0%<br />
Power Tolerance,0 ~ +3%</p>
<table data-path-to-node=""10"">
<thead>
<tr>
<td><strong>Mechanical Details</strong></td>
<td><strong>Value</strong></td>
</tr>
</thead>
<tbody>
<tr>
<td><span data-path-to-node=""10,1,0,0""><b data-path-to-node=""10,1,0,0"" data-index-in-node=""0"">Cell Type</b></span></td>
<td><span data-path-to-node=""10,1,1,0"">Mono N-Type TOPCon</span></td>
</tr>
<tr>
<td><span data-path-to-node=""10,2,0,0""><b data-path-to-node=""10,2,0,0"" data-index-in-node=""0"">No. of Cells</b></span></td>
<td><span data-path-to-node=""10,2,1,0"">132 (6 x 22)</span></td>
</tr>
<tr>
<td><span data-path-to-node=""10,3,0,0""><b data-path-to-node=""10,3,0,0"" data-index-in-node=""0"">Dimensions</b></span></td>
<td><span data-path-to-node=""10,3,1,0"">2384 ± 2mm x 1303 ± 2mm x 33 ± 1mm</span></td>
</tr>
<tr>
<td><span data-path-to-node=""10,4,0,0""><b data-path-to-node=""10,4,0,0"" data-index-in-node=""0"">Weight</b></span></td>
<td><span data-path-to-node=""10,4,1,0"">38.2 kg</span></td>
</tr>
<tr>
<td><span data-path-to-node=""10,5,0,0""><b data-path-to-node=""10,5,0,0"" data-index-in-node=""0"">Front/Back Glass</b></span></td>
<td><span data-path-to-node=""10,5,1,0"">2.0mm / 2.0mm Heat-strengthened glass</span></td>
</tr>
<tr>
<td><span data-path-to-node=""10,6,0,0""><b data-path-to-node=""10,6,0,0"" data-index-in-node=""0"">Frame</b></span></td>
<td><span data-path-to-node=""10,6,1,0"">Anodized Aluminum Alloy</span></td>
</tr>
<tr>
<td><span data-path-to-node=""10,7,0,0""><b data-path-to-node=""10,7,0,0"" data-index-in-node=""0"">Junction Box</b></span></td>
<td><span data-path-to-node=""10,7,1,0"">IP68, 3 Diodes</span></td>
</tr>
<tr>
<td><span data-path-to-node=""10,8,0,0""><b data-path-to-node=""10,8,0,0"" data-index-in-node=""0"">Connectors</b></span></td>
<td><span data-path-to-node=""10,8,1,0"">MC4-EVO2A / QC 4.10-351</span></td>
</tr>
</tbody>
</table>
<table data-path-to-node=""11"">
<thead>
<tr>
<td><strong>Operating Conditions</strong></td>
<td><strong>Value</strong></td>
</tr>
</thead>
<tbody>
<tr>
<td><span data-path-to-node=""11,1,0,0""><b data-path-to-node=""11,1,0,0"" data-index-in-node=""0"">Maximum System Voltage</b></span></td>
<td><span data-path-to-node=""11,1,1,0"">1500V DC</span></td>
</tr>
<tr>
<td><span data-path-to-node=""11,2,0,0""><b data-path-to-node=""11,2,0,0"" data-index-in-node=""0"">Operating Temperature</b></span></td>
<td><span data-path-to-node=""11,2,1,0"">-40°C to +85°C</span></td>
</tr>
<tr>
<td><span data-path-to-node=""11,3,0,0""><b data-path-to-node=""11,3,0,0"" data-index-in-node=""0"">Maximum Static Load (Front)</b></span></td>
<td><span data-path-to-node=""11,3,1,0"">5400 Pa (Snow)</span></td>
</tr>
<tr>
<td><span data-path-to-node=""11,4,0,0""><b data-path-to-node=""11,4,0,0"" data-index-in-node=""0"">Maximum Static Load (Back)</b></span></td>
<td><span data-path-to-node=""11,4,1,0"">2400 Pa (Wind)</span></td>
</tr>
<tr>
<td><span data-path-to-node=""11,5,0,0""><b data-path-to-node=""11,5,0,0"" data-index-in-node=""0"">Max Series Fuse Rating</b></span></td>
<td><span data-path-to-node=""11,5,1,0"">35 A</span></td>
</tr>
</tbody>
</table>
<hr data-path-to-node=""12"" />
<p>&nbsp;</p>","","","taxable","","1","","","0","0","","","","","1","","","2015.00","Solar Panels","JA Solar, JA solar panels","","https://sasolarexperts.co.za/wp-content/uploads/2026/04/JA_715KW-removebg-preview.png","","","","","","","","","0","JA Solar Panels","4198","https://sasolarexperts.co.za/product/ja-solar-715w-bifacial-mono-solar-panel/"
"","simple","","ECCO 5KWH (ME51100) LITHIUM BATTERY","1","0","visible","<table data-path-to-node=""3"">
<thead>
<tr>
<td><strong>Technical Specification</strong></td>
<td><strong>Value / Detail</strong></td>
</tr>
</thead>
<tbody>
<tr>
<td><span data-path-to-node=""3,1,0,0""><b data-path-to-node=""3,1,0,0"" data-index-in-node=""0"">Nominal Voltage</b></span></td>
<td><span data-path-to-node=""3,1,1,0"">51.2 V</span></td>
</tr>
<tr>
<td><span data-path-to-node=""3,2,0,0""><b data-path-to-node=""3,2,0,0"" data-index-in-node=""0"">Nominal Capacity</b></span></td>
<td><span data-path-to-node=""3,2,1,0"">100 Ah</span></td>
</tr>
<tr>
<td><span data-path-to-node=""3,3,0,0""><b data-path-to-node=""3,3,0,0"" data-index-in-node=""0"">Total Energy Capacity</b></span></td>
<td><span data-path-to-node=""3,3,1,0"">5.12 kWh</span></td>
</tr>
<tr>
<td><span data-path-to-node=""3,4,0,0""><b data-path-to-node=""3,4,0,0"" data-index-in-node=""0"">Operating Voltage Range</b></span></td>
<td><span data-path-to-node=""3,4,1,0"">43.2 V to 56.16 V</span></td>
</tr>
<tr>
<td><span data-path-to-node=""3,5,0,0""><b data-path-to-node=""3,5,0,0"" data-index-in-node=""0"">Recommended Charge Voltage</b></span></td>
<td><span data-path-to-node=""3,5,1,0"">56.4 V</span></td>
</tr>
<tr>
<td><span data-path-to-node=""3,6,0,0""><b data-path-to-node=""3,6,0,0"" data-index-in-node=""0"">Maximum Charge Current</b></span></td>
<td><span data-path-to-node=""3,6,1,0"">100 A</span></td>
</tr>
<tr>
<td><span data-path-to-node=""3,7,0,0""><b data-path-to-node=""3,7,0,0"" data-index-in-node=""0"">Maximum Discharge Current</b></span></td>
<td><span data-path-to-node=""3,7,1,0"">100 A</span></td>
</tr>
<tr>
<td><span data-path-to-node=""3,8,0,0""><b data-path-to-node=""3,8,0,0"" data-index-in-node=""0"">Max Continuous Output Power</b></span></td>
<td><span data-path-to-node=""3,8,1,0"">5500 W</span></td>
</tr>
<tr>
<td><span data-path-to-node=""3,9,0,0""><b data-path-to-node=""3,9,0,0"" data-index-in-node=""0"">Max Momentary Output Power</b></span></td>
<td><span data-path-to-node=""3,9,1,0"">7500 W</span></td>
</tr>
<tr>
<td><span data-path-to-node=""3,10,0,0""><b data-path-to-node=""3,10,0,0"" data-index-in-node=""0"">Depth of Discharge (DoD)</b></span></td>
<td><span data-path-to-node=""3,10,1,0"">80%–90% recommended (up to 100%)</span></td>
</tr>
<tr>
<td><span data-path-to-node=""3,11,0,0""><b data-path-to-node=""3,11,0,0"" data-index-in-node=""0"">Communication Protocols</b></span></td>
<td><span data-path-to-node=""3,11,1,0"">RS485, RS232, CAN</span></td>
</tr>
<tr>
<td><span data-path-to-node=""3,12,0,0""><b data-path-to-node=""3,12,0,0"" data-index-in-node=""0"">Design Life</b></span></td>
<td><span data-path-to-node=""3,12,1,0"">15+ years</span></td>
</tr>
<tr>
<td><span data-path-to-node=""3,13,0,0""><b data-path-to-node=""3,13,0,0"" data-index-in-node=""0"">Cycle Life</b></span></td>
<td><span data-path-to-node=""3,13,1,0"">&gt; 6,000 cycles (at 80% DoD)</span></td>
</tr>
<tr>
<td><span data-path-to-node=""3,14,0,0""><b data-path-to-node=""3,14,0,0"" data-index-in-node=""0"">Ingress Protection (IP) Rating</b></span></td>
<td><span data-path-to-node=""3,14,1,0"">IP54</span></td>
</tr>
<tr>
<td><span data-path-to-node=""3,15,0,0""><b data-path-to-node=""3,15,0,0"" data-index-in-node=""0"">Dimensions (W <span class=""math-inline"" data-math=""\times"" data-index-in-node=""14"">$\times$</span> D <span class=""math-inline"" data-math=""\times"" data-index-in-node=""23"">$\times$</span> H)</b></span></td>
<td><span data-path-to-node=""3,15,1,0"">Approx. 480 mm <span class=""math-inline"" data-math=""\times"" data-index-in-node=""15"">$\times$</span> 170 mm <span class=""math-inline"" data-math=""\times"" data-index-in-node=""29"">$\times$</span> 500 mm <i data-path-to-node=""3,15,1,0"" data-index-in-node=""43"">(Varies slightly by casing)</i></span></td>
</tr>
<tr>
<td><span data-path-to-node=""3,16,0,0""><b data-path-to-node=""3,16,0,0"" data-index-in-node=""0"">Weight</b></span></td>
<td><span data-path-to-node=""3,16,1,0"">36 kg to 49 kg</span></td>
</tr>
<tr>
<td><span data-path-to-node=""3,17,0,0""><b data-path-to-node=""3,17,0,0"" data-index-in-node=""0"">Certifications</b></span></td>
<td><span data-path-to-node=""3,17,1,0"">UL, TUV, CE, SANS 10142 Compliant</span></td>
</tr>
<tr>
<td><span data-path-to-node=""3,18,0,0""><b data-path-to-node=""3,18,0,0"" data-index-in-node=""0"">Warranty</b></span></td>
<td><span data-path-to-node=""3,18,1,0"">5-Year Manufacturer Warranty</span></td>
</tr>
</tbody>
</table>","<table data-path-to-node=""3"">
<thead>
<tr>
<td><strong>Technical Specification</strong></td>
<td><strong>Value / Detail</strong></td>
</tr>
</thead>
<tbody>
<tr>
<td><span data-path-to-node=""3,1,0,0""><b data-path-to-node=""3,1,0,0"" data-index-in-node=""0"">Nominal Voltage</b></span></td>
<td><span data-path-to-node=""3,1,1,0"">51.2 V</span></td>
</tr>
<tr>
<td><span data-path-to-node=""3,2,0,0""><b data-path-to-node=""3,2,0,0"" data-index-in-node=""0"">Nominal Capacity</b></span></td>
<td><span data-path-to-node=""3,2,1,0"">100 Ah</span></td>
</tr>
<tr>
<td><span data-path-to-node=""3,3,0,0""><b data-path-to-node=""3,3,0,0"" data-index-in-node=""0"">Total Energy Capacity</b></span></td>
<td><span data-path-to-node=""3,3,1,0"">5.12 kWh</span></td>
</tr>
<tr>
<td><span data-path-to-node=""3,4,0,0""><b data-path-to-node=""3,4,0,0"" data-index-in-node=""0"">Operating Voltage Range</b></span></td>
<td><span data-path-to-node=""3,4,1,0"">43.2 V to 56.16 V</span></td>
</tr>
<tr>
<td><span data-path-to-node=""3,5,0,0""><b data-path-to-node=""3,5,0,0"" data-index-in-node=""0"">Recommended Charge Voltage</b></span></td>
<td><span data-path-to-node=""3,5,1,0"">56.4 V</span></td>
</tr>
<tr>
<td><span data-path-to-node=""3,6,0,0""><b data-path-to-node=""3,6,0,0"" data-index-in-node=""0"">Maximum Charge Current</b></span></td>
<td><span data-path-to-node=""3,6,1,0"">100 A</span></td>
</tr>
<tr>
<td><span data-path-to-node=""3,7,0,0""><b data-path-to-node=""3,7,0,0"" data-index-in-node=""0"">Maximum Discharge Current</b></span></td>
<td><span data-path-to-node=""3,7,1,0"">100 A</span></td>
</tr>
<tr>
<td><span data-path-to-node=""3,8,0,0""><b data-path-to-node=""3,8,0,0"" data-index-in-node=""0"">Max Continuous Output Power</b></span></td>
<td><span data-path-to-node=""3,8,1,0"">5500 W</span></td>
</tr>
<tr>
<td><span data-path-to-node=""3,9,0,0""><b data-path-to-node=""3,9,0,0"" data-index-in-node=""0"">Max Momentary Output Power</b></span></td>
<td><span data-path-to-node=""3,9,1,0"">7500 W</span></td>
</tr>
<tr>
<td><span data-path-to-node=""3,10,0,0""><b data-path-to-node=""3,10,0,0"" data-index-in-node=""0"">Depth of Discharge (DoD)</b></span></td>
<td><span data-path-to-node=""3,10,1,0"">80%–90% recommended (up to 100%)</span></td>
</tr>
<tr>
<td><span data-path-to-node=""3,11,0,0""><b data-path-to-node=""3,11,0,0"" data-index-in-node=""0"">Communication Protocols</b></span></td>
<td><span data-path-to-node=""3,11,1,0"">RS485, RS232, CAN</span></td>
</tr>
<tr>
<td><span data-path-to-node=""3,12,0,0""><b data-path-to-node=""3,12,0,0"" data-index-in-node=""0"">Design Life</b></span></td>
<td><span data-path-to-node=""3,12,1,0"">15+ years</span></td>
</tr>
<tr>
<td><span data-path-to-node=""3,13,0,0""><b data-path-to-node=""3,13,0,0"" data-index-in-node=""0"">Cycle Life</b></span></td>
<td><span data-path-to-node=""3,13,1,0"">&gt; 6,000 cycles (at 80% DoD)</span></td>
</tr>
<tr>
<td><span data-path-to-node=""3,14,0,0""><b data-path-to-node=""3,14,0,0"" data-index-in-node=""0"">Ingress Protection (IP) Rating</b></span></td>
<td><span data-path-to-node=""3,14,1,0"">IP54</span></td>
</tr>
<tr>
<td><span data-path-to-node=""3,15,0,0""><b data-path-to-node=""3,15,0,0"" data-index-in-node=""0"">Dimensions (W <span class=""math-inline"" data-math=""\times"" data-index-in-node=""14"">$\times$</span> D <span class=""math-inline"" data-math=""\times"" data-index-in-node=""23"">$\times$</span> H)</b></span></td>
<td><span data-path-to-node=""3,15,1,0"">Approx. 480 mm <span class=""math-inline"" data-math=""\times"" data-index-in-node=""15"">$\times$</span> 170 mm <span class=""math-inline"" data-math=""\times"" data-index-in-node=""29"">$\times$</span> 500 mm <i data-path-to-node=""3,15,1,0"" data-index-in-node=""43"">(Varies slightly by casing)</i></span></td>
</tr>
<tr>
<td><span data-path-to-node=""3,16,0,0""><b data-path-to-node=""3,16,0,0"" data-index-in-node=""0"">Weight</b></span></td>
<td><span data-path-to-node=""3,16,1,0"">36 kg to 49 kg</span></td>
</tr>
<tr>
<td><span data-path-to-node=""3,17,0,0""><b data-path-to-node=""3,17,0,0"" data-index-in-node=""0"">Certifications</b></span></td>
<td><span data-path-to-node=""3,17,1,0"">UL, TUV, CE, SANS 10142 Compliant</span></td>
</tr>
<tr>
<td><span data-path-to-node=""3,18,0,0""><b data-path-to-node=""3,18,0,0"" data-index-in-node=""0"">Warranty</b></span></td>
<td><span data-path-to-node=""3,18,1,0"">5-Year Manufacturer Warranty</span></td>
</tr>
</tbody>
</table>","","","taxable","","0","","","0","0","","","","","1","","","10621.00","Batteries, Lithium Batteries","batteries, battery, Ecco","","https://sasolarexperts.co.za/wp-content/uploads/2026/05/ChatGPT-Image-Jun-22-2026-06_44_11-PM.png","","","","","","","","","0","ecco","4257","https://sasolarexperts.co.za/product/ecco-5kwh-lifepo4-battery/"
"","simple","","625W N-TYPE Bifacial Power Astronergy Astro N7 2.0 Series","1","0","visible","<p>The 625W N-TYPE Bifacial Power Astronergy Astro N7 2.0 Series represents the cutting edge of n-type TOPCon 5.0 technology. Designed for maximum energy yield and long-term reliability, these dual-glass bifacial modules are ideal for high-performance commercial and industrial solar arrays.</p>","<h2 data-path-to-node=""2""><b data-path-to-node=""2"" data-index-in-node=""0"">Astronergy ASTRO N7 2.0 Series – Product Overview</b></h2>
<p data-path-to-node=""3"">The 625W N-TYPE Bifacial Power Astronergy Astro N7 2.0 Series represents the cutting edge of n-type TOPCon 5.0 technology. Designed for maximum energy yield and long-term reliability, these dual-glass bifacial modules are ideal for high-performance commercial and industrial solar arrays.</p>
<h3 data-path-to-node=""4""><b data-path-to-node=""4"" data-index-in-node=""0"">Core Highlights</b></h3>
<ul data-path-to-node=""5"">
<li>
<p data-path-to-node=""5,0,0""><b data-path-to-node=""5,0,0"" data-index-in-node=""0"">Module Type:</b> n-type Mono-crystalline (Bifacial)</p>
</li>
<li>
<p data-path-to-node=""5,1,0""><b data-path-to-node=""5,1,0"" data-index-in-node=""0"">Power Output:</b> 625W – 650W</p>
</li>
<li>
<p data-path-to-node=""5,2,0""><b data-path-to-node=""5,2,0"" data-index-in-node=""0"">Max Efficiency:</b> 24.1%</p>
</li>
<li>
<p data-path-to-node=""5,3,0""><b data-path-to-node=""5,3,0"" data-index-in-node=""0"">Technology:</b> TOPCon 5.0 with ZBB (Zero Busbar) Design</p>
</li>
<li>
<p data-path-to-node=""5,4,0""><b data-path-to-node=""5,4,0"" data-index-in-node=""0"">Bifaciality:</b> 80% ± 5% (Significant extra yield from the rear side)</p>
</li>
</ul>
<hr data-path-to-node=""6"" />
<h3 data-path-to-node=""7""><b data-path-to-node=""7"" data-index-in-node=""0"">Technical Specifications (STC)</b></h3>
<table data-path-to-node=""8"">
<thead>
<tr>
<td><strong>Parameter</strong></td>
<td><strong>Specification (625W &#8211; 650W)</strong></td>
</tr>
</thead>
<tbody>
<tr>
<td><span data-path-to-node=""8,1,0,0""><b data-path-to-node=""8,1,0,0"" data-index-in-node=""0"">Rated Output (Pmpp)</b></span></td>
<td><span data-path-to-node=""8,1,1,0"">625W / 630W / 635W / 640W / 645W / 650W</span></td>
</tr>
<tr>
<td><span data-path-to-node=""8,2,0,0""><b data-path-to-node=""8,2,0,0"" data-index-in-node=""0"">Rated Voltage (Vmpp)</b></span></td>
<td><span data-path-to-node=""8,2,1,0"">41.69V – 42.24V</span></td>
</tr>
<tr>
<td><span data-path-to-node=""8,3,0,0""><b data-path-to-node=""8,3,0,0"" data-index-in-node=""0"">Rated Current (Impp)</b></span></td>
<td><span data-path-to-node=""8,3,1,0"">14.99A – 15.39A</span></td>
</tr>
<tr>
<td><span data-path-to-node=""8,4,0,0""><b data-path-to-node=""8,4,0,0"" data-index-in-node=""0"">Open Circuit Voltage (Voc)</b></span></td>
<td><span data-path-to-node=""8,4,1,0"">49.19V – 49.87V</span></td>
</tr>
<tr>
<td><span data-path-to-node=""8,5,0,0""><b data-path-to-node=""8,5,0,0"" data-index-in-node=""0"">Short Circuit Current (Isc)</b></span></td>
<td><span data-path-to-node=""8,5,1,0"">16.19A – 16.58A</span></td>
</tr>
<tr>
<td><span data-path-to-node=""8,6,0,0""><b data-path-to-node=""8,6,0,0"" data-index-in-node=""0"">Operating Temperature</b></span></td>
<td><span data-path-to-node=""8,6,1,0"">-40°C to +85°C</span></td>
</tr>
<tr>
<td><span data-path-to-node=""8,7,0,0""><b data-path-to-node=""8,7,0,0"" data-index-in-node=""0"">Max System Voltage</b></span></td>
<td><span data-path-to-node=""8,7,1,0"">1500V DC</span></td>
</tr>
</tbody>
</table>
<hr data-path-to-node=""9"" />
<h3 data-path-to-node=""10""><b data-path-to-node=""10"" data-index-in-node=""0"">Mechanical Properties</b></h3>
<ul data-path-to-node=""11"">
<li>
<p data-path-to-node=""11,0,0""><b data-path-to-node=""11,0,0"" data-index-in-node=""0"">Dimensions:</b> 2382 × 1134 × 30 mm</p>
</li>
<li>
<p data-path-to-node=""11,1,0""><b data-path-to-node=""11,1,0"" data-index-in-node=""0"">Weight:</b> 31.65 kg</p>
</li>
<li>
<p data-path-to-node=""11,2,0""><b data-path-to-node=""11,2,0"" data-index-in-node=""0"">Glass:</b> 2.0mm + 2.0mm Dual Glass (High-strength)</p>
</li>
<li>
<p data-path-to-node=""11,3,0""><b data-path-to-node=""11,3,0"" data-index-in-node=""0"">Frame:</b> Silver Anodized Aluminum Alloy</p>
</li>
<li>
<p data-path-to-node=""11,4,0""><b data-path-to-node=""11,4,0"" data-index-in-node=""0"">Junction Box:</b> IP68 (3 bypass diodes)</p>
</li>
<li>
<p data-path-to-node=""11,5,0""><b data-path-to-node=""11,5,0"" data-index-in-node=""0"">Connectors:</b> HCB40 / MC4-EVO2A Compatible</p>
</li>
<li>
<p data-path-to-node=""11,6,0""><b data-path-to-node=""11,6,0"" data-index-in-node=""0"">Cables:</b> 4 <span class=""math-inline"" data-math=""mm^2"" data-index-in-node=""10"">$mm^2$</span> / 12 AWG</p>
</li>
</ul>
<hr data-path-to-node=""12"" />
<h3 data-path-to-node=""13""><b data-path-to-node=""13"" data-index-in-node=""0"">Superior Warranty &amp; Durability</b></h3>
<ul data-path-to-node=""14"">
<li>
<p data-path-to-node=""14,0,0""><b data-path-to-node=""14,0,0"" data-index-in-node=""0"">Product Warranty:</b> 15 Years</p>
</li>
<li>
<p data-path-to-node=""14,1,0""><b data-path-to-node=""14,1,0"" data-index-in-node=""0"">Linear Power Warranty:</b> 30 Years</p>
</li>
<li>
<p data-path-to-node=""14,2,0""><b data-path-to-node=""14,2,0"" data-index-in-node=""0"">Annual Degradation:</b> ≤ 0.4% (Year 2–30)</p>
</li>
<li>
<p data-path-to-node=""14,3,0""><b data-path-to-node=""14,3,0"" data-index-in-node=""0"">Mechanical Load:</b> 5400 Pa (Front) / 2400 Pa (Back)</p>
</li>
<li>
<p data-path-to-node=""14,4,0""><b data-path-to-node=""14,4,0"" data-index-in-node=""0"">Certifications:</b> Tier 1 BloombergNEF, Kiwa 2025 Top Performer, TUV, CE</p>
</li>
</ul>
<hr data-path-to-node=""15"" />
<h3 data-path-to-node=""16""><b data-path-to-node=""16"" data-index-in-node=""0"">Key Advantages for Installers</b></h3>
<ul data-path-to-node=""17"">
<li>
<p data-path-to-node=""17,0,0""><b data-path-to-node=""17,0,0"" data-index-in-node=""0"">Low Voc Design:</b> Allows for more modules per string, reducing overall BOS (Balance of System) and cabling costs.</p>
</li>
<li>
<p data-path-to-node=""17,1,0""><b data-path-to-node=""17,1,0"" data-index-in-node=""0"">High Temperature Performance:</b> Optimized temperature coefficient of <span class=""math-inline"" data-math=""-0.29\%/°C"" data-index-in-node=""67"">$-0.29\%/°C$</span> ensures stable output even in the South African heat.</p>
</li>
<li>
<p data-path-to-node=""17,2,0""><b data-path-to-node=""17,2,0"" data-index-in-node=""0"">Enhanced Aesthetics:</b> The Zero Busbar (ZBB) design provides a sleeker, more uniform appearance.</p>
</li>
</ul>","","","taxable","","1","","","0","0","","","","","1","","","1930.00","Solar Panels","Astronergy, Solar Panel","","https://sasolarexperts.co.za/wp-content/uploads/2026/05/astronegy-625-650w-solar-panels.png","","","","","","","","","0","Astronergy","4296","https://sasolarexperts.co.za/product/625w-n-type-bifacial-power-astronergy-astro-n7-2-0-series/"
"","simple","","555w Jinko Solar Panel","1","0","visible","<p>555w Jinko Solar Panel</p>
<h3 data-path-to-node=""3""><b data-path-to-node=""3"" data-index-in-node=""0"">Product Overview</b></h3>
<p data-path-to-node=""4"">The PV1800 VPM series is a multi-functional inverter/charger, combining functions of inverter, solar charger, and battery charger to offer uninterruptible power support in a portable size. Its comprehensive LCD display offers user-configurable and easy-accessible button operation.</p>
<h3 data-path-to-node=""5""><b data-path-to-node=""5"" data-index-in-node=""0"">Key Technical Specifications</b></h3>
<ul data-path-to-node=""6"">
<li>
<p data-path-to-node=""6,0,0""><b data-path-to-node=""6,0,0"" data-index-in-node=""0"">Rated Power:</b> 1KW &#8211; 5KW</p>
</li>
<li>
<p data-path-to-node=""6,1,0""><b data-path-to-node=""6,1,0"" data-index-in-node=""0"">Output Voltage:</b> Pure Sine Wave</p>
</li>
<li>
<p data-path-to-node=""6,2,0""><b data-path-to-node=""6,2,0"" data-index-in-node=""0"">Solar Charging:</b> Built-in MPPT Solar Charge Controller (60A/80A)</p>
</li>
<li>
<p data-path-to-node=""6,3,0""><b data-path-to-node=""6,3,0"" data-index-in-node=""0"">PV Input:</b> High Voltage Range (Maximum PV Array Open Circuit Voltage: 145V)</p>
</li>
<li>
<p data-path-to-node=""6,4,0""><b data-path-to-node=""6,4,0"" data-index-in-node=""0"">Smart Features:</b> * Configurable AC/Solar input priority via LCD setting.</p>
</li>
</ul>","<h3 data-path-to-node=""3""><b data-path-to-node=""3"" data-index-in-node=""0"">Product Overview</b></h3>
<p data-path-to-node=""4"">The PV1800 VPM series is a multi-functional inverter/charger, combining functions of inverter, solar charger, and battery charger to offer uninterruptible power support in a portable size. Its comprehensive LCD display offers user-configurable and easy-accessible button operation.</p>
<h3 data-path-to-node=""5""><b data-path-to-node=""5"" data-index-in-node=""0"">Key Technical Specifications</b></h3>
<ul data-path-to-node=""6"">
<li>
<p data-path-to-node=""6,0,0""><b data-path-to-node=""6,0,0"" data-index-in-node=""0"">Rated Power:</b> 1KW &#8211; 5KW</p>
</li>
<li>
<p data-path-to-node=""6,1,0""><b data-path-to-node=""6,1,0"" data-index-in-node=""0"">Output Voltage:</b> Pure Sine Wave</p>
</li>
<li>
<p data-path-to-node=""6,2,0""><b data-path-to-node=""6,2,0"" data-index-in-node=""0"">Solar Charging:</b> Built-in MPPT Solar Charge Controller (60A/80A)</p>
</li>
<li>
<p data-path-to-node=""6,3,0""><b data-path-to-node=""6,3,0"" data-index-in-node=""0"">PV Input:</b> High Voltage Range (Maximum PV Array Open Circuit Voltage: 145V)</p>
</li>
<li>
<p data-path-to-node=""6,4,0""><b data-path-to-node=""6,4,0"" data-index-in-node=""0"">Smart Features:</b> * Configurable AC/Solar input priority via LCD setting.</p>
<ul data-path-to-node=""6,4,1"">
<li>
<p data-path-to-node=""6,4,1,0,0"">Compatible with mains voltage or generator power.</p>
</li>
<li>
<p data-path-to-node=""6,4,1,1,0"">Auto restart while AC is recovering.</p>
</li>
</ul>
</li>
<li>
<p data-path-to-node=""6,5,0""><b data-path-to-node=""6,5,0"" data-index-in-node=""0"">Protection:</b> Overload, over-temperature, and short circuit protection.</p>
</li>
<li>
<p data-path-to-node=""6,6,0""><b data-path-to-node=""6,6,0"" data-index-in-node=""0"">Battery Management:</b> Smart battery charger design for optimized battery performance.</p>
</li>
<li>
<p data-path-to-node=""6,7,0""><b data-path-to-node=""6,7,0"" data-index-in-node=""0"">Cold Start Function:</b> Supported.</p>
</li>
</ul>
<p data-path-to-node=""10"">The PH1800 PRO is a high-density hybrid solar inverter that can provide power to connected loads by utilizing PV power, utility power, and battery power. This series is designed for flexibility and can operate <b data-path-to-node=""10"" data-index-in-node=""210"">without a battery</b>, making it an ideal entry point for solar systems.</p>
<h3 data-path-to-node=""11""><b data-path-to-node=""11"" data-index-in-node=""0"">Key Technical Specifications</b></h3>
<ul data-path-to-node=""12"">
<li>
<p data-path-to-node=""12,0,0""><b data-path-to-node=""12,0,0"" data-index-in-node=""0"">Rated Power:</b> 3KW / 5.2KW</p>
</li>
<li>
<p data-path-to-node=""12,1,0""><b data-path-to-node=""12,1,0"" data-index-in-node=""0"">Output Type:</b> Pure Sine Wave</p>
</li>
<li>
<p data-path-to-node=""12,2,0""><b data-path-to-node=""12,2,0"" data-index-in-node=""0"">Maximum PV Input:</b> * Max PV Array Power: 5000W</p>
<ul data-path-to-node=""12,2,1"">
<li>
<p data-path-to-node=""12,2,1,0,0"">Max PV Array Open Circuit Voltage: 450V</p>
</li>
</ul>
</li>
<li>
<p data-path-to-node=""12,3,0""><b data-path-to-node=""12,3,0"" data-index-in-node=""0"">Smart Load Management:</b> Dual AC Outputs for intelligent load control.</p>
</li>
<li>
<p data-path-to-node=""12,4,0""><b data-path-to-node=""12,4,0"" data-index-in-node=""0"">Operating Modes:</b> * Solar, Grid, and Battery power sources to provide continuous power.</p>
<ul data-path-to-node=""12,4,1"">
<li>
<p data-path-to-node=""12,4,1,0,0""><b data-path-to-node=""12,4,1,0,0"" data-index-in-node=""0"">Battery-Free Operation:</b> Can power loads directly from PV/Grid without a battery connected.</p>
</li>
</ul>
</li>
<li>
<p data-path-to-node=""12,5,0""><b data-path-to-node=""12,5,0"" data-index-in-node=""0"">Connectivity:</b> * Built-in WiFi/Bluetooth for mobile monitoring (App available).</p>
<ul data-path-to-node=""12,5,1"">
<li>
<p data-path-to-node=""12,5,1,0,0"">Supports USB/RS485 monitoring functions.</p>
</li>
</ul>
</li>
<li>
<p data-path-to-node=""12,6,0""><b data-path-to-node=""12,6,0"" data-index-in-node=""0"">Parallel Capability:</b> Support for parallel operation (optional for specific models).</p>
</li>
<li>
<p data-path-to-node=""12,7,0""><b data-path-to-node=""12,7,0"" data-index-in-node=""0"">Transfer Time:</b> &lt;10ms (UPS-level seamless switching).</p>
</li>
</ul>
<hr data-path-to-node=""13"" />
<h2 data-path-to-node=""14""><b data-path-to-node=""14"" data-index-in-node=""0"">Quick Comparison Table for Website Shop</b></h2>
<table data-path-to-node=""15"">
<thead>
<tr>
<td><strong>Feature</strong></td>
<td><strong>PV1800 VPM Series</strong></td>
<td><strong>PH1800 PRO Series</strong></td>
</tr>
</thead>
<tbody>
<tr>
<td><span data-path-to-node=""15,1,0,0""><b data-path-to-node=""15,1,0,0"" data-index-in-node=""0"">Power Range</b></span></td>
<td><span data-path-to-node=""15,1,1,0"">1kW &#8211; 5kW</span></td>
<td><span data-path-to-node=""15,1,2,0"">3kW &#8211; 5.2kW</span></td>
</tr>
<tr>
<td><span data-path-to-node=""15,2,0,0""><b data-path-to-node=""15,2,0,0"" data-index-in-node=""0"">Battery Needed?</b></span></td>
<td><span data-path-to-node=""15,2,1,0"">Required</span></td>
<td><span data-path-to-node=""15,2,2,0"">Optional (Works without battery)</span></td>
</tr>
<tr>
<td><span data-path-to-node=""15,3,0,0""><b data-path-to-node=""15,3,0,0"" data-index-in-node=""0"">PV Input Voltage</b></span></td>
<td><span data-path-to-node=""15,3,1,0"">Up to 145V</span></td>
<td><span data-path-to-node=""15,3,2,0"">Up to 450V (High Voltage)</span></td>
</tr>
<tr>
<td><span data-path-to-node=""15,4,0,0""><b data-path-to-node=""15,4,0,0"" data-index-in-node=""0"">Output Type</b></span></td>
<td><span data-path-to-node=""15,4,1,0"">Pure Sine Wave</span></td>
<td><span data-path-to-node=""15,4,2,0"">Pure Sine Wave</span></td>
</tr>
<tr>
<td><span data-path-to-node=""15,5,0,0""><b data-path-to-node=""15,5,0,0"" data-index-in-node=""0"">Monitoring</b></span></td>
<td><span data-path-to-node=""15,5,1,0"">LCD Display</span></td>
<td><span data-path-to-node=""15,5,2,0"">WiFi / Bluetooth / App</span></td>
</tr>
<tr>
<td><span data-path-to-node=""15,6,0,0""><b data-path-to-node=""15,6,0,0"" data-index-in-node=""0"">Smart Load</b></span></td>
<td><span data-path-to-node=""15,6,1,0"">AC/Solar Priority</span></td>
<td><span data-path-to-node=""15,6,2,0"">Dual AC Outputs</span></td>
</tr>
</tbody>
</table>","","","taxable","","1","","","0","0","","","","","1","","","1830.00","Solar Panels","Solar Panel","","https://sasolarexperts.co.za/wp-content/uploads/2026/05/555w-Jinko-solar-panel.webp","","","","","","","","","0","Jinko Solar Panel","4301","https://sasolarexperts.co.za/product/555w-jinko-solar-panel/"
"","simple","","3.6KVA 24v Luxpower inverter","1","0","visible","<p><span class=""citation-76"">The </span><b data-path-to-node=""0"" data-index-in-node=""4""><span class=""citation-76"">Luxpower 3.6kW GETA (24V)</span></b><span class=""citation-76 citation-end-76""> is a popular off-grid inverter in South Africa, specifically designed for 24V battery systems.</span> <span class=""citation-75 citation-end-75"">It is frequently used for residential backup and small-scale solar setups because it bridges the gap between basic off-grid units and more expensive hybrid systems.</span></p>","<p id=""p-rc_b15d3db0f614605f-53"" data-path-to-node=""0""><span class=""citation-76"">The </span><b data-path-to-node=""0"" data-index-in-node=""4""><span class=""citation-76"">Luxpower 3.6kW GETA (24V)</span></b><span class=""citation-76 citation-end-76""> is a popular off-grid inverter in South Africa, specifically designed for 24V battery systems.</span> <span class=""citation-75 citation-end-75"">It is frequently used for residential backup and small-scale solar setups because it bridges the gap between basic off-grid units and more expensive hybrid systems.</span></p>
<h3 data-path-to-node=""1""><b data-path-to-node=""1"" data-index-in-node=""0"">Technical Specifications</b></h3>
<table data-path-to-node=""2"">
<thead>
<tr>
<td><strong>Feature</strong></td>
<td><strong>Specification</strong></td>
</tr>
</thead>
<tbody>
<tr>
<td><span data-path-to-node=""2,1,0,0""><b data-path-to-node=""2,1,0,0"" data-index-in-node=""0"">Rated Output Power</b></span></td>
<td><span data-path-to-node=""2,1,1,0"">3600 W</span></td>
</tr>
<tr>
<td><span data-path-to-node=""2,2,0,0""><b data-path-to-node=""2,2,0,0"" data-index-in-node=""0"">Surge Power</b></span></td>
<td><span data-path-to-node=""2,2,1,0"">7200 W (for 2 seconds)</span></td>
</tr>
<tr>
<td><span data-path-to-node=""2,3,0,0""><b data-path-to-node=""2,3,0,0"" data-index-in-node=""0"">Rated Battery Voltage</b></span></td>
<td><span data-path-to-node=""2,3,1,0"">24 V (Lithium or Lead-Acid)</span></td>
</tr>
<tr>
<td><span data-path-to-node=""2,4,0,0""><b data-path-to-node=""2,4,0,0"" data-index-in-node=""0"">Max PV Array Power</b></span></td>
<td><span data-path-to-node=""2,4,1,0"">4000 W</span></td>
</tr>
<tr>
<td><span data-path-to-node=""2,5,0,0""><b data-path-to-node=""2,5,0,0"" data-index-in-node=""0"">Max PV Input Voltage</b></span></td>
<td><span data-path-to-node=""2,5,1,0"">500 V</span></td>
</tr>
<tr>
<td><span data-path-to-node=""2,6,0,0""><b data-path-to-node=""2,6,0,0"" data-index-in-node=""0"">MPPT Voltage Range</b></span></td>
<td><span data-path-to-node=""2,6,1,0"">55 V – 440 V</span></td>
</tr>
<tr>
<td><span data-path-to-node=""2,7,0,0""><b data-path-to-node=""2,7,0,0"" data-index-in-node=""0"">Start-up Voltage</b></span></td>
<td><span data-path-to-node=""2,7,1,0"">65 V</span></td>
</tr>
<tr>
<td><span data-path-to-node=""2,8,0,0""><b data-path-to-node=""2,8,0,0"" data-index-in-node=""0"">Max PV Input Current</b></span></td>
<td><span data-path-to-node=""2,8,1,0"">18 A (Short circuit: 20 A)</span></td>
</tr>
<tr>
<td><span data-path-to-node=""2,9,0,0""><b data-path-to-node=""2,9,0,0"" data-index-in-node=""0"">Max Charge/Discharge Current</b></span></td>
<td><span data-path-to-node=""2,9,1,0"">100 A</span></td>
</tr>
<tr>
<td><span data-path-to-node=""2,10,0,0""><b data-path-to-node=""2,10,0,0"" data-index-in-node=""0"">Transfer Time (UPS)</b></span></td>
<td><span data-path-to-node=""2,10,1,0"">&lt; 10 ms</span></td>
</tr>
<tr>
<td><span data-path-to-node=""2,11,0,0""><b data-path-to-node=""2,11,0,0"" data-index-in-node=""0"">Efficiency (Max)</b></span></td>
<td><span data-path-to-node=""2,11,1,0"">96% (Charge) / 93% (Discharge)</span></td>
</tr>
</tbody>
</table>
<h3 data-path-to-node=""3""><b data-path-to-node=""3"" data-index-in-node=""0"">Key Features &amp; Benefits</b></h3>
<ul data-path-to-node=""4"">
<li>
<p id=""p-rc_b15d3db0f614605f-54"" data-path-to-node=""4,0,0""><b data-path-to-node=""4,0,0"" data-index-in-node=""0""><span class=""citation-74"">Dual Outputs:</span></b><span class=""citation-74 citation-end-74""> It features two AC outputs, allowing you to prioritize essential loads (like your fridge and lights) during load shedding, while shedding non-essential loads.</span></p>
</li>
<li>
<p id=""p-rc_b15d3db0f614605f-55"" data-path-to-node=""4,1,0""><b data-path-to-node=""4,1,0"" data-index-in-node=""0""><span class=""citation-73"">Battery Flexibility:</span></b><span class=""citation-73 citation-end-73""> Compatible with both traditional lead-acid and modern 24V lithium-ion batteries.</span> It supports CAN/RS485 communication for smart BMS integration.</p>
</li>
<li>
<p id=""p-rc_b15d3db0f614605f-56"" data-path-to-node=""4,2,0""><b data-path-to-node=""4,2,0"" data-index-in-node=""0""><span class=""citation-72"">Smart Features:</span></b><span class=""citation-72 citation-end-72""> Includes &#8220;Force Wake-up&#8221; functions from both PV and Grid, which is very helpful for reviving &#8220;asleep&#8221; lithium batteries.</span></p>
</li>
<li>
<p id=""p-rc_b15d3db0f614605f-57"" data-path-to-node=""4,3,0""><b data-path-to-node=""4,3,0"" data-index-in-node=""0"">Remote Monitoring:</b><span class=""citation-71""> It includes built-in Wi-Fi connectivity for the </span><b data-path-to-node=""4,3,0"" data-index-in-node=""67""><span class=""citation-71"">LuxCloud</span></b><span class=""citation-71 citation-end-71""> app, allowing you to monitor your system’s performance in real-time from your phone or PC.</span></p>
</li>
<li>
<p id=""p-rc_b15d3db0f614605f-58"" data-path-to-node=""4,4,0""><b data-path-to-node=""4,4,0"" data-index-in-node=""0""><span class=""citation-70"">Dimensions/Weight:</span></b><span class=""citation-70""> Compact design at </span><b data-path-to-node=""4,4,0"" data-index-in-node=""37""><span class=""citation-70"">307 × 418 × 111 mm</span></b><span class=""citation-70""> and lightweight at roughly </span><b data-path-to-node=""4,4,0"" data-index-in-node=""83""><span class=""citation-70"">7.3 kg</span></b><span class=""citation-70 citation-end-70"">.</span></p>
</li>
</ul>","","","taxable","","1","","","0","0","","","","","1","","","3950.00","Inverters","inverter, Inverters, LuxPower","","https://sasolarexperts.co.za/wp-content/uploads/2026/05/3.6kw-24v-Luxpower-inverter.webp","","","","","","","","","0","Luxpower","4328","https://sasolarexperts.co.za/product/3-6kw-24v-luxpower-inverter/"
"","simple","","Deye 125kW 3Ph HV Hybrid Inverter","1","0","visible","<p>The <b data-path-to-node=""0"" data-index-in-node=""119"">Deye 125kW (125kVA) Three-Phase HV Hybrid Inverter</b> (often referenced as model <b data-path-to-node=""0"" data-index-in-node=""197"">SUN-125K-SG02HP3-EU-GM10</b>) is designed for large-scale commercial and industrial applications.</p>","<p data-path-to-node=""0""> The <b data-path-to-node=""0"" data-index-in-node=""119"">Deye 125kW (125kVA) Three-Phase HV Hybrid Inverter</b> (often referenced as model <b data-path-to-node=""0"" data-index-in-node=""197"">SUN-125K-SG02HP3-EU-GM10</b>) is designed for large-scale commercial and industrial applications.</p>
<p data-path-to-node=""1"">Below is a consolidated technical specification table suitable for your product page.</p>
<h3 data-path-to-node=""2""><b data-path-to-node=""2"" data-index-in-node=""0"">Technical Specifications: Deye 125kW HV Hybrid Inverter</b></h3>
<table data-path-to-node=""3"">
<thead>
<tr>
<td><strong>Category</strong></td>
<td><strong>Specification</strong></td>
</tr>
</thead>
<tbody>
<tr>
<td><span data-path-to-node=""3,1,0,0""><b data-path-to-node=""3,1,0,0"" data-index-in-node=""0"">Model</b></span></td>
<td><span data-path-to-node=""3,1,1,0"">SUN-125K-SG02HP3-EU-GM10</span></td>
</tr>
<tr>
<td><span data-path-to-node=""3,2,0,0""><b data-path-to-node=""3,2,0,0"" data-index-in-node=""0"">Rated Output Power</b></span></td>
<td><span data-path-to-node=""3,2,1,0"">125,000 W (125 kW)</span></td>
</tr>
<tr>
<td><span data-path-to-node=""3,3,0,0""><b data-path-to-node=""3,3,0,0"" data-index-in-node=""0"">Max. Apparent Power</b></span></td>
<td><span data-path-to-node=""3,3,1,0"">135,000 VA</span></td>
</tr>
<tr>
<td><span data-path-to-node=""3,4,0,0""><b data-path-to-node=""3,4,0,0"" data-index-in-node=""0"">Battery Type</b></span></td>
<td><span data-path-to-node=""3,4,1,0"">High-Voltage Lithium-ion</span></td>
</tr>
<tr>
<td><span data-path-to-node=""3,5,0,0""><b data-path-to-node=""3,5,0,0"" data-index-in-node=""0"">Battery Voltage Range</b></span></td>
<td><span data-path-to-node=""3,5,1,0"">160 – 1000 V</span></td>
</tr>
<tr>
<td><span data-path-to-node=""3,6,0,0""><b data-path-to-node=""3,6,0,0"" data-index-in-node=""0"">Max. Charge/Discharge Current</b></span></td>
<td><span data-path-to-node=""3,6,1,0"">100 A + 100 A</span></td>
</tr>
<tr>
<td><span data-path-to-node=""3,7,0,0""><b data-path-to-node=""3,7,0,0"" data-index-in-node=""0"">PV Input (Max. Power)</b></span></td>
<td><span data-path-to-node=""3,7,1,0"">Up to 200,000 W</span></td>
</tr>
<tr>
<td><span data-path-to-node=""3,8,0,0""><b data-path-to-node=""3,8,0,0"" data-index-in-node=""0"">MPPT Trackers</b></span></td>
<td><span data-path-to-node=""3,8,1,0"">10 (2 strings per MPPT)</span></td>
</tr>
<tr>
<td><span data-path-to-node=""3,9,0,0""><b data-path-to-node=""3,9,0,0"" data-index-in-node=""0"">MPPT Voltage Range</b></span></td>
<td><span data-path-to-node=""3,9,1,0"">150 – 850 V</span></td>
</tr>
<tr>
<td><span data-path-to-node=""3,10,0,0""><b data-path-to-node=""3,10,0,0"" data-index-in-node=""0"">AC Output Voltage</b></span></td>
<td><span data-path-to-node=""3,10,1,0"">220/380V, 230/400V (3L+N+PE)</span></td>
</tr>
<tr>
<td><span data-path-to-node=""3,11,0,0""><b data-path-to-node=""3,11,0,0"" data-index-in-node=""0"">Max. AC Passthrough</b></span></td>
<td><span data-path-to-node=""3,11,1,0"">250 A</span></td>
</tr>
<tr>
<td><span data-path-to-node=""3,12,0,0""><b data-path-to-node=""3,12,0,0"" data-index-in-node=""0"">Max. Efficiency</b></span></td>
<td><span data-path-to-node=""3,12,1,0"">98.7%</span></td>
</tr>
<tr>
<td><span data-path-to-node=""3,13,0,0""><b data-path-to-node=""3,13,0,0"" data-index-in-node=""0"">Protection Rating</b></span></td>
<td><span data-path-to-node=""3,13,1,0"">IP65 (Outdoor rated)</span></td>
</tr>
<tr>
<td><span data-path-to-node=""3,14,0,0""><b data-path-to-node=""3,14,0,0"" data-index-in-node=""0"">Operating Temperature</b></span></td>
<td><span data-path-to-node=""3,14,1,0"">-40°C to +60°C</span></td>
</tr>
<tr>
<td><span data-path-to-node=""3,15,0,0""><b data-path-to-node=""3,15,0,0"" data-index-in-node=""0"">Dimensions (W×H×D)</b></span></td>
<td><span data-path-to-node=""3,15,1,0"">734 × 1091 × 344 mm</span></td>
</tr>
<tr>
<td><span data-path-to-node=""3,16,0,0""><b data-path-to-node=""3,16,0,0"" data-index-in-node=""0"">Weight</b></span></td>
<td><span data-path-to-node=""3,16,1,0"">~161.7 kg</span></td>
</tr>
</tbody>
</table>
<h3 data-path-to-node=""5""><b data-path-to-node=""5"" data-index-in-node=""0"">Key Features for Your Product Description</b></h3>
<ul data-path-to-node=""6"">
<li>
<p data-path-to-node=""6,0,0""><b data-path-to-node=""6,0,0"" data-index-in-node=""0"">Commercial Scale Power:</b> Delivers 125kW of reliable three-phase power, ideal for factories, farms, and industrial setups.</p>
</li>
<li>
<p data-path-to-node=""6,1,0""><b data-path-to-node=""6,1,0"" data-index-in-node=""0"">High-Voltage Efficiency:</b> Supports high-voltage battery storage for improved efficiency and safer, more stable system operation.</p>
</li>
<li>
<p data-path-to-node=""6,2,0""><b data-path-to-node=""6,2,0"" data-index-in-node=""0"">Maximum Harvest:</b> Features 10 independent MPPT trackers, allowing for complex solar array designs and optimal energy yield across different roof orientations.</p>
</li>
<li>
<p data-path-to-node=""6,3,0""><b data-path-to-node=""6,3,0"" data-index-in-node=""0"">Intelligent Management:</b> Built-in Energy Management System (EMS) supports zero-export capability, peak shaving, and time-of-use (TOU) optimization.</p>
</li>
<li>
<p data-path-to-node=""6,4,0""><b data-path-to-node=""6,4,0"" data-index-in-node=""0"">Scalability:</b> Supports parallel operation for large-scale energy projects.</p>
</li>
<li>
<p data-path-to-node=""6,5,0""><b data-path-to-node=""6,5,0"" data-index-in-node=""0"">Rugged Reliability:</b> IP65-rated enclosure ensures protection against dust and moisture, making it suitable for demanding outdoor environments.</p>
</li>
</ul>","","","taxable","","1","","","0","0","","","","","1","","135000.00","165900.00","Inverters","125KW, Deye","","https://sasolarexperts.co.za/wp-content/uploads/2026/06/DEYE-125KW-e1782124793488.png","","","","","","","","","0","Deye","4330","https://sasolarexperts.co.za/product/deye-125kw-3ph-hv-hybrid-inverter/"
"","simple","","5KWH Sunwoda Rack mount Battery","1","0","visible","<p>Sunwoda Atrix series adopts a flexible modular design, which can be expanded from 5 kWh of a single module to 40 kWh of 8 battery modules.</p>","<h3 data-path-to-node=""1""><b data-path-to-node=""1"" data-index-in-node=""0"">Technical Specifications: Sunwoda 5kWh Battery</b></h3>
<table data-path-to-node=""2"">
<thead>
<tr>
<td><strong>Feature</strong></td>
<td><strong>Specification</strong></td>
</tr>
</thead>
<tbody>
<tr>
<td><span data-path-to-node=""2,1,0,0""><b data-path-to-node=""2,1,0,0"" data-index-in-node=""0"">Battery Chemistry</b></span></td>
<td><span data-path-to-node=""2,1,1,0"">Lithium Iron Phosphate (LiFePO4/LFP)</span></td>
</tr>
<tr>
<td><span data-path-to-node=""2,2,0,0""><b data-path-to-node=""2,2,0,0"" data-index-in-node=""0"">Nominal Energy</b></span></td>
<td><span data-path-to-node=""2,2,1,0"">5.12 kWh</span></td>
</tr>
<tr>
<td><span data-path-to-node=""2,3,0,0""><b data-path-to-node=""2,3,0,0"" data-index-in-node=""0"">Nominal Voltage</b></span></td>
<td><span data-path-to-node=""2,3,1,0"">51.2 V</span></td>
</tr>
<tr>
<td><span data-path-to-node=""2,4,0,0""><b data-path-to-node=""2,4,0,0"" data-index-in-node=""0"">Nominal Capacity</b></span></td>
<td><span data-path-to-node=""2,4,1,0"">100 Ah</span></td>
</tr>
<tr>
<td><span data-path-to-node=""2,5,0,0""><b data-path-to-node=""2,5,0,0"" data-index-in-node=""0"">Charge/Discharge Cut-off</b></span></td>
<td><span data-path-to-node=""2,5,1,0"">44.8 V – 55.2 V</span></td>
</tr>
<tr>
<td><span data-path-to-node=""2,6,0,0""><b data-path-to-node=""2,6,0,0"" data-index-in-node=""0"">Rated Charge/Discharge Current</b></span></td>
<td><span data-path-to-node=""2,6,1,0"">50 A / 50 A</span></td>
</tr>
<tr>
<td><span data-path-to-node=""2,7,0,0""><b data-path-to-node=""2,7,0,0"" data-index-in-node=""0"">Max. Charge/Discharge Current</b></span></td>
<td><span data-path-to-node=""2,7,1,0"">100 A / 100 A</span></td>
</tr>
<tr>
<td><span data-path-to-node=""2,8,0,0""><b data-path-to-node=""2,8,0,0"" data-index-in-node=""0"">Roundtrip Efficiency</b></span></td>
<td><span data-path-to-node=""2,8,1,0"">&gt; 95%</span></td>
</tr>
<tr>
<td><span data-path-to-node=""2,9,0,0""><b data-path-to-node=""2,9,0,0"" data-index-in-node=""0"">Communication Interface</b></span></td>
<td><span data-path-to-node=""2,9,1,0"">CAN 2.0 / RS485</span></td>
</tr>
<tr>
<td><span data-path-to-node=""2,10,0,0""><b data-path-to-node=""2,10,0,0"" data-index-in-node=""0"">Scalability</b></span></td>
<td><span data-path-to-node=""2,10,1,0"">Up to 8 units in parallel (max 40.96 kWh)</span></td>
</tr>
<tr>
<td><span data-path-to-node=""2,11,0,0""><b data-path-to-node=""2,11,0,0"" data-index-in-node=""0"">Cycle Life</b></span></td>
<td><span data-path-to-node=""2,11,1,0"">6000+ cycles (typical)</span></td>
</tr>
<tr>
<td><span data-path-to-node=""2,12,0,0""><b data-path-to-node=""2,12,0,0"" data-index-in-node=""0"">IP Rating</b></span></td>
<td><span data-path-to-node=""2,12,1,0"">IP20 (Indoor use)</span></td>
</tr>
<tr>
<td><span data-path-to-node=""2,13,0,0""><b data-path-to-node=""2,13,0,0"" data-index-in-node=""0"">Operating Temperature</b></span></td>
<td><span data-path-to-node=""2,13,1,0"">-10°C to 50°C</span></td>
</tr>
<tr>
<td><span data-path-to-node=""2,14,0,0""><b data-path-to-node=""2,14,0,0"" data-index-in-node=""0"">Dimensions (approx.)</b></span></td>
<td><span data-path-to-node=""2,14,1,0"">~433 × 482 × 135 mm</span></td>
</tr>
<tr>
<td><span data-path-to-node=""2,15,0,0""><b data-path-to-node=""2,15,0,0"" data-index-in-node=""0"">Weight</b></span></td>
<td><span data-path-to-node=""2,15,1,0"">~45 kg</span></td>
</tr>
</tbody>
</table>
<h3 data-path-to-node=""4""></h3>
<ul data-path-to-node=""5"">
<li>
<p data-path-to-node=""5,0,0""><b data-path-to-node=""5,0,0"" data-index-in-node=""0"">Safety First:</b> Utilizes LiFePO4 chemistry, known for high thermal stability and fire safety compared to older lithium-ion technologies.</p>
</li>
<li>
<p data-path-to-node=""5,1,0""><b data-path-to-node=""5,1,0"" data-index-in-node=""0"">Cost-Effective:</b> Often marketed as a &#8220;budget-friendly&#8221; option that does not compromise on build quality or &#8220;A-grade&#8221; cell performance.</p>
</li>
<li>
<p data-path-to-node=""5,2,0""><b data-path-to-node=""5,2,0"" data-index-in-node=""0"">Scalable Power:</b> The modular design allows you to start with one 5kWh unit and expand up to 40kWh+ as your power requirements grow.</p>
</li>
<li>
<p data-path-to-node=""5,3,0""><b data-path-to-node=""5,3,0"" data-index-in-node=""0"">Wide Compatibility:</b> Features standard CAN/RS485 communication, making it compatible with most major brands of hybrid inverters (e.g., Luxpower, Deye, Sunsynk).</p>
</li>
<li>
<p data-path-to-node=""5,4,0""><b data-path-to-node=""5,4,0"" data-index-in-node=""0"">Easy Installation:</b> Designed for standard 19-inch rack mounting, offering a clean, professional &#8220;plug-and-play&#8221; installation.</p>
</li>
</ul>","","","taxable","","0","","","0","0","","","","","1","","","8600.00","Batteries","batteries, battery","","https://sasolarexperts.co.za/wp-content/uploads/2026/05/SunwodaAtrix-5LithiumIonBattery5_12KWH51_2V100AH1CRackMount2.webp","","","","","","","","","0","Sunwoda","4332","https://sasolarexperts.co.za/product/5kwh-sunwoda-rack-mount-battery/"
"","simple","","Dyness 24V 100Ah 2.56Kw DL2.5 Lithium Battery","1","0","visible","<p><strong>Dyness DL2.5kWh Lithium Battery</strong> is a compact, high-performance LiFePO₄ battery designed for residential and commercial solar energy storage. It offers reliable backup power, over 6,000 life cycles, intelligent BMS protection, and easy expansion for growing energy needs. Compatible with most leading inverter brands, it delivers safe, efficient, and maintenance-free performance.</p>","<h3 class=""PDq2pG_selectionAnchorContainer"" data-section-id=""1k8uwy3"" data-start=""36"" data-end=""59"">Product Description</h3>
<p data-start=""61"" data-end=""630"">The <strong data-start=""65"" data-end=""100"">Dyness DL2.5kWh Lithium Battery</strong> is a premium low-voltage energy storage solution designed for residential and commercial solar applications. Utilizing advanced LiFePO₄ (Lithium Iron Phosphate) technology, it provides exceptional safety, long service life, and reliable backup power. Its compact, modular design allows for easy installation and future expansion, making it an ideal choice for hybrid, off-grid, and backup power systems. Compatible with most leading inverter brands, the Dyness DL2.5 delivers dependable performance and maximum energy efficiency.</p>
<p>&nbsp;</p>
<table>
<thead>
<tr>
<th>Specification</th>
<th>Details</th>
</tr>
</thead>
<tbody>
<tr>
<td>Model</td>
<td>Dyness DL2.5</td>
</tr>
<tr>
<td>Battery Chemistry</td>
<td>Lithium Iron Phosphate (LiFePO₄)</td>
</tr>
<tr>
<td>Nominal Voltage</td>
<td>51.2V</td>
</tr>
<tr>
<td>Nominal Capacity</td>
<td>50Ah</td>
</tr>
<tr>
<td>Nominal Energy</td>
<td>2.56kWh</td>
</tr>
<tr>
<td>Usable Energy</td>
<td>2.3kWh</td>
</tr>
<tr>
<td>Recommended Depth of Discharge</td>
<td>90–95%</td>
</tr>
<tr>
<td>Cycle Life</td>
<td>≥6,000 Cycles</td>
</tr>
<tr>
<td>Charge Current</td>
<td>50A</td>
</tr>
<tr>
<td>Discharge Current</td>
<td>50A</td>
</tr>
<tr>
<td>Peak Discharge Current</td>
<td>75A (Short Duration)</td>
</tr>
<tr>
<td>Communication</td>
<td>CAN / RS485</td>
</tr>
<tr>
<td>Expandable</td>
<td>Up to 50 Units in Parallel</td>
</tr>
<tr>
<td>Cooling</td>
<td>Natural Cooling</td>
</tr>
<tr>
<td>Protection Rating</td>
<td>IP20</td>
</tr>
<tr>
<td>Installation</td>
<td>Wall or Floor Mounted</td>
</tr>
<tr>
<td>Operating Temperature</td>
<td>Charge: 0°C~55°C / Discharge: -20°C~55°C</td>
</tr>
<tr>
<td>Warranty</td>
<td>Up to 10 Years</td>
</tr>
</tbody>
</table>","","","taxable","","1","","","0","0","","","","","1","","","7740.00","Lithium Batteries","24V Lithium, Dyness, lithium batteries","","https://sasolarexperts.co.za/wp-content/uploads/2026/07/dl2.5.png","","","","","","","","","0","Dyness","4475","https://sasolarexperts.co.za/product/dyness-24v-100ah-2-56kw-dl2-5-lithium-battery/"
